t,ts,score,y_within_K,stage,thr_whole-capture-10pct,alarm_whole-capture-10pct,thr_expanding-10pct,alarm_expanding-10pct,thr_trailing120-10pct,alarm_trailing120-10pct,thr_trailing60-10pct,alarm_trailing60-10pct,thr_expanding-5pct,alarm_expanding-5pct,thr_train-quantile-5pct,alarm_train-quantile-5pct
0,2017-07-06 11:59:00,0.01151665672659874,0,0,0.045504128932952866,0,,0,,0,,0,,0,0.5168527364730835,0
1,2017-07-06 11:59:30,0.005817668978124857,0,0,0.045504128932952866,0,,0,,0,,0,,0,0.5168527364730835,0
2,2017-07-06 12:00:00,0.004776496905833483,0,0,0.045504128932952866,0,,0,,0,,0,,0,0.5168527364730835,0
3,2017-07-06 12:00:30,0.00424896040931344,0,0,0.045504128932952866,0,,0,,0,,0,,0,0.5168527364730835,0
4,2017-07-06 12:01:00,0.008457065559923649,0,0,0.045504128932952866,0,,0,,0,,0,,0,0.5168527364730835,0
5,2017-07-06 12:01:30,0.004322371911257505,0,0,0.045504128932952866,0,,0,,0,,0,,0,0.5168527364730835,0
6,2017-07-06 12:02:00,0.003893451299518347,0,0,0.045504128932952866,0,,0,,0,,0,,0,0.5168527364730835,0
7,2017-07-06 12:02:30,0.003304432611912489,0,0,0.045504128932952866,0,,0,,0,,0,,0,0.5168527364730835,0
8,2017-07-06 12:03:00,0.0031349975615739822,0,0,0.045504128932952866,0,,0,,0,,0,,0,0.5168527364730835,0
9,2017-07-06 12:03:30,0.003121353453025222,0,0,0.045504128932952866,0,,0,,0,,0,,0,0.5168527364730835,0
10,2017-07-06 12:04:00,0.003293682588264346,0,0,0.045504128932952866,0,,0,,0,,0,,0,0.5168527364730835,0
11,2017-07-06 12:04:30,0.0036446123849600554,0,0,0.045504128932952866,0,,0,,0,,0,,0,0.5168527364730835,0
12,2017-07-06 12:05:00,0.004467924125492573,0,0,0.045504128932952866,0,,0,,0,,0,,0,0.5168527364730835,0
13,2017-07-06 12:05:30,0.003927568905055523,0,0,0.045504128932952866,0,,0,,0,,0,,0,0.5168527364730835,0
14,2017-07-06 12:06:00,0.0033215496223419905,0,0,0.045504128932952866,0,,0,,0,,0,,0,0.5168527364730835,0
15,2017-07-06 12:06:30,0.0031313207000494003,0,0,0.045504128932952866,0,,0,,0,,0,,0,0.5168527364730835,0
16,2017-07-06 12:07:00,0.0031256594229489565,0,0,0.045504128932952866,0,,0,,0,,0,,0,0.5168527364730835,0
17,2017-07-06 12:07:30,0.003119977656751871,0,0,0.045504128932952866,0,,0,,0,,0,,0,0.5168527364730835,0
18,2017-07-06 12:08:00,0.003037035930901766,0,0,0.045504128932952866,0,,0,,0,,0,,0,0.5168527364730835,0
19,2017-07-06 12:08:30,0.0028617260977625847,0,0,0.045504128932952866,0,,0,,0,,0,,0,0.5168527364730835,0
20,2017-07-06 12:09:00,0.002928412053734064,0,0,0.045504128932952866,0,0.00608160863630474,0,0.00608160863630474,0,0.00608160863630474,0,0.008610045118257406,0,0.5168527364730835,0
21,2017-07-06 12:09:30,0.002965709427371621,0,0,0.045504128932952866,0,0.005817668978124857,0,0.005817668978124857,0,0.005817668978124857,0,0.008457065559923649,0,0.5168527364730835,0
22,2017-07-06 12:10:00,0.0029363285284489393,0,0,0.045504128932952866,0,0.005713551770895722,0,0.005713551770895722,0,0.005713551770895722,0,0.008325095730833707,0,0.5168527364730835,0
23,2017-07-06 12:10:30,0.0028752232901751995,0,0,0.045504128932952866,0,0.005609434563666583,0,0.005609434563666583,0,0.005609434563666583,0,0.008193125901743765,0,0.5168527364730835,0
24,2017-07-06 12:11:00,0.0027950743678957224,0,0,0.045504128932952866,0,0.005505317356437444,0,0.005505317356437444,0,0.005505317356437444,0,0.008061156072653824,0,0.5168527364730835,0
25,2017-07-06 12:11:30,0.0028368167113512754,0,0,0.045504128932952866,0,0.005401200149208309,0,0.005401200149208309,0,0.005401200149208309,0,0.007929186243563882,0,0.5168527364730835,0
26,2017-07-06 12:12:00,0.0027715913020074368,0,0,0.045504128932952866,0,0.00529708294197917,0,0.00529708294197917,0,0.00529708294197917,0,0.007797216414473951,0,0.5168527364730835,0
27,2017-07-06 12:12:30,0.0025279163382947445,0,0,0.045504128932952866,0,0.005192965734750035,0,0.005192965734750035,0,0.005192965734750035,0,0.007665246585384009,0,0.5168527364730835,0
28,2017-07-06 12:13:00,0.0026351583655923605,0,0,0.045504128932952866,0,0.005088848527520896,0,0.005088848527520896,0,0.005088848527520896,0,0.0075332767562940675,0,0.5168527364730835,0
29,2017-07-06 12:13:30,0.0027217534370720387,0,0,0.045504128932952866,0,0.004984731320291757,0,0.004984731320291757,0,0.004984731320291757,0,0.007401306927204127,0,0.5168527364730835,0
30,2017-07-06 12:14:00,0.002808542689308524,0,0,0.045504128932952866,0,0.004880614113062622,0,0.004880614113062622,0,0.004880614113062622,0,0.007269337098114185,0,0.5168527364730835,0
31,2017-07-06 12:14:30,0.002827978925779462,0,0,0.045504128932952866,0,0.004776496905833483,0,0.004776496905833483,0,0.004776496905833483,0,0.007137367269024253,0,0.5168527364730835,0
32,2017-07-06 12:15:00,0.0028443210758268833,0,0,0.045504128932952866,0,0.004745639627799393,0,0.004745639627799393,0,0.004745639627799393,0,0.007005397439934311,0,0.5168527364730835,0
33,2017-07-06 12:15:30,0.0029027299024164677,0,0,0.045504128932952866,0,0.004714782349765301,0,0.004714782349765301,0,0.004714782349765301,0,0.0068734276108443695,0,0.5168527364730835,0
34,2017-07-06 12:16:00,0.0028402949683368206,0,0,0.045504128932952866,0,0.00468392507173121,0,0.00468392507173121,0,0.00468392507173121,0,0.006741457781754429,0,0.5168527364730835,0
35,2017-07-06 12:16:30,0.0031447354704141617,0,0,0.045504128932952866,0,0.004653067793697119,0,0.004653067793697119,0,0.004653067793697119,0,0.006609487952664487,0,0.5168527364730835,0
36,2017-07-06 12:17:00,0.0030410215258598328,0,0,0.045504128932952866,0,0.004622210515663028,0,0.004622210515663028,0,0.004622210515663028,0,0.006477518123574555,0,0.5168527364730835,0
37,2017-07-06 12:17:30,0.0029327417723834515,0,0,0.045504128932952866,0,0.004591353237628937,0,0.004591353237628937,0,0.004591353237628937,0,0.006345548294484604,0,0.5168527364730835,0
38,2017-07-06 12:18:00,0.002850969322025776,0,0,0.045504128932952866,0,0.0045604959595948475,0,0.0045604959595948475,0,0.0045604959595948475,0,0.006213578465394672,0,0.5168527364730835,0
39,2017-07-06 12:18:30,0.003128986805677414,0,2,0.045504128932952866,0,0.004529638681560756,0,0.004529638681560756,0,0.004529638681560756,0,0.00608160863630474,0,0.5168527364730835,0
40,2017-07-06 12:19:00,0.0031140984501689672,0,2,0.045504128932952866,0,0.004498781403526665,0,0.004498781403526665,0,0.004498781403526665,0,0.005949638807214789,0,0.5168527364730835,0
41,2017-07-06 12:19:30,0.0032194643281400204,0,0,0.045504128932952866,0,0.004467924125492573,0,0.004467924125492573,0,0.004467924125492573,0,0.005817668978124857,0,0.5168527364730835,0
42,2017-07-06 12:20:00,0.0033229063265025616,0,0,0.045504128932952866,0,0.004453368904069066,0,0.004453368904069066,0,0.004453368904069066,0,0.005765610374510284,0,0.5168527364730835,0
43,2017-07-06 12:20:30,0.003213015617802739,0,2,0.045504128932952866,0,0.00443881368264556,0,0.00443881368264556,0,0.00443881368264556,0,0.005713551770895718,0,0.5168527364730835,0
44,2017-07-06 12:21:00,0.0032263861503452063,0,2,0.045504128932952866,0,0.004424258461222053,0,0.004424258461222053,0,0.004424258461222053,0,0.0056614931672811526,0,0.5168527364730835,0
45,2017-07-06 12:21:30,0.002877148799598217,0,2,0.045504128932952866,0,0.004409703239798546,0,0.004409703239798546,0,0.004409703239798546,0,0.0056094345636665795,0,0.5168527364730835,0
46,2017-07-06 12:22:00,0.0029364293441176414,0,2,0.045504128932952866,0,0.004395148018375039,0,0.004395148018375039,0,0.004395148018375039,0,0.005557375960052013,0,0.5168527364730835,0
47,2017-07-06 12:22:30,0.0026431528385728598,0,2,0.045504128932952866,0,0.0043805927969515325,0,0.0043805927969515325,0,0.0043805927969515325,0,0.00550531735643744,0,0.5168527364730835,0
48,2017-07-06 12:23:00,0.002948201959952712,0,2,0.045504128932952866,0,0.004366037575528026,0,0.004366037575528026,0,0.004366037575528026,0,0.005453258752822874,0,0.5168527364730835,0
49,2017-07-06 12:23:30,0.002680886536836624,0,2,0.045504128932952866,0,0.004351482354104519,0,0.004351482354104519,0,0.004351482354104519,0,0.005401200149208301,0,0.5168527364730835,0
50,2017-07-06 12:24:00,0.0026589385233819485,0,2,0.045504128932952866,0,0.004336927132681012,0,0.004336927132681012,0,0.004336927132681012,0,0.005349141545593736,0,0.5168527364730835,0
51,2017-07-06 12:24:30,0.0025589691940695047,0,2,0.045504128932952866,0,0.004322371911257505,0,0.004322371911257505,0,0.004322371911257505,0,0.00529708294197917,0,0.5168527364730835,0
52,2017-07-06 12:25:00,0.002623895648866892,0,2,0.045504128932952866,0,0.004315030761063099,0,0.004315030761063099,0,0.004315030761063099,0,0.005245024338364597,0,0.5168527364730835,0
53,2017-07-06 12:25:30,0.002453441731631756,0,2,0.045504128932952866,0,0.004307689610868692,0,0.004307689610868692,0,0.004307689610868692,0,0.005192965734750031,0,0.5168527364730835,0
54,2017-07-06 12:26:00,0.002577059669420123,0,2,0.045504128932952866,0,0.004300348460674286,0,0.004300348460674286,0,0.004300348460674286,0,0.005140907131135458,0,0.5168527364730835,0
55,2017-07-06 12:26:30,0.0023952103219926357,0,2,0.045504128932952866,0,0.004293007310479879,0,0.004293007310479879,0,0.004293007310479879,0,0.005088848527520892,0,0.5168527364730835,0
56,2017-07-06 12:27:00,0.0024587498046457767,0,2,0.045504128932952866,0,0.004285666160285473,0,0.004285666160285473,0,0.004285666160285473,0,0.005036789923906326,0,0.5168527364730835,0
57,2017-07-06 12:27:30,0.002511925995349884,0,2,0.045504128932952866,0,0.004278325010091066,0,0.004278325010091066,0,0.004278325010091066,0,0.004984731320291753,0,0.5168527364730835,0
58,2017-07-06 12:28:00,0.0024170230608433485,0,2,0.045504128932952866,0,0.00427098385989666,0,0.00427098385989666,0,0.00427098385989666,0,0.004932672716677187,0,0.5168527364730835,0
59,2017-07-06 12:28:30,0.00239003449678421,0,2,0.045504128932952866,0,0.004263642709702253,0,0.004263642709702253,0,0.004263642709702253,0,0.004880614113062614,0,0.5168527364730835,0
60,2017-07-06 12:29:00,0.0024877514224499464,0,2,0.045504128932952866,0,0.004256301559507847,0,0.004256301559507847,0,0.004256301559507847,0,0.004828555509448049,0,0.5168527364730835,0
61,2017-07-06 12:29:30,0.0024649088736623526,0,2,0.045504128932952866,0,0.00424896040931344,0,0.00424896040931344,0,0.003959708055481315,0,0.004776496905833483,0,0.5168527364730835,0
62,2017-07-06 12:30:00,0.002525422954931855,0,2,0.045504128932952866,0,0.004216821258887648,0,0.004216821258887648,0,0.0038968630600720645,0,0.0047610682668164355,0,0.5168527364730835,0
63,2017-07-06 12:30:30,0.00266068778000772,0,2,0.045504128932952866,0,0.004184682108461858,0,0.004184682108461858,0,0.003669496276415885,0,0.004745639627799391,0,0.5168527364730835,0
64,2017-07-06 12:31:00,0.002474134787917137,0,2,0.045504128932952866,0,0.004152542958036066,0,0.004152542958036066,0,0.003355076932348311,0,0.0047302109887823445,0,0.5168527364730835,0
65,2017-07-06 12:31:30,0.002693461487069726,0,2,0.045504128932952866,0,0.004120403807610274,0,0.004120403807610274,0,0.0033216852927580474,0,0.0047147823497653,0,0.5168527364730835,0
66,2017-07-06 12:32:00,0.003946223296225071,0,2,0.045504128932952866,0,0.004088264657184482,0,0.004088264657184482,0,0.003306144312955439,1,0.004699353710748255,0,0.5168527364730835,0
67,2017-07-06 12:32:30,0.00281625147908926,0,2,0.045504128932952866,0,0.004067318141460418,0,0.004067318141460418,0,0.003306144312955439,0,0.004683925071731208,0,0.5168527364730835,0
68,2017-07-06 12:33:00,0.0026825128588825464,0,2,0.045504128932952866,0,0.004037044430151583,0,0.004037044430151583,0,0.0032964692916721107,0,0.004668496432714164,0,0.5168527364730835,0
69,2017-07-06 12:33:30,0.0026135651860386133,0,2,0.045504128932952866,0,0.0040067707188427455,0,0.0040067707188427455,0,0.0032964692916721107,0,0.004653067793697117,0,0.5168527364730835,0
70,2017-07-06 12:34:00,0.0033625061623752117,0,2,0.045504128932952866,0,0.003976497007533908,0,0.003976497007533908,0,0.0032964692916721107,1,0.004637639154680072,0,0.5168527364730835,0
71,2017-07-06 12:34:30,0.005169334355741739,0,2,0.045504128932952866,0,0.003946223296225071,1,0.003946223296225071,1,0.0033216852927580474,1,0.004622210515663028,1,0.5168527364730835,0
72,2017-07-06 12:35:00,0.009203769266605377,0,2,0.045504128932952866,0,0.004218686698004603,1,0.004218686698004603,1,0.0033216852927580474,1,0.004953273758292199,1,0.5168527364730835,0
73,2017-07-06 12:35:30,0.005947056692093611,0,2,0.045504128932952866,0,0.004307689610868692,1,0.004307689610868692,1,0.0033216852927580474,1,0.005428668204694981,1,0.5168527364730835,0
74,2017-07-06 12:36:00,0.0031344620510935783,0,2,0.045504128932952866,0,0.004424258461222053,0,0.004424258461222053,0,0.0033216852927580474,0,0.00586295467801392,0,0.5168527364730835,0
75,2017-07-06 12:36:30,0.0028953896835446358,0,2,0.045504128932952866,0,0.004409703239798547,0,0.004409703239798547,0,0.003236038167960942,0,0.005856485292315482,0,0.5168527364730835,0
76,2017-07-06 12:37:00,0.0029467539861798286,0,2,0.045504128932952866,0,0.004395148018375039,0,0.004395148018375039,0,0.003236038167960942,0,0.005850015906617045,0,0.5168527364730835,0
77,2017-07-06 12:37:30,0.0028396237175911665,0,2,0.045504128932952866,0,0.004380592796951533,0,0.004380592796951533,0,0.003236038167960942,0,0.005843546520918608,0,0.5168527364730835,0
78,2017-07-06 12:38:00,0.0026526751462370157,0,2,0.045504128932952866,0,0.004366037575528025,0,0.004366037575528025,0,0.003236038167960942,0,0.005837077135220169,0,0.5168527364730835,0
79,2017-07-06 12:38:30,0.0025360784493386745,0,2,0.045504128932952866,0,0.004351482354104519,0,0.004351482354104519,0,0.003236038167960942,0,0.005830607749521732,0,0.5168527364730835,0
80,2017-07-06 12:39:00,0.0022282814607024193,0,2,0.045504128932952866,0,0.004336927132681014,0,0.004336927132681014,0,0.003236038167960942,0,0.005824138363823294,0,0.5168527364730835,0
81,2017-07-06 12:39:30,0.0023050829768180847,0,2,0.045504128932952866,0,0.004322371911257505,0,0.004322371911257505,0,0.003236038167960942,0,0.005817668978124857,0,0.5168527364730835,0
82,2017-07-06 12:40:00,0.002370918169617653,0,2,0.045504128932952866,0,0.004315030761063099,0,0.004315030761063099,0,0.003236038167960942,0,0.005785252247005703,0,0.5168527364730835,0
83,2017-07-06 12:40:30,0.0022925869561731815,0,2,0.045504128932952866,0,0.004307689610868692,0,0.004307689610868692,0,0.003236038167960942,0,0.00575283551588654,0,0.5168527364730835,0
84,2017-07-06 12:41:00,0.002270192839205265,0,2,0.045504128932952866,0,0.004300348460674286,0,0.004300348460674286,0,0.003236038167960942,0,0.005720418784767385,0,0.5168527364730835,0
85,2017-07-06 12:41:30,0.002287904964759946,0,2,0.045504128932952866,0,0.00429300731047988,0,0.00429300731047988,0,0.003236038167960942,0,0.005688002053648232,0,0.5168527364730835,0
86,2017-07-06 12:42:00,0.0024810591712594032,0,2,0.045504128932952866,0,0.004285666160285473,0,0.004285666160285473,0,0.003236038167960942,0,0.0056555853225290775,0,0.5168527364730835,0
87,2017-07-06 12:42:30,0.002889018738642335,0,2,0.045504128932952866,0,0.004278325010091066,0,0.004278325010091066,0,0.003236038167960942,0,0.005623168591409923,0,0.5168527364730835,0
88,2017-07-06 12:43:00,0.0034020415041595697,0,2,0.045504128932952866,0,0.00427098385989666,0,0.00427098385989666,0,0.003236038167960942,1,0.00559075186029076,0,0.5168527364730835,0
89,2017-07-06 12:43:30,0.0031559960916638374,0,2,0.045504128932952866,0,0.004263642709702253,0,0.004263642709702253,0,0.0033268663100898266,0,0.005558335129171606,0,0.5168527364730835,0
90,2017-07-06 12:44:00,0.0032724542543292046,0,2,0.045504128932952866,0,0.004256301559507848,0,0.004256301559507848,0,0.0033268663100898266,0,0.005525918398052452,0,0.5168527364730835,0
91,2017-07-06 12:44:30,0.0032777057494968176,0,2,0.045504128932952866,0,0.00424896040931344,0,0.00424896040931344,0,0.0033268663100898266,0,0.005493501666933298,0,0.5168527364730835,0
92,2017-07-06 12:45:00,0.0033693616278469563,0,2,0.045504128932952866,0,0.004218686698004605,0,0.004218686698004605,0,0.0033268663100898266,1,0.005461084935814144,0,0.5168527364730835,0
93,2017-07-06 12:45:30,0.005029095336794853,0,2,0.045504128932952866,0,0.004188412986695766,1,0.004188412986695766,1,0.0033631917089223863,1,0.005428668204694981,0,0.5168527364730835,0
94,2017-07-06 12:46:00,0.007094154134392738,0,2,0.045504128932952866,0,0.004300348460674286,1,0.004300348460674286,1,0.0033726296154782177,1,0.0053962514735758265,1,0.5168527364730835,0
95,2017-07-06 12:46:30,0.006419285666197538,0,2,0.045504128932952866,0,0.004409703239798547,1,0.004409703239798547,1,0.0034564596833661205,1,0.005856485292315482,1,0.5168527364730835,0
96,2017-07-06 12:47:00,0.0064807371236383915,0,2,0.045504128932952866,0,0.004622210515663028,1,0.004622210515663028,1,0.004054510500282051,1,0.006065113935619593,1,0.5168527364730835,0
97,2017-07-06 12:47:30,0.004762139171361923,0,2,0.045504128932952866,0,0.004877536278218032,0,0.004877536278218032,0,0.005043119238689542,0,0.006431575957685709,0,0.5168527364730835,0
98,2017-07-06 12:48:00,0.003567612962797284,0,2,0.045504128932952866,0,0.004852276435121893,0,0.004852276435121893,0,0.005043119238689542,0,0.006428503384813666,0,0.5168527364730835,0
99,2017-07-06 12:48:30,0.003713641781359911,0,2,0.045504128932952866,0,0.004827016592025757,0,0.004827016592025757,0,0.005043119238689542,0,0.0064254308119416235,0,0.5168527364730835,0
100,2017-07-06 12:49:00,0.003535777097567916,0,2,0.045504128932952866,0,0.004801756748929622,0,0.004801756748929622,0,0.005043119238689542,0,0.0064223582390695805,0,0.5168527364730835,0
101,2017-07-06 12:49:30,0.003703442169353366,0,2,0.045504128932952866,0,0.004776496905833483,0,0.004776496905833483,0,0.005043119238689542,0,0.006419285666197538,0,0.5168527364730835,0
102,2017-07-06 12:50:00,0.0043062372133135796,0,2,0.045504128932952866,0,0.0047750611323863264,0,0.0047750611323863264,0,0.005043119238689542,0,0.006395674217492336,0,0.5168527364730835,0
103,2017-07-06 12:50:30,0.0031563271768391132,0,2,0.045504128932952866,0,0.004773625358939171,0,0.004773625358939171,0,0.005043119238689542,0,0.006372062768787142,0,0.5168527364730835,0
104,2017-07-06 12:51:00,0.003083415562286973,0,2,0.045504128932952866,0,0.004772189585492015,0,0.004772189585492015,0,0.005043119238689542,0,0.006348451320081947,0,0.5168527364730835,0
105,2017-07-06 12:51:30,0.0031414024997502565,0,2,0.045504128932952866,0,0.004770753812044859,0,0.004770753812044859,0,0.005043119238689542,0,0.006324839871376752,0,0.5168527364730835,0
106,2017-07-06 12:52:00,0.0037792858202010393,0,2,0.045504128932952866,0,0.004769318038597703,0,0.004769318038597703,0,0.005043119238689542,0,0.0063012284226715565,0,0.5168527364730835,0
107,2017-07-06 12:52:30,0.004059769678860903,0,2,0.045504128932952866,0,0.004767882265150547,0,0.004767882265150547,0,0.005043119238689542,0,0.006277616973966354,0,0.5168527364730835,0
108,2017-07-06 12:53:00,0.004094345960766077,0,2,0.045504128932952866,0,0.004766446491703391,0,0.004766446491703391,0,0.005043119238689542,0,0.00625400552526116,0,0.5168527364730835,0
109,2017-07-06 12:53:30,0.003952566534280777,0,2,0.045504128932952866,0,0.004765010718256235,0,0.004765010718256235,0,0.005043119238689542,0,0.006230394076555965,0,0.5168527364730835,0
110,2017-07-06 12:54:00,0.005179444793611765,0,2,0.045504128932952866,0,0.0047635749448090795,1,0.0047635749448090795,1,0.005043119238689542,1,0.00620678262785077,0,0.5168527364730835,0
111,2017-07-06 12:54:30,0.005867299158126116,0,2,0.045504128932952866,0,0.004776496905833483,1,0.004776496905833483,1,0.0051703453995287415,1,0.006183171179145575,0,0.5168527364730835,0
112,2017-07-06 12:55:00,0.006244488060474396,0,2,0.045504128932952866,0,0.005003835493698717,1,0.005003835493698717,1,0.005248230230063201,1,0.0061595597304403725,1,0.5168527364730835,0
113,2017-07-06 12:55:30,0.004928593058139086,0,2,0.045504128932952866,0,0.0051412865519523615,0,0.0051412865519523615,0,0.005875274911522866,0,0.006314407102763651,0,0.5168527364730835,0
114,2017-07-06 12:56:00,0.006668266374617815,0,2,0.045504128932952866,0,0.005127262650057674,1,0.005127262650057674,1,0.005875274911522866,1,0.006305667222477495,1,0.5168527364730835,0
115,2017-07-06 12:56:30,0.007081429474055767,0,2,0.045504128932952866,0,0.005175400618463754,1,0.005175400618463754,1,0.0059767998289316894,1,0.006437721103429794,1,0.5168527364730835,0
116,2017-07-06 12:57:00,0.009424882009625435,0,2,0.045504128932952866,0,0.005498556885868311,1,0.005498556885868311,1,0.00626196782104671,1,0.006527619436383247,1,0.5168527364730835,0
117,2017-07-06 12:57:30,0.017275376245379448,0,2,0.045504128932952866,0,0.0058375210501253605,1,0.0058375210501253605,1,0.0064254308119416235,1,0.006750898994505401,1,0.5168527364730835,0
118,2017-07-06 12:58:00,0.047384973615407944,0,2,0.045504128932952866,1,0.0058912264183163645,1,0.0058912264183163645,1,0.0064994900487363345,1,0.007083338173106313,1,0.5168527364730835,0
119,2017-07-06 12:58:30,0.09510061144828796,0,2,0.045504128932952866,1,0.006006542965769769,1,0.006006542965769769,1,0.006709582684561611,1,0.007230445276945822,1,0.5168527364730835,0
120,2017-07-06 12:59:00,0.16660456359386444,0,2,0.045504128932952866,1,0.006261967821046712,1,0.006261967821046712,1,0.007082701940089464,1,0.008494400745257733,1,0.5168527364730835,0
121,2017-07-06 12:59:30,0.17787565290927887,0,2,0.045504128932952866,1,0.006419285666197538,1,0.006261967821046712,1,0.007305115647614005,1,0.009203769266605377,1,0.5168527364730835,0
122,2017-07-06 13:00:00,0.05087981000542641,0,0,0.045504128932952866,1,0.006474591977894306,1,0.006425430811941624,1,0.009225880540907384,1,0.00941382637247443,1,0.5168527364730835,0
123,2017-07-06 13:00:30,0.1108798086643219,0,0,0.045504128932952866,1,0.00663076052442193,1,0.006499490048736335,1,0.010209931433200847,1,0.011307479254901392,1,0.5168527364730835,0
124,2017-07-06 13:01:00,0.020329291000962257,0,0,0.045504128932952866,0,0.006957480544224383,1,0.0067095826845616135,1,0.02028633598238234,1,0.016411568317562308,1,0.5168527364730835,0
125,2017-07-06 13:01:30,0.04035588353872299,0,0,0.045504128932952866,0,0.00708906427025795,1,0.0067095826845616135,1,0.023034859262406865,1,0.019718508049845686,1,0.5168527364730835,0
126,2017-07-06 13:02:00,0.015163871459662914,0,0,0.045504128932952866,0,0.007775609847158194,1,0.007082701940089464,1,0.0410587925463915,0,0.03534923540428281,0,0.5168527364730835,0
127,2017-07-06 13:02:30,0.007847664877772331,0,0,0.045504128932952866,0,0.008755747042596344,0,0.007305115647614021,1,0.0410587925463915,0,0.03434790577739454,0,0.5168527364730835,0
128,2017-07-06 13:03:00,0.0057813250459730625,0,0,0.045504128932952866,0,0.008681076671928165,0,0.007983275316655648,0,0.0410587925463915,0,0.03334657615050656,0,0.5168527364730835,0
129,2017-07-06 13:03:30,0.005415826104581356,0,0,0.045504128932952866,0,0.008606406301259997,0,0.007983275316655648,0,0.0410587925463915,0,0.03234524652361859,0,0.5168527364730835,0
130,2017-07-06 13:04:00,0.005512183532118797,0,0,0.045504128932952866,0,0.008531735930591828,0,0.007983275316655648,0,0.0410587925463915,0,0.031343916896730606,0,0.5168527364730835,0
131,2017-07-06 13:04:30,0.005207750480622053,0,0,0.045504128932952866,0,0.008457065559923649,0,0.007983275316655648,0,0.0410587925463915,0,0.030342587269842625,0,0.5168527364730835,0
132,2017-07-06 13:05:00,0.004237125627696514,0,0,0.045504128932952866,0,0.00839612549170852,0,0.007983275316655648,0,0.0410587925463915,0,0.02934125764295436,0,0.5168527364730835,0
133,2017-07-06 13:05:30,0.004440509248524904,0,0,0.045504128932952866,0,0.008335185423493383,0,0.007983275316655648,0,0.0410587925463915,0,0.02833992801606638,0,0.5168527364730835,0
134,2017-07-06 13:06:00,0.0037440394517034292,0,0,0.045504128932952866,0,0.008274245355278256,0,0.007983275316655648,0,0.0410587925463915,0,0.0273385983891784,0,0.5168527364730835,0
135,2017-07-06 13:06:30,0.0035170887131243944,0,0,0.045504128932952866,0,0.008213305287063127,0,0.007983275316655648,0,0.0410587925463915,0,0.026337268762290422,0,0.5168527364730835,0
136,2017-07-06 13:07:00,0.0035826852545142174,0,0,0.045504128932952866,0,0.00815236521884799,0,0.007983275316655648,0,0.0410587925463915,0,0.02533593913540244,0,0.5168527364730835,0
137,2017-07-06 13:07:30,0.0036166657228022814,0,0,0.045504128932952866,0,0.008091425150632861,0,0.007983275316655648,0,0.0410587925463915,0,0.024334609508514175,0,0.5168527364730835,0
138,2017-07-06 13:08:00,0.004122632090002298,0,0,0.045504128932952866,0,0.008030485082417724,0,0.007983275316655648,0,0.0410587925463915,0,0.023333279881626482,0,0.5168527364730835,0
139,2017-07-06 13:08:30,0.0036374558694660664,0,0,0.045504128932952866,0,0.007969545014202597,0,0.007983275316655648,0,0.0410587925463915,0,0.022331950254738216,0,0.5168527364730835,0
140,2017-07-06 13:09:00,0.0036161518655717373,0,0,0.045504128932952866,0,0.007908604945987469,0,0.007983275316655648,0,0.0410587925463915,0,0.021330620627849954,0,0.5168527364730835,0
141,2017-07-06 13:09:30,0.0034855487756431103,0,0,0.045504128932952866,0,0.007847664877772331,0,0.007983275316655648,0,0.0410587925463915,0,0.020329291000962257,0,0.5168527364730835,0
142,2017-07-06 13:10:00,0.0033939864952117205,0,0,0.045504128932952866,0,0.007772313803434377,0,0.007983275316655648,0,0.0410587925463915,0,0.02017659526318308,0,0.5168527364730835,0
143,2017-07-06 13:10:30,0.00322908628731966,0,0,0.045504128932952866,0,0.007696962729096411,0,0.007983275316655648,0,0.0410587925463915,0,0.020023899525403992,0,0.5168527364730835,0
144,2017-07-06 13:11:00,0.003362599527463317,0,0,0.045504128932952866,0,0.0076216116547584666,0,0.007983275316655648,0,0.0410587925463915,0,0.01987120378762482,0,0.5168527364730835,0
145,2017-07-06 13:11:30,0.0035539264790713787,0,0,0.045504128932952866,0,0.007546260580420489,0,0.007983275316655648,0,0.0410587925463915,0,0.019718508049845644,0,0.5168527364730835,0
146,2017-07-06 13:12:00,0.003287435509264469,0,0,0.045504128932952866,0,0.007470909506082535,0,0.007983275316655648,0,0.0410587925463915,0,0.019565812312066555,0,0.5168527364730835,0
147,2017-07-06 13:12:30,0.0032007640693336725,0,0,0.045504128932952866,0,0.00739555843174458,0,0.007983275316655648,0,0.0410587925463915,0,0.01941311657428738,0,0.5168527364730835,0
148,2017-07-06 13:13:00,0.0031511210836470127,0,0,0.045504128932952866,0,0.007320207357406625,0,0.007983275316655648,0,0.0410587925463915,0,0.01926042083650829,0,0.5168527364730835,0
149,2017-07-06 13:13:30,0.0032581838313490152,0,0,0.045504128932952866,0,0.00724485628306867,0,0.007983275316655648,0,0.0410587925463915,0,0.019107725098729118,0,0.5168527364730835,0
150,2017-07-06 13:14:00,0.003034850349649787,0,0,0.045504128932952866,0,0.007169505208730693,0,0.007983275316655648,0,0.0410587925463915,0,0.018955029360949942,0,0.5168527364730835,0
151,2017-07-06 13:14:30,0.003102086717262864,0,0,0.045504128932952866,0,0.007094154134392738,0,0.007983275316655648,0,0.0410587925463915,0,0.018802333623170853,0,0.5168527364730835,0
152,2017-07-06 13:15:00,0.003146389964967966,0,0,0.045504128932952866,0,0.007092881668359041,0,0.007983275316655648,0,0.0410587925463915,0,0.018649637885391677,0,0.5168527364730835,0
153,2017-07-06 13:15:30,0.0032716169953346252,0,2,0.045504128932952866,0,0.007091609202325344,0,0.007983275316655648,0,0.0410587925463915,0,0.018496942147612588,0,0.5168527364730835,0
154,2017-07-06 13:16:00,0.0030863473657518625,0,2,0.045504128932952866,0,0.0070903367362916475,0,0.007983275316655648,0,0.0410587925463915,0,0.018344246409833415,0,0.5168527364730835,0
155,2017-07-06 13:16:30,0.0030405037105083466,0,2,0.045504128932952866,0,0.00708906427025795,0,0.007983275316655648,0,0.0410587925463915,0,0.01819155067205424,0,0.5168527364730835,0
156,2017-07-06 13:17:00,0.0032437711488455534,0,2,0.045504128932952866,0,0.007087791804224253,0,0.007983275316655648,0,0.0410587925463915,0,0.01803885493427515,0,0.5168527364730835,0
157,2017-07-06 13:17:30,0.003166500013321638,0,2,0.045504128932952866,0,0.007086519338190556,0,0.007983275316655648,0,0.0410587925463915,0,0.017886159196495974,0,0.5168527364730835,0
158,2017-07-06 13:18:00,0.003104119561612606,0,2,0.045504128932952866,0,0.007085246872156859,0,0.007983275316655648,0,0.0410587925463915,0,0.017733463458716885,0,0.5168527364730835,0
159,2017-07-06 13:18:30,0.002907708054408431,0,2,0.045504128932952866,0,0.007083974406123162,0,0.007983275316655648,0,0.0410587925463915,0,0.017580767720937713,0,0.5168527364730835,0
160,2017-07-06 13:19:00,0.002713325433433056,0,2,0.045504128932952866,0,0.007082701940089464,0,0.007983275316655648,0,0.0410587925463915,0,0.017428071983158537,0,0.5168527364730835,0
161,2017-07-06 13:19:30,0.0027487147599458694,0,2,0.045504128932952866,0,0.007081429474055767,0,0.007983275316655648,0,0.0410587925463915,0,0.017275376245379448,0,0.5168527364730835,0
162,2017-07-06 13:20:00,0.002783640054985881,0,2,0.045504128932952866,0,0.007040113164111975,0,0.007983275316655648,0,0.0410587925463915,0,0.017169801006093596,0,0.5168527364730835,0
163,2017-07-06 13:20:30,0.002754552522674203,0,0,0.045504128932952866,0,0.006998796854168181,0,0.007983275316655648,0,0.0410587925463915,0,0.017064225766807807,0,0.5168527364730835,0
164,2017-07-06 13:21:00,0.0027753969188779593,0,2,0.045504128932952866,0,0.006957480544224389,0,0.007983275316655648,0,0.0410587925463915,0,0.016958650527521955,0,0.5168527364730835,0
165,2017-07-06 13:21:30,0.0027715687174350023,0,2,0.045504128932952866,0,0.0069161642342805835,0,0.007983275316655648,0,0.0410587925463915,0,0.016853075288236104,0,0.5168527364730835,0
166,2017-07-06 13:22:00,0.0037133870646357536,0,2,0.045504128932952866,0,0.006874847924336791,0,0.007983275316655648,0,0.0410587925463915,0,0.016747500048950315,0,0.5168527364730835,0
167,2017-07-06 13:22:30,0.003209468210116029,0,2,0.045504128932952866,0,0.006833531614392999,0,0.007983275316655648,0,0.0410587925463915,0,0.016641924809664463,0,0.5168527364730835,0
168,2017-07-06 13:23:00,0.0026048587169498205,0,2,0.045504128932952866,0,0.006792215304449205,0,0.007983275316655648,0,0.0410587925463915,0,0.016536349570378674,0,0.5168527364730835,0
169,2017-07-06 13:23:30,0.002625698922201991,0,2,0.045504128932952866,0,0.006750898994505413,0,0.007983275316655648,0,0.0410587925463915,0,0.016430774331092822,0,0.5168527364730835,0
170,2017-07-06 13:24:00,0.002787548815831542,0,2,0.045504128932952866,0,0.0067095826845616074,0,0.007983275316655648,0,0.0410587925463915,0,0.01632519909180697,0,0.5168527364730835,0
171,2017-07-06 13:24:30,0.0026376063469797373,0,2,0.045504128932952866,0,0.006668266374617815,0,0.007983275316655648,0,0.0410587925463915,0,0.01621962385252118,0,0.5168527364730835,0
172,2017-07-06 13:25:00,0.002678882097825408,0,2,0.045504128932952866,0,0.006649513449519874,0,0.007983275316655648,0,0.0410587925463915,0,0.01611404861323533,0,0.5168527364730835,0
173,2017-07-06 13:25:30,0.002792514394968748,0,2,0.045504128932952866,0,0.006630760524421932,0,0.007983275316655648,0,0.0410587925463915,0,0.01600847337394954,0,0.5168527364730835,0
174,2017-07-06 13:26:00,0.0028183823451399803,0,2,0.045504128932952866,0,0.006612007599323991,0,0.007983275316655648,0,0.0410587925463915,0,0.01590289813466369,0,0.5168527364730835,0
175,2017-07-06 13:26:30,0.0026803291402757168,0,2,0.045504128932952866,0,0.006593254674226045,0,0.007983275316655648,0,0.0410587925463915,0,0.015797322895377837,0,0.5168527364730835,0
176,2017-07-06 13:27:00,0.0026997700333595276,0,2,0.045504128932952866,0,0.006574501749128103,0,0.007983275316655648,0,0.0410587925463915,0,0.015691747656092048,0,0.5168527364730835,0
177,2017-07-06 13:27:30,0.0026673993561416864,0,2,0.045504128932952866,0,0.006555748824030162,0,0.007983275316655648,0,0.0410587925463915,0,0.015586172416806198,0,0.5168527364730835,0
178,2017-07-06 13:28:00,0.0024375959765166044,0,0,0.045504128932952866,0,0.006536995898932221,0,0.007983275316655648,0,0.0410587925463915,0,0.015480597177520407,0,0.5168527364730835,0
179,2017-07-06 13:28:30,0.0025335063692182302,0,2,0.045504128932952866,0,0.006518242973834279,0,0.007983275316655648,0,0.02233195025473836,0,0.015375021938234555,0,0.5168527364730835,0
180,2017-07-06 13:29:00,0.0026461149100214243,0,2,0.045504128932952866,0,0.006499490048736333,0,0.007983275316655648,0,0.015680413413792855,0,0.015269446698948705,0,0.5168527364730835,0
181,2017-07-06 13:29:30,0.0023202940355986357,0,2,0.045504128932952866,0,0.0064807371236383915,0,0.007983275316655648,0,0.0085792855359614,0,0.015163871459662914,0,0.5168527364730835,0
182,2017-07-06 13:30:00,0.0023151130881160498,0,2,0.045504128932952866,0,0.006474591977894306,0,0.007983275316655648,0,0.005987959029152993,0,0.014981510723009664,0,0.5168527364730835,0
183,2017-07-06 13:30:30,0.002285231836140156,0,2,0.045504128932952866,0,0.006468446832150221,0,0.007983275316655648,0,0.005539097683504224,0,0.014799149986356518,0,0.5168527364730835,0
184,2017-07-06 13:31:00,0.0024027565959841013,0,2,0.045504128932952866,0,0.006462301686406137,0,0.007983275316655648,0,0.0054254618473351,0,0.014616789249703267,0,0.5168527364730835,0
185,2017-07-06 13:31:30,0.0024193155113607645,0,2,0.045504128932952866,0,0.00645615654066205,0,0.007983275316655648,0,0.005228558043017984,0,0.014434428513050017,0,0.5168527364730835,0
186,2017-07-06 13:32:00,0.0025880003813654184,0,2,0.045504128932952866,0,0.006450011394917965,0,0.007983275316655648,0,0.00451723337173462,0,0.01425206777639687,0,0.5168527364730835,0
187,2017-07-06 13:32:30,0.0029529095627367496,0,2,0.045504128932952866,0,0.00644386624917388,0,0.007983275316655648,0,0.0042574639897793535,0,0.01406970703974362,0,0.5168527364730835,0
188,2017-07-06 13:33:00,0.0025309224147349596,0,2,0.045504128932952866,0,0.006437721103429795,0,0.007983275316655648,0,0.00413408144377172,0,0.013887346303090475,0,0.5168527364730835,0
189,2017-07-06 13:33:30,0.0026447561103850603,0,2,0.045504128932952866,0,0.00643157595768571,0,0.007983275316655648,0,0.0037818987155333167,0,0.013704985566437223,0,0.5168527364730835,0
190,2017-07-06 13:34:00,0.0028982560615986586,0,2,0.045504128932952866,0,0.0064254308119416235,0,0.007983275316655648,0,0.003716452303342521,0,0.013522624829783973,0,0.5168527364730835,0
191,2017-07-06 13:34:30,0.0027747098356485367,0,0,0.045504128932952866,0,0.006419285666197538,0,0.007983275316655648,0,0.0036450489889830353,0,0.013340264093130827,0,0.5168527364730835,0
192,2017-07-06 13:35:00,0.0027944266330450773,0,2,0.045504128932952866,0,0.006401805905625225,0,0.007983275316655648,0,0.00361874473746866,0,0.013157903356477577,0,0.5168527364730835,0
193,2017-07-06 13:35:30,0.0027103510219603777,0,2,0.045504128932952866,0,0.006384326145052912,0,0.007169505208730704,0,0.0036162032512947915,0,0.012975542619824327,0,0.5168527364730835,0
194,2017-07-06 13:36:00,0.0027005618903785944,0,0,0.045504128932952866,0,0.006366846384480598,0,0.007169505208730704,0,0.0035860319156199695,0,0.01279318188317118,0,0.5168527364730835,0
195,2017-07-06 13:36:30,0.0026787586975842714,0,0,0.045504128932952866,0,0.0063493666239082805,0,0.007169505208730704,0,0.0035568023566156627,0,0.01261082114651793,0,0.5168527364730835,0
196,2017-07-06 13:37:00,0.002781825140118599,0,0,0.045504128932952866,0,0.006331886863335967,0,0.007169505208730704,0,0.0035568023566156627,0,0.012428460409864783,0,0.5168527364730835,0
197,2017-07-06 13:37:30,0.00286483415402472,0,0,0.045504128932952866,0,0.006314407102763654,0,0.007169505208730704,0,0.003492386545985937,0,0.012246099673211533,0,0.5168527364730835,0
198,2017-07-06 13:38:00,0.00341283087618649,0,0,0.045504128932952866,0,0.00629692734219134,0,0.007169505208730704,0,0.0034031427232548597,1,0.012063738936558283,0,0.5168527364730835,0
199,2017-07-06 13:38:30,0.004140966571867466,0,0,0.045504128932952866,0,0.006279447581619027,0,0.007169505208730704,0,0.0033958709333091973,1,0.011881378199905136,0,0.5168527364730835,0
200,2017-07-06 13:39:00,0.0036615056451410055,0,0,0.045504128932952866,0,0.006261967821046709,0,0.007169505208730704,0,0.0033958709333091973,1,0.011699017463251886,0,0.5168527364730835,0
201,2017-07-06 13:39:30,0.004019034095108509,0,2,0.045504128932952866,0,0.006244488060474396,0,0.007169505208730704,0,0.0033958709333091973,1,0.01151665672659874,0,0.5168527364730835,0
202,2017-07-06 13:40:00,0.004019121173769236,0,2,0.045504128932952866,0,0.006214744923636319,0,0.007169505208730704,0,0.0033958709333091973,1,0.011412067990750051,0,0.5168527364730835,0
203,2017-07-06 13:40:30,0.0060235667042434216,0,2,0.045504128932952866,0,0.006185001786798242,0,0.007169505208730704,0,0.0034269404364749793,1,0.011307479254901361,0,0.5168527364730835,0
204,2017-07-06 13:41:00,0.006748131010681391,0,2,0.045504128932952866,0,0.006178211653605107,1,0.007169505208730704,0,0.0035646843956783415,1,0.011202890519052731,0,0.5168527364730835,0
205,2017-07-06 13:41:30,0.006935256067663431,0,2,0.045504128932952866,0,0.0063493666239082805,1,0.007169505208730704,0,0.0036666937870904804,1,0.011098301783204043,0,0.5168527364730835,0
206,2017-07-06 13:42:00,0.005464877001941204,0,2,0.045504128932952866,0,0.006450011394917965,0,0.007169505208730704,0,0.0037439517676830297,1,0.010993713047355413,0,0.5168527364730835,0
207,2017-07-06 13:42:30,0.0051018595695495605,0,2,0.045504128932952866,0,0.00644386624917388,0,0.007169505208730704,0,0.004019042802974581,1,0.010889124311506725,0,0.5168527364730835,0
208,2017-07-06 13:43:00,0.004756513983011246,0,0,0.045504128932952866,0,0.006437721103429795,0,0.007169505208730704,0,0.0040313057135790585,1,0.010784535575658035,0,0.5168527364730835,0
209,2017-07-06 13:43:30,0.00541637372225523,0,0,0.045504128932952866,0,0.00643157595768571,0,0.007169505208730704,0,0.004202521312981845,1,0.010679946839809405,0,0.5168527364730835,0
210,2017-07-06 13:44:00,0.005827251821756363,0,0,0.045504128932952866,0,0.0064254308119416235,0,0.007169505208730704,0,0.004791048541665077,1,0.010575358103960717,0,0.5168527364730835,0
211,2017-07-06 13:44:30,0.005408661440014839,0,0,0.045504128932952866,0,0.006419285666197538,0,0.007169505208730704,0,0.005133310984820128,1,0.010470769368112087,0,0.5168527364730835,0
212,2017-07-06 13:45:00,0.0049878498539328575,0,0,0.045504128932952866,0,0.006401805905625225,0,0.007169505208730704,0,0.005409432668238878,0,0.010366180632263399,0,0.5168527364730835,0
213,2017-07-06 13:45:30,0.005281618796288967,0,0,0.045504128932952866,0,0.006384326145052912,0,0.007169505208730704,0,0.005409432668238878,0,0.010261591896414709,0,0.5168527364730835,0
214,2017-07-06 13:46:00,0.004390716552734375,0,0,0.045504128932952866,0,0.006366846384480598,0,0.007169505208730704,0,0.005409432668238878,0,0.010157003160566079,0,0.5168527364730835,0
215,2017-07-06 13:46:30,0.004492994397878647,0,0,0.045504128932952866,0,0.0063493666239082805,0,0.00715805301442743,0,0.005409432668238878,0,0.01005241442471739,0,0.5168527364730835,0
216,2017-07-06 13:47:00,0.004353719763457775,0,0,0.045504128932952866,0,0.006331886863335967,0,0.00715805301442743,0,0.005409432668238878,0,0.009947825688868761,0,0.5168527364730835,0
217,2017-07-06 13:47:30,0.003856667084619403,0,0,0.045504128932952866,0,0.006314407102763654,0,0.00715805301442743,0,0.005409432668238878,0,0.009843236953020073,0,0.5168527364730835,0
218,2017-07-06 13:48:00,0.00312675628811121,0,0,0.045504128932952866,0,0.00629692734219134,0,0.00715805301442743,0,0.005409432668238878,0,0.009738648217171382,0,0.5168527364730835,0
219,2017-07-06 13:48:30,0.0029436536133289337,0,0,0.045504128932952866,0,0.006279447581619027,0,0.00715805301442743,0,0.005409432668238878,0,0.009634059481322753,0,0.5168527364730835,0
220,2017-07-06 13:49:00,0.0029811363201588392,0,0,0.045504128932952866,0,0.006261967821046709,0,0.00715805301442743,0,0.005409432668238878,0,0.009529470745474064,0,0.5168527364730835,0
221,2017-07-06 13:49:30,0.0037027017679065466,0,0,0.045504128932952866,0,0.006244488060474396,0,0.00715805301442743,0,0.005409432668238878,0,0.009424882009625435,0,0.5168527364730835,0
222,2017-07-06 13:50:00,0.004302668385207653,0,0,0.045504128932952866,0,0.006222395924851299,0,0.00715805301442743,0,0.005409432668238878,0,0.00941382637247443,0,0.5168527364730835,0
223,2017-07-06 13:50:30,0.004282074049115181,0,0,0.045504128932952866,0,0.0062003037892282035,0,0.00715805301442743,0,0.005409432668238878,0,0.009402770735323425,0,0.5168527364730835,0
224,2017-07-06 13:51:00,0.004185703117400408,0,0,0.045504128932952866,0,0.006178211653605107,0,0.00715805301442743,0,0.005409432668238878,0,0.009391715098172425,0,0.5168527364730835,0
225,2017-07-06 13:51:30,0.004286807030439377,0,0,0.045504128932952866,0,0.006156119517982005,0,0.00715805301442743,0,0.005409432668238878,0,0.00938065946102142,0,0.5168527364730835,0
226,2017-07-06 13:52:00,0.0042483690194785595,0,0,0.045504128932952866,0,0.006134027382358909,0,0.00715805301442743,0,0.005409432668238878,0,0.00936960382387042,0,0.5168527364730835,0
227,2017-07-06 13:52:30,0.004361326806247234,0,0,0.045504128932952866,0,0.006111935246735812,0,0.00715805301442743,0,0.005409432668238878,0,0.009358548186719415,0,0.5168527364730835,0
228,2017-07-06 13:53:00,0.004166418220847845,0,0,0.045504128932952866,0,0.006089843111112716,0,0.00715805301442743,0,0.005409432668238878,0,0.00934749254956841,0,0.5168527364730835,0
229,2017-07-06 13:53:30,0.004594039637595415,0,0,0.045504128932952866,0,0.00606775097548962,0,0.00715805301442743,0,0.005409432668238878,0,0.00933643691241741,0,0.5168527364730835,0
230,2017-07-06 13:54:00,0.00471099279820919,0,0,0.045504128932952866,0,0.006045658839866518,0,0.00715805301442743,0,0.005409432668238878,0,0.009325381275266406,0,0.5168527364730835,0
231,2017-07-06 13:54:30,0.004870310891419649,0,0,0.045504128932952866,0,0.0060235667042434216,0,0.00715805301442743,0,0.005409432668238878,0,0.009314325638115406,0,0.5168527364730835,0
232,2017-07-06 13:55:00,0.0047331880778074265,0,0,0.045504128932952866,0,0.006015915703028441,0,0.00715805301442743,0,0.005409432668238878,0,0.009303270000964401,0,0.5168527364730835,0
233,2017-07-06 13:55:30,0.004526669159531593,0,0,0.045504128932952866,0,0.00600826470181346,0,0.00715805301442743,0,0.005409432668238878,0,0.009292214363813396,0,0.5168527364730835,0
234,2017-07-06 13:56:00,0.004730811808258295,0,0,0.045504128932952866,0,0.0060006137005984795,0,0.00715805301442743,0,0.005409432668238878,0,0.009281158726662396,0,0.5168527364730835,0
235,2017-07-06 13:56:30,0.004624959081411362,0,0,0.045504128932952866,0,0.0059929626993834965,0,0.00715805301442743,0,0.005409432668238878,0,0.009270103089511391,0,0.5168527364730835,0
236,2017-07-06 13:57:00,0.003965196665376425,0,0,0.045504128932952866,0,0.005985311698168516,0,0.007026496948674329,0,0.005409432668238878,0,0.009259047452360392,0,0.5168527364730835,0
237,2017-07-06 13:57:30,0.003508912632241845,0,0,0.045504128932952866,0,0.005977660696953536,0,0.006766843516379596,0,0.005409432668238878,0,0.009247991815209387,0,0.5168527364730835,0
238,2017-07-06 13:58:00,0.0035444290842860937,0,0,0.045504128932952866,0,0.0059700096957385545,0,0.0060960231348872245,0,0.005409432668238878,0,0.009236936178058382,0,0.5168527364730835,0
239,2017-07-06 13:58:30,0.004124762024730444,0,0,0.045504128932952866,0,0.005962358694523574,0,0.005846883310005071,0,0.005409432668238878,0,0.009225880540907382,0,0.5168527364730835,0
240,2017-07-06 13:59:00,0.012858445756137371,0,0,0.045504128932952866,0,0.005954707693308591,1,0.005785917723551393,1,0.005409432668238878,1,0.009214824903756377,1,0.5168527364730835,0
241,2017-07-06 13:59:30,0.0038693505339324474,0,0,0.045504128932952866,0,0.0060235667042434216,0,0.005785917723551393,0,0.005421224050223827,0,0.009424882009625435,0,0.5168527364730835,0
242,2017-07-06 14:00:00,0.003850658191367984,0,0,0.045504128932952866,0,0.006015915703028441,0,0.005539097683504226,0,0.005421224050223827,0,0.00941382637247443,0,0.5168527364730835,0
243,2017-07-06 14:00:30,0.003687663469463587,0,0,0.045504128932952866,0,0.00600826470181346,0,0.005469607654958963,0,0.005421224050223827,0,0.009402770735323425,0,0.5168527364730835,0
244,2017-07-06 14:01:00,0.003583221696317196,0,0,0.045504128932952866,0,0.0060006137005984795,0,0.005421224050223827,0,0.005421224050223827,0,0.009391715098172425,0,0.5168527364730835,0
245,2017-07-06 14:01:30,0.0036353161558508873,0,0,0.045504128932952866,0,0.0059929626993834965,0,0.005415880866348743,0,0.005421224050223827,0,0.00938065946102142,0,0.5168527364730835,0
246,2017-07-06 14:02:00,0.003938425797969103,0,0,0.045504128932952866,0,0.005985311698168516,0,0.005409377906471491,0,0.005421224050223827,0,0.00936960382387042,0,0.5168527364730835,0
247,2017-07-06 14:02:30,0.004192693158984184,0,0,0.045504128932952866,0,0.005977660696953536,0,0.005294323060661556,0,0.005421224050223827,0,0.009358548186719415,0,0.5168527364730835,0
248,2017-07-06 14:03:00,0.00426819734275341,0,0,0.045504128932952866,0,0.0059700096957385545,0,0.005215137312188745,0,0.005421224050223827,0,0.00934749254956841,0,0.5168527364730835,0
249,2017-07-06 14:03:30,0.004370526410639286,0,0,0.045504128932952866,0,0.005962358694523574,0,0.005112448660656811,0,0.005421224050223827,0,0.00933643691241741,0,0.5168527364730835,0
250,2017-07-06 14:04:00,0.005030518863350153,0,0,0.045504128932952866,0,0.005954707693308591,0,0.004999250825494529,1,0.005421224050223827,0,0.009325381275266406,0,0.5168527364730835,0
251,2017-07-06 14:04:30,0.004783612675964832,0,0,0.045504128932952866,0,0.005947056692093611,0,0.004992116754874588,0,0.005421224050223827,0,0.009314325638115406,0,0.5168527364730835,0
252,2017-07-06 14:05:00,0.004692764487117529,0,0,0.045504128932952866,0,0.005939080938696862,0,0.004882064787670971,0,0.005421224050223827,0,0.009303270000964401,0,0.5168527364730835,0
253,2017-07-06 14:05:30,0.0052773114293813705,0,0,0.045504128932952866,0,0.005931105185300113,0,0.004882064787670971,1,0.005421224050223827,0,0.009292214363813396,0,0.5168527364730835,0
254,2017-07-06 14:06:00,0.005603902507573366,0,0,0.045504128932952866,0,0.005923129431903364,0,0.004992116754874588,1,0.005421224050223827,1,0.009281158726662396,0,0.5168527364730835,0
255,2017-07-06 14:06:30,0.0043534450232982635,0,0,0.045504128932952866,0,0.005915153678506612,0,0.005037652933970094,0,0.00547877955250442,0,0.009270103089511391,0,0.5168527364730835,0
256,2017-07-06 14:07:00,0.0041695223189890385,0,0,0.045504128932952866,0,0.005907177925109863,0,0.005037652933970094,0,0.00547877955250442,0,0.009259047452360392,0,0.5168527364730835,0
257,2017-07-06 14:07:30,0.00452268123626709,0,0,0.045504128932952866,0,0.005899202171713114,0,0.005037652933970094,0,0.00547877955250442,0,0.009247991815209387,0,0.5168527364730835,0
258,2017-07-06 14:08:00,0.0045956517569720745,0,0,0.045504128932952866,0,0.005891226418316365,0,0.005037652933970094,0,0.00547877955250442,0,0.009236936178058382,0,0.5168527364730835,0
259,2017-07-06 14:08:30,0.003936612978577614,0,0,0.045504128932952866,0,0.005883250664919616,0,0.005037652933970094,0,0.00547877955250442,0,0.009225880540907382,0,0.5168527364730835,0
260,2017-07-06 14:09:00,0.003515030024573207,0,0,0.045504128932952866,0,0.005875274911522865,0,0.005037652933970094,0,0.00547877955250442,0,0.009214824903756377,0,0.5168527364730835,0
261,2017-07-06 14:09:30,0.003421334782615304,0,0,0.045504128932952866,0,0.005867299158126116,0,0.005037652933970094,0,0.00547877955250442,0,0.009203769266605377,0,0.5168527364730835,0
262,2017-07-06 14:10:00,0.0032513721380382776,0,0,0.045504128932952866,0,0.005863294424489141,0,0.005037652933970094,0,0.00547877955250442,0,0.009166434081271282,0,0.5168527364730835,0
263,2017-07-06 14:10:30,0.0031860722228884697,0,0,0.045504128932952866,0,0.005859289690852166,0,0.005037652933970094,0,0.00547877955250442,0,0.009129098895937188,0,0.5168527364730835,0
264,2017-07-06 14:11:00,0.0034162504598498344,0,0,0.045504128932952866,0,0.0058552849572151905,0,0.005037652933970094,0,0.005421224050223827,0,0.009091763710603114,0,0.5168527364730835,0
265,2017-07-06 14:11:30,0.003734091529622674,0,0,0.045504128932952866,0,0.0058512802235782145,0,0.005037652933970094,0,0.005409432668238878,0,0.009054428525269019,0,0.5168527364730835,0
266,2017-07-06 14:12:00,0.0033159414306282997,0,0,0.045504128932952866,0,0.005847275489941239,0,0.005037652933970094,0,0.005294323060661555,0,0.009017093339934945,0,0.5168527364730835,0
267,2017-07-06 14:12:30,0.0031106534879654646,0,0,0.045504128932952866,0,0.005843270756304264,0,0.005037652933970094,0,0.00527774216607213,0,0.00897975815460085,0,0.5168527364730835,0
268,2017-07-06 14:13:00,0.003008725121617317,0,0,0.045504128932952866,0,0.005839266022667289,0,0.005037652933970094,0,0.00527774216607213,0,0.008942422969266756,0,0.5168527364730835,0
269,2017-07-06 14:13:30,0.0029192601796239614,0,0,0.045504128932952866,0,0.005835261289030314,0,0.005037652933970094,0,0.00527774216607213,0,0.008905087783932682,0,0.5168527364730835,0
270,2017-07-06 14:14:00,0.0029922169633209705,0,0,0.045504128932952866,0,0.005831256555393338,0,0.005037652933970094,0,0.005055198119953275,0,0.008867752598598587,0,0.5168527364730835,0
271,2017-07-06 14:14:30,0.0031219327356666327,0,0,0.045504128932952866,0,0.005827251821756363,0,0.005037652933970094,0,0.004992116754874587,0,0.008830417413264513,0,0.5168527364730835,0
272,2017-07-06 14:15:00,0.0032807679381221533,0,0,0.045504128932952866,0,0.005826293537393212,0,0.005037652933970094,0,0.00488206478767097,0,0.008793082227930418,0,0.5168527364730835,0
273,2017-07-06 14:15:30,0.0029316097497940063,0,0,0.045504128932952866,0,0.005825335253030062,0,0.005037652933970094,0,0.004792282497510314,0,0.008755747042596324,0,0.5168527364730835,0
274,2017-07-06 14:16:00,0.0032246506307274103,0,0,0.045504128932952866,0,0.0058243769686669115,0,0.005037652933970094,0,0.004738230537623167,0,0.008718411857262229,0,0.5168527364730835,0
275,2017-07-06 14:16:30,0.003089421894401312,0,0,0.045504128932952866,0,0.005823418684303761,0,0.005037652933970094,0,0.004738230537623167,0,0.008681076671928176,0,0.5168527364730835,0
276,2017-07-06 14:17:00,0.0028503809589892626,0,0,0.045504128932952866,0,0.00582246039994061,0,0.005037652933970094,0,0.004738230537623167,0,0.008643741486594081,0,0.5168527364730835,0
277,2017-07-06 14:17:30,0.0026596577372401953,0,0,0.045504128932952866,0,0.005821502115577459,0,0.005037652933970094,0,0.004738230537623167,0,0.008606406301259986,0,0.5168527364730835,0
278,2017-07-06 14:18:00,0.0026724878698587418,0,0,0.045504128932952866,0,0.005820543831214309,0,0.005037652933970094,0,0.004738230537623167,0,0.008569071115925891,0,0.5168527364730835,0
279,2017-07-06 14:18:30,0.0027529988437891006,0,0,0.045504128932952866,0,0.0058195855468511585,0,0.005037652933970094,0,0.004738230537623167,0,0.008531735930591797,0,0.5168527364730835,0
280,2017-07-06 14:19:00,0.002563406713306904,0,0,0.045504128932952866,0,0.005818627262488008,0,0.005037652933970094,0,0.004738230537623167,0,0.008494400745257744,0,0.5168527364730835,0
281,2017-07-06 14:19:30,0.0026686093769967556,0,0,0.045504128932952866,0,0.005817668978124857,0,0.005037652933970094,0,0.004738230537623167,0,0.008457065559923649,0,0.5168527364730835,0
282,2017-07-06 14:20:00,0.0025907636154443026,0,0,0.045504128932952866,0,0.005814034584909678,0,0.005037652933970094,0,0.004738230537623167,0,0.008426595525816077,0,0.5168527364730835,0
283,2017-07-06 14:20:30,0.002622155472636223,0,0,0.045504128932952866,0,0.005810400191694498,0,0.005037652933970094,0,0.004738230537623167,0,0.008396125491708503,0,0.5168527364730835,0
284,2017-07-06 14:21:00,0.002855464816093445,0,0,0.045504128932952866,0,0.005806765798479319,0,0.005037652933970094,0,0.004738230537623167,0,0.00836565545760093,0,0.5168527364730835,0
285,2017-07-06 14:21:30,0.0027404697611927986,0,0,0.045504128932952866,0,0.005803131405264139,0,0.005037652933970094,0,0.004738230537623167,0,0.008335185423493392,0,0.5168527364730835,0
286,2017-07-06 14:22:00,0.0027514672838151455,0,0,0.045504128932952866,0,0.00579949701204896,0,0.005037652933970094,0,0.004738230537623167,0,0.00830471538938582,0,0.5168527364730835,0
287,2017-07-06 14:22:30,0.002664688741788268,0,0,0.045504128932952866,0,0.005795862618833782,0,0.005037652933970094,0,0.004738230537623167,0,0.008274245355278247,0,0.5168527364730835,0
288,2017-07-06 14:23:00,0.002851155586540699,0,0,0.045504128932952866,0,0.005792228225618601,0,0.005037652933970094,0,0.004738230537623167,0,0.008243775321170673,0,0.5168527364730835,0
289,2017-07-06 14:23:30,0.002698903903365135,0,0,0.045504128932952866,0,0.005788593832403421,0,0.005037652933970094,0,0.004738230537623167,0,0.008213305287063101,0,0.5168527364730835,0
290,2017-07-06 14:24:00,0.0026846881955862045,0,0,0.045504128932952866,0,0.005784959439188243,0,0.005037652933970094,0,0.004738230537623167,0,0.008182835252955562,0,0.5168527364730835,0
291,2017-07-06 14:24:30,0.00260434253141284,0,0,0.045504128932952866,0,0.0057813250459730625,0,0.005037652933970094,0,0.004738230537623167,0,0.00815236521884799,0,0.5168527364730835,0
292,2017-07-06 14:25:00,0.002643374027684331,0,0,0.045504128932952866,0,0.005763582792133099,0,0.005037652933970094,0,0.0047310494352132085,0,0.008121895184740418,0,0.5168527364730835,0
293,2017-07-06 14:25:30,0.0026065418496727943,0,0,0.045504128932952866,0,0.005745840538293126,0,0.005037652933970094,0,0.004696569219231605,0,0.008091425150632844,0,0.5168527364730835,0
294,2017-07-06 14:26:00,0.0027049954514950514,0,0,0.045504128932952866,0,0.005728098284453151,0,0.005037652933970094,0,0.004696569219231605,0,0.008060955116525272,0,0.5168527364730835,0
295,2017-07-06 14:26:30,0.002658716170117259,0,0,0.045504128932952866,0,0.005710356030613188,0,0.005037652933970094,0,0.004631739621981978,0,0.008030485082417733,0,0.5168527364730835,0
296,2017-07-06 14:27:00,0.0026536663062870502,0,0,0.045504128932952866,0,0.005692613776773214,0,0.005037652933970094,0,0.00460536302998662,0,0.00800001504831016,0,0.5168527364730835,0
297,2017-07-06 14:27:30,0.0026689141523092985,0,0,0.045504128932952866,0,0.005674871522933251,0,0.005037652933970094,0,0.00460536302998662,0,0.007969545014202589,0,0.5168527364730835,0
298,2017-07-06 14:28:00,0.0025532091967761517,0,0,0.045504128932952866,0,0.0056571292690932775,0,0.005037652933970094,0,0.00460536302998662,0,0.007939074980095015,0,0.5168527364730835,0
299,2017-07-06 14:28:30,0.0026605853345245123,0,0,0.045504128932952866,0,0.005639387015253303,0,0.005037652933970094,0,0.00460536302998662,0,0.007908604945987443,0,0.5168527364730835,0
300,2017-07-06 14:29:00,0.0026048358995467424,0,0,0.045504128932952866,0,0.00562164476141334,0,0.005037652933970094,0,0.00460536302998662,0,0.007878134911879903,0,0.5168527364730835,0
301,2017-07-06 14:29:30,0.00263608293607831,0,0,0.045504128932952866,0,0.005603902507573366,0,0.005037652933970094,0,0.004529978288337589,0,0.007847664877772331,0,0.5168527364730835,0
302,2017-07-06 14:30:00,0.0027885979507118464,0,0,0.045504128932952866,0,0.005594730610027913,0,0.005037652933970094,0,0.004529978288337589,0,0.007809989340603343,0,0.5168527364730835,0
303,2017-07-06 14:30:30,0.00259402790106833,0,0,0.045504128932952866,0,0.005585558712482453,0,0.005037652933970094,0,0.004529978288337589,0,0.007772313803434355,0,0.5168527364730835,0
304,2017-07-06 14:31:00,0.0028575356118381023,0,0,0.045504128932952866,0,0.005576386814936995,0,0.005037652933970094,0,0.004529978288337589,0,0.007734638266265367,0,0.5168527364730835,0
305,2017-07-06 14:31:30,0.002781007206067443,0,0,0.045504128932952866,0,0.00556721491739154,0,0.005037652933970094,0,0.004529978288337589,0,0.007696962729096421,0,0.5168527364730835,0
306,2017-07-06 14:32:00,0.0028424866031855345,0,0,0.045504128932952866,0,0.005558043019846082,0,0.005037652933970094,0,0.004529978288337589,0,0.007659287191927433,0,0.5168527364730835,0
307,2017-07-06 14:32:30,0.003114240011200309,0,0,0.045504128932952866,0,0.005548871122300628,0,0.005037652933970094,0,0.004529978288337589,0,0.007621611654758445,0,0.5168527364730835,0
308,2017-07-06 14:33:00,0.003149954602122307,0,0,0.045504128932952866,0,0.005539699224755169,0,0.005037652933970094,0,0.004529978288337589,0,0.007583936117589457,0,0.5168527364730835,0
309,2017-07-06 14:33:30,0.0031371794175356627,0,0,0.045504128932952866,0,0.00553052732720971,0,0.005037652933970094,0,0.004529978288337589,0,0.007546260580420469,0,0.5168527364730835,0
310,2017-07-06 14:34:00,0.0031895670108497143,0,0,0.045504128932952866,0,0.005521355429664256,0,0.005037652933970094,0,0.004529978288337589,0,0.007508585043251523,0,0.5168527364730835,0
311,2017-07-06 14:34:30,0.0032424672972410917,0,0,0.045504128932952866,0,0.005512183532118797,0,0.005037652933970094,0,0.004370368644595147,0,0.007470909506082535,0,0.5168527364730835,0
312,2017-07-06 14:35:00,0.0030914179515093565,0,0,0.045504128932952866,0,0.00550745287910104,0,0.005037652933970094,0,0.004187914589419962,0,0.007433233968913547,0,0.5168527364730835,0
313,2017-07-06 14:35:30,0.0032086751889437437,0,0,0.045504128932952866,0,0.0055027222260832795,0,0.005037652933970094,0,0.0039599039126187565,0,0.0073955584317445585,0,0.5168527364730835,0
314,2017-07-06 14:36:00,0.0033207715023308992,0,0,0.045504128932952866,0,0.0054979915730655185,0,0.005037652933970094,0,0.003754343674518168,0,0.00735788289457557,0,0.5168527364730835,0
315,2017-07-06 14:36:30,0.003043894888833165,0,0,0.045504128932952866,0,0.005493260920047761,0,0.005037652933970094,0,0.003536936175078154,0,0.007320207357406625,0,0.5168527364730835,0
316,2017-07-06 14:37:00,0.00298894545994699,0,0,0.045504128932952866,0,0.005488530267030001,0,0.005037652933970094,0,0.0034307043068110945,0,0.0072825318202376366,0,0.5168527364730835,0
317,2017-07-06 14:37:30,0.003041009185835719,0,0,0.045504128932952866,0,0.005483799614012243,0,0.005037652933970094,0,0.0034167588921263812,0,0.007244856283068648,0,0.5168527364730835,0
318,2017-07-06 14:38:00,0.003266744315624237,0,0,0.045504128932952866,0,0.005479068960994483,0,0.005037652933970094,0,0.003330319398082793,0,0.00720718074589966,0,0.5168527364730835,0
319,2017-07-06 14:38:30,0.0030286069959402084,0,0,0.045504128932952866,0,0.005474338307976722,0,0.005037652933970094,0,0.0033164244377985597,0,0.007169505208730672,0,0.5168527364730835,0
320,2017-07-06 14:39:00,0.0028610376175493,0,0,0.045504128932952866,0,0.005469607654958964,0,0.005037652933970094,0,0.003284285287372768,0,0.0071318296715617265,0,0.5168527364730835,0
321,2017-07-06 14:39:30,0.0027197482995688915,0,0,0.045504128932952866,0,0.005464877001941204,0,0.005037652933970094,0,0.0032681466778740286,0,0.007094154134392738,0,0.5168527364730835,0
322,2017-07-06 14:40:00,0.002767635276541114,0,0,0.045504128932952866,0,0.005460026673972608,0,0.005037652933970094,0,0.0032529093557968737,0,0.007093517901375889,0,0.5168527364730835,0
323,2017-07-06 14:40:30,0.0028151734732091427,0,0,0.045504128932952866,0,0.00545517634600401,0,0.005037652933970094,0,0.0032448949990794063,0,0.0070928816683590405,0,0.5168527364730835,0
324,2017-07-06 14:41:00,0.0026650475338101387,0,0,0.045504128932952866,0,0.005450326018035411,0,0.004992116754874588,0,0.0032448949990794063,0,0.0070922454353421925,0,0.5168527364730835,0
325,2017-07-06 14:41:30,0.002702884841710329,0,0,0.045504128932952866,0,0.005445475690066815,0,0.004882064787670971,0,0.0032264322973787783,0,0.007091609202325344,0,0.5168527364730835,0
326,2017-07-06 14:42:00,0.0025803616736084223,0,0,0.045504128932952866,0,0.005440625362098217,0,0.004792282497510314,0,0.0032102727331221105,0,0.0070909729693084955,0,0.5168527364730835,0
327,2017-07-06 14:42:30,0.0025789879728108644,0,0,0.045504128932952866,0,0.005435775034129621,0,0.0047592238523066046,0,0.0031914778286591173,0,0.007090336736291647,0,0.5168527364730835,0
328,2017-07-06 14:43:00,0.0026908807922154665,0,0,0.045504128932952866,0,0.005430924706161023,0,0.004735520668327809,0,0.0031914778286591173,0,0.007089700503274798,0,0.5168527364730835,0
329,2017-07-06 14:43:30,0.0027464572340250015,0,0,0.045504128932952866,0,0.005426074378192424,0,0.0047310494352132085,0,0.0031914778286591173,0,0.00708906427025795,0,0.5168527364730835,0
330,2017-07-06 14:44:00,0.002632763935253024,0,0,0.045504128932952866,0,0.005421224050223828,0,0.004712974699214101,0,0.0031914778286591173,0,0.007088428037241102,0,0.5168527364730835,0
331,2017-07-06 14:44:30,0.002720789983868599,0,0,0.045504128932952866,0,0.00541637372225523,0,0.004694587318226695,0,0.0031914778286591173,0,0.007087791804224253,0,0.5168527364730835,0
332,2017-07-06 14:45:00,0.002573717152699828,0,0,0.045504128932952866,0,0.005416318960487843,0,0.004631739621981979,0,0.0031914778286591173,0,0.007087155571207404,0,0.5168527364730835,0
333,2017-07-06 14:45:30,0.0027150744572281837,0,0,0.045504128932952866,0,0.0054162641987204555,0,0.004598582489416004,0,0.0031539158429950477,0,0.007086519338190555,0,0.5168527364730835,0
334,2017-07-06 14:46:00,0.002806426491588354,0,0,0.045504128932952866,0,0.005416209436953067,0,0.004594200849533081,0,0.0031539158429950477,0,0.007085883105173707,0,0.5168527364730835,0
335,2017-07-06 14:46:30,0.0028327065519988537,0,0,0.045504128932952866,0,0.00541615467518568,0,0.004594200849533081,0,0.003138456935994327,0,0.007085246872156859,0,0.5168527364730835,0
336,2017-07-06 14:47:00,0.0029491980094462633,0,0,0.045504128932952866,0,0.005416099913418293,0,0.004594200849533081,0,0.003138456935994327,0,0.00708461063914001,0,0.5168527364730835,0
337,2017-07-06 14:47:30,0.002808311488479376,0,0,0.045504128932952866,0,0.005416045151650906,0,0.004594200849533081,0,0.003138456935994327,0,0.007083974406123161,0,0.5168527364730835,0
338,2017-07-06 14:48:00,0.0027501259464770555,0,0,0.045504128932952866,0,0.0054159903898835186,0,0.004594200849533081,0,0.003138456935994327,0,0.007083338173106312,0,0.5168527364730835,0
339,2017-07-06 14:48:30,0.0028981363866478205,0,0,0.045504128932952866,0,0.0054159356281161305,0,0.004594200849533081,0,0.003138456935994327,0,0.007082701940089464,0,0.5168527364730835,0
340,2017-07-06 14:49:00,0.0030081348959356546,0,0,0.045504128932952866,0,0.005415880866348743,0,0.004594200849533081,0,0.003138456935994327,0,0.007082065707072616,0,0.5168527364730835,0
341,2017-07-06 14:49:30,0.003029484301805496,0,0,0.045504128932952866,0,0.005415826104581356,0,0.004594200849533081,0,0.003138456935994327,0,0.007081429474055767,0,0.5168527364730835,0
342,2017-07-06 14:50:00,0.0030090066138654947,0,0,0.045504128932952866,0,0.0054151096381247045,0,0.004594200849533081,0,0.003138456935994327,0,0.0070741208037361485,0,0.5168527364730835,0
343,2017-07-06 14:50:30,0.002991691930219531,0,0,0.045504128932952866,0,0.005414393171668053,0,0.004594200849533081,0,0.003138456935994327,0,0.00706681213341653,0,0.5168527364730835,0
344,2017-07-06 14:51:00,0.0032675235997885466,0,0,0.045504128932952866,0,0.005413676705211401,0,0.004594200849533081,0,0.003138456935994327,1,0.0070595034630969115,0,0.5168527364730835,0
345,2017-07-06 14:51:30,0.0030984419863671064,0,0,0.045504128932952866,0,0.005412960238754749,0,0.004594200849533081,0,0.0031539158429950477,0,0.007052194792777302,0,0.5168527364730835,0
346,2017-07-06 14:52:00,0.003200179198756814,0,0,0.045504128932952866,0,0.005412243772298098,0,0.004594200849533081,0,0.0031539158429950477,1,0.007044886122457683,0,0.5168527364730835,0
347,2017-07-06 14:52:30,0.0035856340546160936,0,0,0.045504128932952866,0,0.005411527305841446,0,0.004594200849533081,0,0.0031906282296404243,1,0.0070375774521380646,0,0.5168527364730835,0
348,2017-07-06 14:53:00,0.004052537959069014,0,0,0.045504128932952866,0,0.005410810839384795,0,0.004594200849533081,0,0.003201028797775507,1,0.007030268781818446,0,0.5168527364730835,0
349,2017-07-06 14:53:30,0.00365154049359262,0,0,0.045504128932952866,0,0.005410094372928142,0,0.004594200849533081,0,0.0032120543997734784,1,0.0070229601114988275,0,0.5168527364730835,0
350,2017-07-06 14:54:00,0.0033032346982508898,0,0,0.045504128932952866,0,0.005409377906471491,0,0.004533567419275642,0,0.0032448949990794063,1,0.007015651441179218,0,0.5168527364730835,0
351,2017-07-06 14:54:30,0.0033579447772353888,0,0,0.045504128932952866,0,0.005408661440014839,0,0.00452308002859354,0,0.003266822244040668,1,0.007008342770859599,0,0.5168527364730835,0
352,2017-07-06 14:55:00,0.0030371311586350203,0,0,0.045504128932952866,0,0.005395957175642257,0,0.004385741893202067,0,0.003271094709634781,0,0.007001034100539981,0,0.5168527364730835,0
353,2017-07-06 14:55:30,0.002892690012231469,0,0,0.045504128932952866,0,0.005383252911269666,0,0.004355153162032366,0,0.003271094709634781,0,0.006993725430220362,0,0.5168527364730835,0
354,2017-07-06 14:56:00,0.002968640299513936,0,0,0.045504128932952866,0,0.005370548646897076,0,0.004276722110807896,0,0.003271094709634781,0,0.0069864167599007435,0,0.5168527364730835,0
355,2017-07-06 14:56:30,0.003402662929147482,0,0,0.045504128932952866,0,0.0053578443825244935,0,0.004200243577361108,0,0.003271094709634781,1,0.006979108089581134,0,0.5168527364730835,0
356,2017-07-06 14:57:00,0.0028902951162308455,0,0,0.045504128932952866,0,0.005345140118151903,0,0.004171839402988553,0,0.0033049883786588907,0,0.006971799419261515,0,0.5168527364730835,0
357,2017-07-06 14:57:30,0.0028293542563915253,0,0,0.045504128932952866,0,0.005332435853779321,0,0.004171839402988553,0,0.0033049883786588907,0,0.006964490748941897,0,0.5168527364730835,0
358,2017-07-06 14:58:00,0.0027416490484029055,0,0,0.045504128932952866,0,0.00531973158940673,0,0.004171839402988553,0,0.0033049883786588907,0,0.006957182078622278,0,0.5168527364730835,0
359,2017-07-06 14:58:30,0.002652280032634735,0,0,0.045504128932952866,0,0.00530702732503414,0,0.004171839402988553,0,0.0033049883786588907,0,0.0069498734083026596,0,0.5168527364730835,0
360,2017-07-06 14:59:00,0.002618781290948391,0,0,0.045504128932952866,0,0.0052943230606615575,0,0.004171839402988553,0,0.0033049883786588907,0,0.00694256473798305,0,0.5168527364730835,0
361,2017-07-06 14:59:30,0.0027930743526667356,0,0,0.045504128932952866,0,0.005281618796288967,0,0.0040642363950610175,0,0.0033049883786588907,0,0.006935256067663431,0,0.5168527364730835,0
362,2017-07-06 15:00:00,0.002621616004034877,0,0,0.045504128932952866,0,0.0052811880595982075,0,0.0040642363950610175,0,0.0033049883786588907,0,0.006925899814814327,0,0.5168527364730835,0
363,2017-07-06 15:00:30,0.0027163252234458923,0,0,0.045504128932952866,0,0.005280757322907448,0,0.0040642363950610175,0,0.0033049883786588907,0,0.0069165435619652224,0,0.5168527364730835,0
364,2017-07-06 15:01:00,0.0027836852241307497,0,0,0.045504128932952866,0,0.005280326586216688,0,0.0040642363950610175,0,0.0033049883786588907,0,0.0069071873091161185,0,0.5168527364730835,0
365,2017-07-06 15:01:30,0.002598184859380126,0,0,0.045504128932952866,0,0.0052798958495259285,0,0.0040642363950610175,0,0.0033049883786588907,0,0.006897831056267025,0,0.5168527364730835,0
366,2017-07-06 15:02:00,0.0025766240432858467,0,0,0.045504128932952866,0,0.005279465112835169,0,0.0040642363950610175,0,0.0033049883786588907,0,0.006888474803417921,0,0.5168527364730835,0
367,2017-07-06 15:02:30,0.002393000293523073,0,0,0.045504128932952866,0,0.005279034376144409,0,0.0040642363950610175,0,0.0033049883786588907,0,0.006879118550568817,0,0.5168527364730835,0
368,2017-07-06 15:03:00,0.002463315147906542,0,0,0.045504128932952866,0,0.0052786036394536495,0,0.003948205476626755,0,0.0033049883786588907,0,0.006869762297719713,0,0.5168527364730835,0
369,2017-07-06 15:03:30,0.0025693608913570642,0,0,0.045504128932952866,0,0.00527817290276289,0,0.00375434367451817,0,0.0033049883786588907,0,0.006860406044870608,0,0.5168527364730835,0
370,2017-07-06 15:04:00,0.0024440702982246876,0,0,0.045504128932952866,0,0.00527774216607213,0,0.003659795597195626,0,0.0033049883786588907,0,0.006851049792021515,0,0.5168527364730835,0
371,2017-07-06 15:04:30,0.0024824298452585936,0,0,0.045504128932952866,0,0.0052773114293813705,0,0.0035922246985137466,0,0.0033049883786588907,0,0.006841693539172411,0,0.5168527364730835,0
372,2017-07-06 15:05:00,0.0025658479426056147,0,0,0.045504128932952866,0,0.005270355334505442,0,0.0035220904275774963,0,0.0033049883786588907,0,0.006832337286323307,0,0.5168527364730835,0
373,2017-07-06 15:05:30,0.002461364259943366,0,0,0.045504128932952866,0,0.005263399239629508,0,0.003430704306811095,0,0.0033049883786588907,0,0.006822981033474203,0,0.5168527364730835,0
374,2017-07-06 15:06:00,0.0024912783410400152,0,0,0.045504128932952866,0,0.005256443144753574,0,0.0034167588921263812,0,0.0033049883786588907,0,0.006813624780625098,0,0.5168527364730835,0
375,2017-07-06 15:06:30,0.0024139524903148413,0,0,0.045504128932952866,0,0.005249487049877645,0,0.0034040216822177173,0,0.003271094709634781,0,0.006804268527776005,0,0.5168527364730835,0
376,2017-07-06 15:07:00,0.0024782351683825254,0,0,0.045504128932952866,0,0.005242530955001712,0,0.0033624165924265982,0,0.003271094709634781,0,0.006794912274926901,0,0.5168527364730835,0
377,2017-07-06 15:07:30,0.0026491344906389713,0,0,0.045504128932952866,0,0.005235574860125783,0,0.0033244888298213484,0,0.003271094709634781,0,0.006785556022077797,0,0.5168527364730835,0
378,2017-07-06 15:08:00,0.002867243718355894,0,0,0.045504128932952866,0,0.00522861876524985,0,0.0033164244377985597,0,0.003271094709634781,0,0.006776199769228692,0,0.5168527364730835,0
379,2017-07-06 15:08:30,0.002716914052143693,0,0,0.045504128932952866,0,0.005221662670373915,0,0.0033045053714886308,0,0.003271094709634781,0,0.006766843516379588,0,0.5168527364730835,0
380,2017-07-06 15:09:00,0.0026920235250145197,0,0,0.045504128932952866,0,0.0052147065754979864,0,0.003283014614135027,0,0.003271094709634781,0,0.006757487263530495,0,0.5168527364730835,0
381,2017-07-06 15:09:30,0.002795587293803692,0,0,0.045504128932952866,0,0.005207750480622053,0,0.0032688480336219073,0,0.003271094709634781,0,0.006748131010681391,0,0.5168527364730835,0
382,2017-07-06 15:10:00,0.002662633778527379,0,0,0.045504128932952866,0,0.005204919911921025,0,0.003266822244040668,0,0.003271094709634781,0,0.006744137778878211,0,0.5168527364730835,0
383,2017-07-06 15:10:30,0.0026278370060026646,0,0,0.045504128932952866,0,0.005202089343219996,0,0.003266822244040668,0,0.003271094709634781,0,0.006740144547075031,0,0.5168527364730835,0
384,2017-07-06 15:11:00,0.0026219284627586603,0,0,0.045504128932952866,0,0.005199258774518966,0,0.003266822244040668,0,0.003271094709634781,0,0.006736151315271851,0,0.5168527364730835,0
385,2017-07-06 15:11:30,0.0026685716584324837,0,0,0.045504128932952866,0,0.0051964282058179385,0,0.0032448949990794063,0,0.003271094709634781,0,0.006732158083468672,0,0.5168527364730835,0
386,2017-07-06 15:12:00,0.0026634035166352987,0,0,0.045504128932952866,0,0.005193597637116909,0,0.0032264322973787787,0,0.003271094709634781,0,0.006728164851665497,0,0.5168527364730835,0
387,2017-07-06 15:12:30,0.002513886196538806,0,0,0.045504128932952866,0,0.005190767068415881,0,0.0032102727331221105,0,0.003271094709634781,0,0.006724171619862317,0,0.5168527364730835,0
388,2017-07-06 15:13:00,0.002559605287387967,0,0,0.045504128932952866,0,0.005187936499714852,0,0.0032102727331221105,0,0.003271094709634781,0,0.006720178388059137,0,0.5168527364730835,0
389,2017-07-06 15:13:30,0.0025973410811275244,0,0,0.045504128932952866,0,0.005185105931013822,0,0.0032102727331221105,0,0.003271094709634781,0,0.006716185156255957,0,0.5168527364730835,0
390,2017-07-06 15:14:00,0.0025596513878554106,0,0,0.045504128932952866,0,0.005182275362312794,0,0.0032102727331221105,0,0.003271094709634781,0,0.006712191924452778,0,0.5168527364730835,0
391,2017-07-06 15:14:30,0.0025743842124938965,0,0,0.045504128932952866,0,0.005179444793611765,0,0.0032102727331221105,0,0.003271094709634781,0,0.006708198692649603,0,0.5168527364730835,0
392,2017-07-06 15:15:00,0.0026003550738096237,0,0,0.045504128932952866,0,0.005178433749824763,0,0.0032102727331221105,0,0.003271094709634781,0,0.006704205460846423,0,0.5168527364730835,0
393,2017-07-06 15:15:30,0.0025830448139458895,0,0,0.045504128932952866,0,0.00517742270603776,0,0.003201028797775507,0,0.003271094709634781,0,0.006700212229043243,0,0.5168527364730835,0
394,2017-07-06 15:16:00,0.002726494800299406,0,0,0.045504128932952866,0,0.005176411662250757,0,0.003201028797775507,0,0.003271094709634781,0,0.006696218997240063,0,0.5168527364730835,0
395,2017-07-06 15:16:30,0.002721048891544342,0,0,0.045504128932952866,0,0.005175400618463755,0,0.0031906282296404243,0,0.003271094709634781,0,0.0066922257654368844,0,0.5168527364730835,0
396,2017-07-06 15:17:00,0.0025597973726689816,0,0,0.045504128932952866,0,0.005174389574676752,0,0.0031906282296404243,0,0.003271094709634781,0,0.006688232533633709,0,0.5168527364730835,0
397,2017-07-06 15:17:30,0.002735992195084691,0,0,0.045504128932952866,0,0.00517337853088975,0,0.0031906282296404243,0,0.003271094709634781,0,0.006684239301830529,0,0.5168527364730835,0
398,2017-07-06 15:18:00,0.0026468574069440365,0,0,0.045504128932952866,0,0.005172367487102747,0,0.0031906282296404243,0,0.003271094709634781,0,0.006680246070027349,0,0.5168527364730835,0
399,2017-07-06 15:18:30,0.0027585981879383326,0,0,0.045504128932952866,0,0.005171356443315745,0,0.0031906282296404243,0,0.003271094709634781,0,0.0066762528382241695,0,0.5168527364730835,0
400,2017-07-06 15:19:00,0.002799669047817588,0,0,0.045504128932952866,0,0.005170345399528742,0,0.0031906282296404243,0,0.003271094709634781,0,0.0066722596064209905,0,0.5168527364730835,0
401,2017-07-06 15:19:30,0.0027724478859454393,0,0,0.045504128932952866,0,0.005169334355741739,0,0.0031906282296404243,0,0.003271094709634781,0,0.006668266374617815,0,0.5168527364730835,0
402,2017-07-06 15:20:00,0.0028450684621930122,0,0,0.045504128932952866,0,0.005162586877122523,0,0.0031906282296404243,0,0.003271094709634781,0,0.006658889912068842,0,0.5168527364730835,0
403,2017-07-06 15:20:30,0.0027837157249450684,0,0,0.045504128932952866,0,0.005155839398503304,0,0.0031906282296404243,0,0.003271094709634781,0,0.0066495134495198685,0,0.5168527364730835,0
404,2017-07-06 15:21:00,0.0029460371006280184,0,0,0.045504128932952866,0,0.005149091919884085,0,0.0031906282296404243,0,0.003271094709634781,0,0.006640136986970895,0,0.5168527364730835,0
405,2017-07-06 15:21:30,0.0028475113213062286,0,0,0.045504128932952866,0,0.005142344441264869,0,0.0031906282296404243,0,0.0032104847487062216,0,0.006630760524421922,0,0.5168527364730835,0
406,2017-07-06 15:22:00,0.00309398933313787,0,0,0.045504128932952866,0,0.00513559696264565,0,0.0031906282296404243,0,0.0032104847487062216,0,0.006621384061872959,0,0.5168527364730835,0
407,2017-07-06 15:22:30,0.0029321745969355106,0,0,0.045504128932952866,0,0.005128849484026434,0,0.0031906282296404243,0,0.003114913869649172,0,0.006612007599323986,0,0.5168527364730835,0
408,2017-07-06 15:23:00,0.0030549285002052784,0,0,0.045504128932952866,0,0.0051221020054072145,0,0.0031906282296404243,0,0.0030428169760853053,1,0.006602631136775013,0,0.5168527364730835,0
409,2017-07-06 15:23:30,0.003100838977843523,0,0,0.045504128932952866,0,0.005115354526787996,0,0.0031906282296404243,0,0.003038910892792046,1,0.006593254674226039,0,0.5168527364730835,0
410,2017-07-06 15:24:00,0.0028293828945606947,0,0,0.045504128932952866,0,0.00510860704816878,0,0.0031906282296404243,0,0.003038910892792046,0,0.006583878211677066,0,0.5168527364730835,0
411,2017-07-06 15:24:30,0.0028675119392573833,0,0,0.045504128932952866,0,0.0051018595695495605,0,0.0031906282296404243,0,0.0029754893854260444,0,0.006574501749128103,0,0.5168527364730835,0
412,2017-07-06 15:25:00,0.0029205691535025835,0,0,0.045504128932952866,0,0.005094725498929622,0,0.0031906282296404243,0,0.00294829742051661,0,0.00656512528657913,0,0.5168527364730835,0
413,2017-07-06 15:25:30,0.0030806316062808037,0,0,0.045504128932952866,0,0.00508759142830968,0,0.0031906282296404243,0,0.0029335608473047615,1,0.006555748824030157,0,0.5168527364730835,0
414,2017-07-06 15:26:00,0.0027806232683360577,0,0,0.045504128932952866,0,0.005080457357689737,0,0.0031906282296404243,0,0.00294829742051661,0,0.0065463723614811835,0,0.5168527364730835,0
415,2017-07-06 15:26:30,0.002885550959035754,0,0,0.045504128932952866,0,0.005073323287069799,0,0.0031906282296404243,0,0.0029335608473047615,0,0.00653699589893221,0,0.5168527364730835,0
416,2017-07-06 15:27:00,0.0027587036602199078,0,0,0.045504128932952866,0,0.005066189216449857,0,0.0031906282296404243,0,0.0029217296978458762,0,0.006527619436383247,0,0.5168527364730835,0
417,2017-07-06 15:27:30,0.002620214829221368,0,0,0.045504128932952866,0,0.005059055145829918,0,0.0031906282296404243,0,0.0029217296978458762,0,0.006518242973834274,0,0.5168527364730835,0
418,2017-07-06 15:28:00,0.0026223401073366404,0,0,0.045504128932952866,0,0.005051921075209976,0,0.0031906282296404243,0,0.0029217296978458762,0,0.006508866511285301,0,0.5168527364730835,0
419,2017-07-06 15:28:30,0.002641977509483695,0,0,0.045504128932952866,0,0.0050447870045900334,0,0.0031906282296404243,0,0.0029217296978458762,0,0.006499490048736328,0,0.5168527364730835,0
420,2017-07-06 15:29:00,0.002759211463853717,0,0,0.045504128932952866,0,0.005037652933970095,0,0.0031906282296404243,0,0.0029217296978458762,0,0.006490113586187354,0,0.5168527364730835,0
421,2017-07-06 15:29:30,0.002567994873970747,0,0,0.045504128932952866,0,0.005030518863350153,0,0.0031906282296404243,0,0.0029217296978458762,0,0.0064807371236383915,0,0.5168527364730835,0
422,2017-07-06 15:30:00,0.002626801375299692,0,0,0.045504128932952866,0,0.005030376510694623,0,0.0031906282296404243,0,0.0029217296978458762,0,0.0064776645507663485,0,0.5168527364730835,0
423,2017-07-06 15:30:30,0.0026699574664235115,0,0,0.045504128932952866,0,0.005030234158039093,0,0.0031906282296404243,0,0.0029217296978458762,0,0.006474591977894305,0,0.5168527364730835,0
424,2017-07-06 15:31:00,0.0026236665435135365,0,0,0.045504128932952866,0,0.005030091805383563,0,0.0031906282296404243,0,0.0029217296978458762,0,0.006471519405022262,0,0.5168527364730835,0
425,2017-07-06 15:31:30,0.0026716594584286213,0,0,0.045504128932952866,0,0.005029949452728033,0,0.0031906282296404243,0,0.0029217296978458762,0,0.006468446832150218,0,0.5168527364730835,0
426,2017-07-06 15:32:00,0.002575936261564493,0,0,0.045504128932952866,0,0.005029807100072503,0,0.0031906282296404243,0,0.0029217296978458762,0,0.006465374259278178,0,0.5168527364730835,0
427,2017-07-06 15:32:30,0.002508701290935278,0,0,0.045504128932952866,0,0.0050296647474169735,0,0.0031906282296404243,0,0.0029217296978458762,0,0.006462301686406135,0,0.5168527364730835,0
428,2017-07-06 15:33:00,0.0026220811996608973,0,0,0.045504128932952866,0,0.005029522394761443,0,0.0031906282296404243,0,0.0029217296978458762,0,0.006459229113534091,0,0.5168527364730835,0
429,2017-07-06 15:33:30,0.0026450941804796457,0,0,0.045504128932952866,0,0.005029380042105913,0,0.0031906282296404243,0,0.0029217296978458762,0,0.006456156540662048,0,0.5168527364730835,0
430,2017-07-06 15:34:00,0.0026316309813410044,0,0,0.045504128932952866,0,0.005029237689450383,0,0.0031906282296404243,0,0.0029217296978458762,0,0.0064530839677900045,0,0.5168527364730835,0
431,2017-07-06 15:34:30,0.0026791731361299753,0,0,0.045504128932952866,0,0.005029095336794853,0,0.003110772999934853,0,0.0029217296978458762,0,0.006450011394917965,0,0.5168527364730835,0
432,2017-07-06 15:35:00,0.002778861438855529,0,0,0.045504128932952866,0,0.005024970788508655,0,0.003098681685514748,0,0.0029217296978458762,0,0.006446938822045922,0,0.5168527364730835,0
433,2017-07-06 15:35:30,0.0026209845673292875,0,0,0.045504128932952866,0,0.005020846240222455,0,0.003098681685514748,0,0.0029217296978458762,0,0.006443866249173878,0,0.5168527364730835,0
434,2017-07-06 15:36:00,0.002785247750580311,0,0,0.045504128932952866,0,0.005016721691936254,0,0.0030944345984607936,0,0.0029217296978458762,0,0.006440793676301835,0,0.5168527364730835,0
435,2017-07-06 15:36:30,0.0025990083813667297,0,0,0.045504128932952866,0,0.005012597143650056,0,0.00308196737896651,0,0.0029217296978458762,0,0.006437721103429791,0,0.5168527364730835,0
436,2017-07-06 15:37:00,0.002377681201323867,0,0,0.045504128932952866,0,0.005008472595363855,0,0.00308196737896651,0,0.0029217296978458762,0,0.006434648530557752,0,0.5168527364730835,0
437,2017-07-06 15:37:30,0.00256491731852293,0,0,0.045504128932952866,0,0.005004348047077657,0,0.00308196737896651,0,0.0029217296978458762,0,0.006431575957685709,0,0.5168527364730835,0
438,2017-07-06 15:38:00,0.0024711324367672205,0,0,0.045504128932952866,0,0.005000223498791457,0,0.00308196737896651,0,0.0029217296978458762,0,0.006428503384813665,0,0.5168527364730835,0
439,2017-07-06 15:38:30,0.002602993045002222,0,0,0.045504128932952866,0,0.004996098950505256,0,0.003057498810812831,0,0.0029217296978458762,0,0.006425430811941622,0,0.5168527364730835,0
440,2017-07-06 15:39:00,0.0023728935047984123,0,0,0.045504128932952866,0,0.004991974402219058,0,0.003057498810812831,0,0.0029217296978458762,0,0.006422358239069578,0,0.5168527364730835,0
441,2017-07-06 15:39:30,0.002506533171981573,0,0,0.045504128932952866,0,0.0049878498539328575,0,0.003057498810812831,0,0.0029217296978458762,0,0.006419285666197538,0,0.5168527364730835,0
442,2017-07-06 15:40:00,0.0023291800171136856,0,0,0.045504128932952866,0,0.004981924174353483,0,0.003057498810812831,0,0.0029217296978458762,0,0.0064105457859113795,0,0.5168527364730835,0
443,2017-07-06 15:40:30,0.0023923052940517664,0,0,0.045504128932952866,0,0.004975998494774104,0,0.003057498810812831,0,0.0029217296978458762,0,0.00640180590562522,0,0.5168527364730835,0
444,2017-07-06 15:41:00,0.002304496942088008,0,0,0.045504128932952866,0,0.004970072815194725,0,0.003057498810812831,0,0.0029217296978458762,0,0.006393066025339061,0,0.5168527364730835,0
445,2017-07-06 15:41:30,0.0025184755213558674,0,0,0.045504128932952866,0,0.00496414713561535,0,0.003057498810812831,0,0.0029217296978458762,0,0.006384326145052902,0,0.5168527364730835,0
446,2017-07-06 15:42:00,0.0024404048454016447,0,0,0.045504128932952866,0,0.004958221456035972,0,0.003057498810812831,0,0.0029217296978458762,0,0.006375586264766753,0,0.5168527364730835,0
447,2017-07-06 15:42:30,0.002254234394058585,0,0,0.045504128932952866,0,0.004952295776456597,0,0.003057498810812831,0,0.0029217296978458762,0,0.006366846384480594,0,0.5168527364730835,0
448,2017-07-06 15:43:00,0.0022528094705194235,0,0,0.045504128932952866,0,0.004946370096877218,0,0.003057498810812831,0,0.0029217296978458762,0,0.006358106504194434,0,0.5168527364730835,0
449,2017-07-06 15:43:30,0.002330910414457321,0,0,0.045504128932952866,0,0.004940444417297839,0,0.003057498810812831,0,0.0029217296978458762,0,0.006349366623908275,0,0.5168527364730835,0
450,2017-07-06 15:44:00,0.0023110921029001474,0,0,0.045504128932952866,0,0.004934518737718464,0,0.003057498810812831,0,0.0029217296978458762,0,0.006340626743622116,0,0.5168527364730835,0
451,2017-07-06 15:44:30,0.002380236517637968,0,0,0.045504128932952866,0,0.004928593058139086,0,0.003057498810812831,0,0.0029217296978458762,0,0.006331886863335967,0,0.5168527364730835,0
452,2017-07-06 15:45:00,0.0023842109367251396,0,0,0.045504128932952866,0,0.004922764841467144,0,0.003057498810812831,0,0.0029217296978458762,0,0.006323146983049808,0,0.5168527364730835,0
453,2017-07-06 15:45:30,0.0023672820534557104,0,0,0.045504128932952866,0,0.004916936624795199,0,0.003057498810812831,0,0.0029217296978458762,0,0.0063144071027636485,0,0.5168527364730835,0
454,2017-07-06 15:46:00,0.0023157151881605387,0,0,0.045504128932952866,0,0.004911108408123254,0,0.003057498810812831,0,0.0029217296978458762,0,0.00630566722247749,0,0.5168527364730835,0
455,2017-07-06 15:46:30,0.0023637788835912943,0,0,0.045504128932952866,0,0.004905280191451313,0,0.003057498810812831,0,0.0029217296978458762,0,0.006296927342191331,0,0.5168527364730835,0
456,2017-07-06 15:47:00,0.002334760269150138,0,0,0.045504128932952866,0,0.0048994519747793674,0,0.003057498810812831,0,0.0029217296978458762,0,0.006288187461905181,0,0.5168527364730835,0
457,2017-07-06 15:47:30,0.002436051843687892,0,0,0.045504128932952866,0,0.0048936237581074255,0,0.003057498810812831,0,0.0029217296978458762,0,0.0062794475816190225,0,0.5168527364730835,0
458,2017-07-06 15:48:00,0.002307235961779952,0,0,0.045504128932952866,0,0.004887795541435481,0,0.003057498810812831,0,0.0029217296978458762,0,0.006270707701332863,0,0.5168527364730835,0
459,2017-07-06 15:48:30,0.0023665609769523144,0,0,0.045504128932952866,0,0.004881967324763536,0,0.003057498810812831,0,0.0029217296978458762,0,0.006261967821046704,0,0.5168527364730835,0
460,2017-07-06 15:49:00,0.0024159885942935944,0,0,0.045504128932952866,0,0.0048761391080915945,0,0.003057498810812831,0,0.0029217296978458762,0,0.006253227940760545,0,0.5168527364730835,0
461,2017-07-06 15:49:30,0.0022943364456295967,0,0,0.045504128932952866,0,0.004870310891419649,0,0.003057498810812831,0,0.0029217296978458762,0,0.006244488060474396,0,0.5168527364730835,0
462,2017-07-06 15:50:00,0.002355129923671484,0,0,0.045504128932952866,0,0.0048616410698741706,0,0.003057498810812831,0,0.0029217296978458762,0,0.0062334419926628444,0,0.5168527364730835,0
463,2017-07-06 15:50:30,0.0022657886147499084,0,0,0.045504128932952866,0,0.004852971248328687,0,0.003057498810812831,0,0.0029217296978458762,0,0.006222395924851293,0,0.5168527364730835,0
464,2017-07-06 15:51:00,0.002470233477652073,0,0,0.045504128932952866,0,0.004844301426783203,0,0.003057498810812831,0,0.0029217296978458762,0,0.006211349857039742,0,0.5168527364730835,0
465,2017-07-06 15:51:30,0.0023906587157398462,0,0,0.045504128932952866,0,0.0048356316052377245,0,0.003038910892792046,0,0.0028890527784824374,0,0.0062003037892281905,0,0.5168527364730835,0
466,2017-07-06 15:52:00,0.0024609738029539585,0,0,0.045504128932952866,0,0.004826961783692241,0,0.0029754893854260452,0,0.0028890527784824374,0,0.006189257721416652,0,0.5168527364730835,0
467,2017-07-06 15:52:30,0.0023356673773378134,0,0,0.045504128932952866,0,0.004818291962146762,0,0.00294829742051661,0,0.0028693158412352203,0,0.006178211653605101,0,0.5168527364730835,0
468,2017-07-06 15:53:00,0.0022875601425766945,0,0,0.045504128932952866,0,0.004809622140601278,0,0.0029335608473047615,0,0.0028331957990303637,0,0.00616716558579355,0,0.5168527364730835,0
469,2017-07-06 15:53:30,0.002277902327477932,0,0,0.045504128932952866,0,0.004800952319055795,0,0.0029217296978458762,0,0.0027896612649783493,0,0.006156119517981998,0,0.5168527364730835,0
470,2017-07-06 15:54:00,0.0023494125343859196,0,0,0.045504128932952866,0,0.004792282497510316,0,0.002895477926358581,0,0.002781085716560483,0,0.006145073450170447,0,0.5168527364730835,0
471,2017-07-06 15:54:30,0.0023378166370093822,0,0,0.045504128932952866,0,0.004783612675964832,0,0.0028905346058309077,0,0.0027790376218035815,0,0.006134027382358909,0,0.5168527364730835,0
472,2017-07-06 15:55:00,0.002351712202653289,0,0,0.045504128932952866,0,0.0047829010989516975,0,0.0028860253747552632,0,0.002761176461353898,0,0.006122981314547357,0,0.5168527364730835,0
473,2017-07-06 15:55:30,0.0024922392331063747,0,0,0.045504128932952866,0,0.004782189521938563,0,0.0028693158412352207,0,0.0027587544405832886,0,0.006111935246735806,0,0.5168527364730835,0
474,2017-07-06 15:56:00,0.0023271844256669283,0,0,0.045504128932952866,0,0.004781477944925427,0,0.002867270540446043,0,0.0026871261885389685,0,0.006100889178924255,0,0.5168527364730835,0
475,2017-07-06 15:56:30,0.0024129366502165794,0,0,0.045504128932952866,0,0.004780766367912292,0,0.002849484561011195,0,0.0026724108261987566,0,0.006089843111112703,0,0.5168527364730835,0
476,2017-07-06 15:57:00,0.002392910188063979,0,0,0.045504128932952866,0,0.0047800547908991575,0,0.0028453127481043337,0,0.0026701276656240225,0,0.006078797043301165,0,0.5168527364730835,0
477,2017-07-06 15:57:30,0.0025323089212179184,0,0,0.045504128932952866,0,0.004779343213886023,0,0.0028309514513239265,0,0.002647580509074032,0,0.006067750975489614,0,0.5168527364730835,0
478,2017-07-06 15:58:00,0.002456478774547577,0,0,0.045504128932952866,0,0.004778631636872888,0,0.0028309514513239265,0,0.002647580509074032,0,0.0060567049076780625,0,0.5168527364730835,0
479,2017-07-06 15:58:30,0.0025813376996666193,0,0,0.045504128932952866,0,0.004777920059859752,0,0.0028309514513239265,0,0.002647580509074032,0,0.006045658839866511,0,0.5168527364730835,0
480,2017-07-06 15:59:00,0.00253274105489254,0,0,0.045504128932952866,0,0.0047772084828466175,0,0.0028309514513239265,0,0.002647580509074032,0,0.00603461277205496,0,0.5168527364730835,0
481,2017-07-06 15:59:30,0.002548611955717206,0,0,0.045504128932952866,0,0.004776496905833483,0,0.0028309514513239265,0,0.0026329773012548686,0,0.0060235667042434216,0,0.5168527364730835,0
482,2017-07-06 16:00:00,0.0025890348479151726,0,0,0.045504128932952866,0,0.004775061132386327,0,0.0028309514513239265,0,0.0026329773012548686,0,0.0060197412036359305,0,0.5168527364730835,0
483,2017-07-06 16:00:30,0.0025760051794350147,0,0,0.045504128932952866,0,0.004773625358939171,0,0.0028309514513239265,0,0.0026329773012548686,0,0.006015915703028439,0,0.5168527364730835,0
484,2017-07-06 16:01:00,0.0027879085391759872,0,0,0.045504128932952866,0,0.004772189585492015,0,0.0028309514513239265,0,0.002624462987296283,1,0.0060120902024209475,0,0.5168527364730835,0
485,2017-07-06 16:01:30,0.002798312110826373,0,0,0.045504128932952866,0,0.004770753812044859,0,0.0028309514513239265,0,0.0026329773012548686,1,0.006008264701813456,0,0.5168527364730835,0
486,2017-07-06 16:02:00,0.0028598762582987547,0,0,0.045504128932952866,0,0.004769318038597703,0,0.0028309514513239265,1,0.0026329773012548686,1,0.006004439201205969,0,0.5168527364730835,0
487,2017-07-06 16:02:30,0.0028752898797392845,0,0,0.045504128932952866,0,0.0047678822651505475,0,0.0028453127481043337,1,0.002648502076044679,1,0.006000613700598478,0,0.5168527364730835,0
488,2017-07-06 16:03:00,0.0026975558139383793,0,0,0.045504128932952866,0,0.004766446491703391,0,0.0028487478150054815,0,0.002689141966402531,1,0.005996788199990986,0,0.5168527364730835,0
489,2017-07-06 16:03:30,0.0028322471771389246,0,0,0.045504128932952866,0,0.004765010718256235,0,0.0028487478150054815,0,0.0027056863764300942,1,0.005992962699383495,0,0.5168527364730835,0
490,2017-07-06 16:04:00,0.002892865799367428,0,0,0.045504128932952866,0,0.0047635749448090795,0,0.0028487478150054815,1,0.002779500070028007,1,0.005989137198776003,0,0.5168527364730835,0
491,2017-07-06 16:04:30,0.002933399984613061,0,0,0.045504128932952866,0,0.004762139171361923,0,0.002860613004304469,1,0.0027855138294398786,1,0.005985311698168516,0,0.5168527364730835,0
492,2017-07-06 16:05:00,0.002833291422575712,0,0,0.045504128932952866,0,0.0047615766525268555,0,0.002867270540446043,0,0.002788948896341026,1,0.005981486197561025,0,0.5168527364730835,0
493,2017-07-06 16:05:30,0.002889919327571988,0,0,0.045504128932952866,0,0.004761014133691788,0,0.002867270540446043,1,0.0028017056174576283,1,0.005977660696953533,0,0.5168527364730835,0
494,2017-07-06 16:06:00,0.002876800484955311,0,0,0.045504128932952866,0,0.00476045161485672,0,0.0028682897333055734,1,0.0028323516016826034,1,0.005973835196346042,0,0.5168527364730835,0
495,2017-07-06 16:06:30,0.0026307643856853247,0,0,0.045504128932952866,0,0.004759889096021652,0,0.0028754409402608873,0,0.0028359499061480164,0,0.00597000969573855,0,0.5168527364730835,0
496,2017-07-06 16:07:00,0.0028137648478150368,0,0,0.045504128932952866,0,0.0047593265771865845,0,0.0028754409402608873,0,0.0028359499061480164,0,0.0059661841951310635,0,0.5168527364730835,0
497,2017-07-06 16:07:30,0.0027568992227315903,0,0,0.045504128932952866,0,0.004758764058351517,0,0.0028754409402608873,0,0.0028359499061480164,0,0.005962358694523572,0,0.5168527364730835,0
498,2017-07-06 16:08:00,0.002555601065978408,0,0,0.045504128932952866,0,0.004758201539516449,0,0.0028754409402608873,0,0.0028359499061480164,0,0.0059585331939160805,0,0.5168527364730835,0
499,2017-07-06 16:08:30,0.0025102582294493914,0,0,0.045504128932952866,0,0.004757639020681381,0,0.0028754409402608873,0,0.0028359499061480164,0,0.005954707693308589,0,0.5168527364730835,0
500,2017-07-06 16:09:00,0.0027344636619091034,0,0,0.045504128932952866,0,0.0047570765018463135,0,0.0028754409402608873,0,0.0028359499061480164,0,0.0059508821927010975,0,0.5168527364730835,0
501,2017-07-06 16:09:30,0.0025966870598495007,0,0,0.045504128932952866,0,0.004756513983011246,0,0.0028754409402608873,0,0.0028359499061480164,0,0.005947056692093611,0,0.5168527364730835,0
502,2017-07-06 16:10:00,0.0026499980594962835,0,0,0.045504128932952866,0,0.004754181392490865,0,0.0028754409402608873,0,0.0028359499061480164,0,0.005943068815395235,0,0.5168527364730835,0
503,2017-07-06 16:10:30,0.0026469347067177296,0,0,0.045504128932952866,0,0.004751848801970483,0,0.0028754409402608873,0,0.0028359499061480164,0,0.005939080938696859,0,0.5168527364730835,0
504,2017-07-06 16:11:00,0.0026005725376307964,0,0,0.045504128932952866,0,0.004749516211450099,0,0.0028754409402608873,0,0.0028359499061480164,0,0.005935093061998483,0,0.5168527364730835,0
505,2017-07-06 16:11:30,0.0028095876332372427,0,0,0.045504128932952866,0,0.0047471836209297185,0,0.0028754409402608873,0,0.0028359499061480164,0,0.0059311051853001085,0,0.5168527364730835,0
506,2017-07-06 16:12:00,0.0026519314851611853,0,0,0.045504128932952866,0,0.004744851030409336,0,0.0028754409402608873,0,0.0028359499061480164,0,0.005927117308601737,0,0.5168527364730835,0
507,2017-07-06 16:12:30,0.0027333409525454044,0,0,0.045504128932952866,0,0.004742518439888955,0,0.0028754409402608873,0,0.0028359499061480164,0,0.005923129431903361,0,0.5168527364730835,0
508,2017-07-06 16:13:00,0.002679103519767523,0,0,0.045504128932952866,0,0.004740185849368573,0,0.0028754409402608873,0,0.0028359499061480164,0,0.0059191415552049854,0,0.5168527364730835,0
509,2017-07-06 16:13:30,0.002700809622183442,0,0,0.045504128932952866,0,0.00473785325884819,0,0.0028754409402608873,0,0.0028359499061480164,0,0.00591515367850661,0,0.5168527364730835,0
510,2017-07-06 16:14:00,0.00266997586004436,0,0,0.045504128932952866,0,0.004735520668327809,0,0.0028754409402608873,0,0.0028359499061480164,0,0.005911165801808235,0,0.5168527364730835,0
511,2017-07-06 16:14:30,0.0026371199637651443,0,0,0.045504128932952866,0,0.0047331880778074265,0,0.0028754409402608873,0,0.0028359499061480164,0,0.005907177925109863,0,0.5168527364730835,0
512,2017-07-06 16:15:00,0.0026176711544394493,0,0,0.045504128932952866,0,0.004732950450852513,0,0.0028754409402608873,0,0.0028359499061480164,0,0.0059031900484114875,0,0.5168527364730835,0
513,2017-07-06 16:15:30,0.002566479379311204,0,0,0.045504128932952866,0,0.0047327128238976,0,0.0028754409402608873,0,0.0028359499061480164,0,0.005899202171713112,0,0.5168527364730835,0
514,2017-07-06 16:16:00,0.0025613040197640657,0,0,0.045504128932952866,0,0.004732475196942687,0,0.0028754409402608873,0,0.0028359499061480164,0,0.005895214295014736,0,0.5168527364730835,0
515,2017-07-06 16:16:30,0.0026320337783545256,0,0,0.045504128932952866,0,0.004732237569987774,0,0.0028754409402608873,0,0.0028359499061480164,0,0.005891226418316361,0,0.5168527364730835,0
516,2017-07-06 16:17:00,0.0027168449014425278,0,0,0.045504128932952866,0,0.004731999943032861,0,0.0028754409402608873,0,0.0028359499061480164,0,0.0058872385416179895,0,0.5168527364730835,0
517,2017-07-06 16:17:30,0.0024677671026438475,0,0,0.045504128932952866,0,0.004731762316077947,0,0.0028754409402608873,0,0.0028359499061480164,0,0.005883250664919614,0,0.5168527364730835,0
518,2017-07-06 16:18:00,0.002561908680945635,0,0,0.045504128932952866,0,0.004731524689123035,0,0.0028754409402608873,0,0.0028359499061480164,0,0.005879262788221238,0,0.5168527364730835,0
519,2017-07-06 16:18:30,0.002485991921275854,0,0,0.045504128932952866,0,0.004731287062168121,0,0.0028754409402608873,0,0.0028359499061480164,0,0.005875274911522862,0,0.5168527364730835,0
520,2017-07-06 16:19:00,0.002440200885757804,0,0,0.045504128932952866,0,0.0047310494352132085,0,0.0028754409402608873,0,0.0028359499061480164,0,0.005871287034824487,0,0.5168527364730835,0
521,2017-07-06 16:19:30,0.0025755136739462614,0,0,0.045504128932952866,0,0.004730811808258295,0,0.0028754409402608873,0,0.0028359499061480164,0,0.005867299158126116,0,0.5168527364730835,0
522,2017-07-06 16:20:00,0.002415689639747143,0,0,0.045504128932952866,0,0.004728829907253386,0,0.0028754409402608873,0,0.0028359499061480164,0,0.005865296791307628,0,0.5168527364730835,0
523,2017-07-06 16:20:30,0.0025209630839526653,0,0,0.045504128932952866,0,0.0047268480062484745,0,0.0028754409402608873,0,0.0028359499061480164,0,0.00586329442448914,0,0.5168527364730835,0
524,2017-07-06 16:21:00,0.002508708043023944,0,0,0.045504128932952866,0,0.004724866105243563,0,0.0028754409402608873,0,0.0028359499061480164,0,0.005861292057670652,0,0.5168527364730835,0
525,2017-07-06 16:21:30,0.0024402402341365814,0,0,0.045504128932952866,0,0.004722884204238654,0,0.0028682897333055734,0,0.0028359499061480164,0,0.005859289690852164,0,0.5168527364730835,0
526,2017-07-06 16:22:00,0.00244887568987906,0,0,0.045504128932952866,0,0.004720902303233743,0,0.0028682897333055734,0,0.0028359499061480164,0,0.005857287324033678,0,0.5168527364730835,0
527,2017-07-06 16:22:30,0.0024104570038616657,0,0,0.045504128932952866,0,0.004718920402228833,0,0.0028606398263946176,0,0.0028359499061480164,0,0.00585528495721519,0,0.5168527364730835,0
528,2017-07-06 16:23:00,0.00252305855974555,0,0,0.045504128932952866,0,0.004716938501223922,0,0.002835949906148017,0,0.0028359499061480164,0,0.005853282590396702,0,0.5168527364730835,0
529,2017-07-06 16:23:30,0.0023623849265277386,0,0,0.045504128932952866,0,0.004714956600219011,0,0.0028323516016826034,0,0.0028359499061480164,0,0.005851280223578214,0,0.5168527364730835,0
530,2017-07-06 16:24:00,0.0025025401264429092,0,0,0.045504128932952866,0,0.0047129746992141015,0,0.0028296693228185175,0,0.0028359499061480164,0,0.005849277856759726,0,0.5168527364730835,0
531,2017-07-06 16:24:30,0.002730898093432188,0,0,0.045504128932952866,0,0.00471099279820919,0,0.002815613080747426,0,0.0028359499061480164,0,0.005847275489941239,0,0.5168527364730835,0
532,2017-07-06 16:25:00,0.0025940348859876394,0,0,0.045504128932952866,0,0.004709169967100025,0,0.002810005354695022,0,0.0028359499061480164,0,0.005845273123122751,0,0.5168527364730835,0
533,2017-07-06 16:25:30,0.002593675395473838,0,0,0.045504128932952866,0,0.004707347135990858,0,0.0027994396630674602,0,0.0028359499061480164,0,0.005843270756304263,0,0.5168527364730835,0
534,2017-07-06 16:26:00,0.0024480544961988926,0,0,0.045504128932952866,0,0.004705524304881692,0,0.002788948896341026,0,0.0028359499061480164,0,0.005841268389485775,0,0.5168527364730835,0
535,2017-07-06 16:26:30,0.002645965199917555,0,0,0.045504128932952866,0,0.004703701473772526,0,0.002788948896341026,0,0.0028359499061480164,0,0.005839266022667287,0,0.5168527364730835,0
536,2017-07-06 16:27:00,0.0025432943366467953,0,0,0.045504128932952866,0,0.00470187864266336,0,0.0027855138294398786,0,0.0028359499061480164,0,0.005837263655848801,0,0.5168527364730835,0
537,2017-07-06 16:27:30,0.0026879210490733385,0,0,0.045504128932952866,0,0.004700055811554194,0,0.0027855138294398786,0,0.0028359499061480164,0,0.005835261289030313,0,0.5168527364730835,0
538,2017-07-06 16:28:00,0.002649124478921294,0,0,0.045504128932952866,0,0.004698232980445027,0,0.0027855138294398786,0,0.0028359499061480164,0,0.005833258922211825,0,0.5168527364730835,0
539,2017-07-06 16:28:30,0.0026065846905112267,0,0,0.045504128932952866,0,0.004696410149335861,0,0.0027855138294398786,0,0.0028359499061480164,0,0.005831256555393337,0,0.5168527364730835,0
540,2017-07-06 16:29:00,0.002748689381405711,0,0,0.045504128932952866,0,0.004694587318226695,0,0.0027855138294398786,0,0.0028359499061480164,0,0.005829254188574849,0,0.5168527364730835,0
541,2017-07-06 16:29:30,0.00276893749833107,0,0,0.045504128932952866,0,0.004692764487117529,0,0.0027855138294398786,0,0.0028359499061480164,0,0.005827251821756363,0,0.5168527364730835,0
542,2017-07-06 16:30:00,0.002656601369380951,0,0,0.045504128932952866,0,0.004685983946546914,0,0.0027855138294398786,0,0.0028359499061480164,0,0.005826772679574787,0,0.5168527364730835,0
543,2017-07-06 16:30:30,0.0026337779127061367,0,0,0.045504128932952866,0,0.004679203405976296,0,0.0027855138294398786,0,0.0028359499061480164,0,0.005826293537393212,0,0.5168527364730835,0
544,2017-07-06 16:31:00,0.002733370289206505,0,0,0.045504128932952866,0,0.004672422865405678,0,0.0027855138294398786,0,0.0028359499061480164,0,0.005825814395211637,0,0.5168527364730835,0
545,2017-07-06 16:31:30,0.0027418623212724924,0,0,0.045504128932952866,0,0.004665642324835064,0,0.0027855138294398786,0,0.0028359499061480164,0,0.005825335253030061,0,0.5168527364730835,0
546,2017-07-06 16:32:00,0.0025350411888211966,0,0,0.045504128932952866,0,0.004658861784264445,0,0.0027855138294398786,0,0.0028359499061480164,0,0.005824856110848486,0,0.5168527364730835,0
547,2017-07-06 16:32:30,0.002548358403146267,0,0,0.045504128932952866,0,0.0046520812436938305,0,0.0027855138294398786,0,0.0028323516016826034,0,0.005824376968666911,0,0.5168527364730835,0
548,2017-07-06 16:33:00,0.0024664676748216152,0,0,0.045504128932952866,0,0.004645300703123212,0,0.0027855138294398786,0,0.0028156130807474255,0,0.005823897826485336,0,0.5168527364730835,0
549,2017-07-06 16:33:30,0.0027463294100016356,0,0,0.045504128932952866,0,0.004638520162552595,0,0.0027855138294398786,0,0.0028156130807474255,0,0.005823418684303761,0,0.5168527364730835,0
550,2017-07-06 16:34:00,0.0025472354609519243,0,0,0.045504128932952866,0,0.00463173962198198,0,0.0027855138294398786,0,0.002810005354695022,0,0.005822939542122185,0,0.5168527364730835,0
551,2017-07-06 16:34:30,0.0025508743710815907,0,0,0.045504128932952866,0,0.004624959081411362,0,0.0027855138294398786,0,0.002773002511821687,0,0.00582246039994061,0,0.5168527364730835,0
552,2017-07-06 16:35:00,0.002677339129149914,0,0,0.045504128932952866,0,0.004622028348967434,0,0.0027855138294398786,0,0.0027581030502915383,0,0.005821981257759034,0,0.5168527364730835,0
553,2017-07-06 16:35:30,0.0026403304655104876,0,0,0.045504128932952866,0,0.004619097616523505,0,0.0027855138294398786,0,0.002749510365538299,0,0.005821502115577459,0,0.5168527364730835,0
554,2017-07-06 16:36:00,0.0029052600730210543,0,0,0.045504128932952866,0,0.004616166884079575,0,0.0027855138294398786,1,0.002746565407142043,1,0.005821022973395884,0,0.5168527364730835,0
555,2017-07-06 16:36:30,0.0026454117614775896,0,0,0.045504128932952866,0,0.004613236151635647,0,0.002788948896341026,0,0.002746565407142043,0,0.005820543831214308,0,0.5168527364730835,0
556,2017-07-06 16:37:00,0.0028079927433282137,0,0,0.045504128932952866,0,0.004610305419191718,0,0.002788948896341026,1,0.002746565407142043,1,0.0058200646890327334,0,0.5168527364730835,0
557,2017-07-06 16:37:30,0.002851396333426237,0,0,0.045504128932952866,0,0.004607374686747791,0,0.0027992801740765573,1,0.002746565407142043,1,0.005819585546851158,0,0.5168527364730835,0
558,2017-07-06 16:38:00,0.002807317301630974,0,0,0.045504128932952866,0,0.004604443954303861,0,0.0028081522323191166,0,0.002746565407142043,1,0.005819106404669583,0,0.5168527364730835,0
559,2017-07-06 16:38:30,0.0027556063141673803,0,0,0.045504128932952866,0,0.004601513221859931,0,0.0028081522323191166,0,0.002750714193098247,1,0.005818627262488008,0,0.5168527364730835,0
560,2017-07-06 16:39:00,0.002922295592725277,0,0,0.045504128932952866,0,0.004598582489416004,0,0.0028081522323191166,1,0.002756939432583749,1,0.005818148120306432,0,0.5168527364730835,0
561,2017-07-06 16:39:30,0.0027669465634971857,0,0,0.045504128932952866,0,0.0045956517569720745,0,0.002810005354695022,0,0.0027727754786610603,0,0.005817668978124857,0,0.5168527364730835,0
562,2017-07-06 16:40:00,0.0027037649415433407,0,0,0.045504128932952866,0,0.004595490545034409,0,0.002810005354695022,0,0.0027727754786610603,0,0.0058158517815172645,0,0.5168527364730835,0
563,2017-07-06 16:40:30,0.0029699006117880344,0,0,0.045504128932952866,0,0.0045953293330967425,0,0.002810005354695022,1,0.0027727754786610603,1,0.005814034584909676,0,0.5168527364730835,0
564,2017-07-06 16:41:00,0.00276341219432652,0,0,0.045504128932952866,0,0.004595168121159077,0,0.002815613080747426,0,0.0028073848458006977,0,0.005812217388302089,0,0.5168527364730835,0
565,2017-07-06 16:41:30,0.002790911355987191,0,0,0.045504128932952866,0,0.00459500690922141,0,0.002815613080747426,0,0.0028073848458006977,0,0.0058104001916944965,0,0.5168527364730835,0
566,2017-07-06 16:42:00,0.002720483345910907,0,0,0.045504128932952866,0,0.004594845697283745,0,0.002815613080747426,0,0.0027925519505515696,0,0.005808582995086908,0,0.5168527364730835,0
567,2017-07-06 16:42:30,0.00268438458442688,0,0,0.045504128932952866,0,0.004594684485346079,0,0.002815613080747426,0,0.0027925519505515696,0,0.005806765798479316,0,0.5168527364730835,0
568,2017-07-06 16:43:00,0.0026995299849659204,0,0,0.045504128932952866,0,0.004594523273408413,0,0.002815613080747426,0,0.0027925519505515696,0,0.005804948601871728,0,0.5168527364730835,0
569,2017-07-06 16:43:30,0.0026377837639302015,0,0,0.045504128932952866,0,0.004594362061470747,0,0.002815613080747426,0,0.0027925519505515696,0,0.00580313140526414,0,0.5168527364730835,0
570,2017-07-06 16:44:00,0.002585561480373144,0,0,0.045504128932952866,0,0.004594200849533081,0,0.002815613080747426,0,0.0027925519505515696,0,0.005801314208656548,0,0.5168527364730835,0
571,2017-07-06 16:44:30,0.002960420213639736,0,0,0.045504128932952866,0,0.004594039637595415,0,0.002815613080747426,1,0.0027925519505515696,1,0.00579949701204896,0,0.5168527364730835,0
572,2017-07-06 16:45:00,0.002703313250094652,0,0,0.045504128932952866,0,0.0045873025897890315,0,0.0028323516016826034,0,0.0028073848458006977,0,0.005797679815441367,0,0.5168527364730835,0
573,2017-07-06 16:45:30,0.002756838919594884,0,0,0.045504128932952866,0,0.004580565541982655,0,0.0028323516016826034,0,0.0028073848458006977,0,0.005795862618833779,0,0.5168527364730835,0
574,2017-07-06 16:46:00,0.0027388189919292927,0,0,0.045504128932952866,0,0.004573828494176271,0,0.0028323516016826034,0,0.0028073848458006977,0,0.005794045422226192,0,0.5168527364730835,0
575,2017-07-06 16:46:30,0.0028859295416623354,0,0,0.045504128932952866,0,0.004567091446369888,0,0.0028323516016826034,1,0.0028073848458006977,1,0.005792228225618599,0,0.5168527364730835,0
576,2017-07-06 16:47:00,0.002756705740466714,0,0,0.045504128932952866,0,0.004560354398563504,0,0.0028351019136607647,0,0.0028123331023380163,0,0.005790411029011011,0,0.5168527364730835,0
577,2017-07-06 16:47:30,0.002721486147493124,0,0,0.045504128932952866,0,0.004553617350757121,0,0.0028351019136607647,0,0.0028123331023380163,0,0.005788593832403419,0,0.5168527364730835,0
578,2017-07-06 16:48:00,0.0027911136858165264,0,0,0.045504128932952866,0,0.004546880302950744,0,0.0028351019136607647,0,0.0028123331023380163,0,0.0057867766357958305,0,0.5168527364730835,0
579,2017-07-06 16:48:30,0.0028140319045633078,0,0,0.045504128932952866,0,0.0045401432551443605,0,0.0028351019136607647,0,0.0028123331023380163,1,0.005784959439188243,0,0.5168527364730835,0
580,2017-07-06 16:49:00,0.0029532003682106733,0,0,0.045504128932952866,0,0.004533406207337977,0,0.0028351019136607647,1,0.002817768347449601,1,0.005783142242580651,0,0.5168527364730835,0
581,2017-07-06 16:49:30,0.0036696793977171183,0,0,0.045504128932952866,0,0.004526669159531593,0,0.0028522443259134888,1,0.002854849654249847,1,0.0057813250459730625,0,0.5168527364730835,0
582,2017-07-06 16:50:00,0.003988331649452448,0,0,0.045504128932952866,0,0.004526270367205143,0,0.002861417620442808,1,0.0028878625947982074,1,0.005772453919053066,0,0.5168527364730835,0
583,2017-07-06 16:50:30,0.003033691318705678,0,0,0.045504128932952866,0,0.004525871574878693,0,0.0028754409402608873,1,0.0029069636249914764,1,0.005763582792133089,0,0.5168527364730835,0
584,2017-07-06 16:51:00,0.0031733380164951086,0,0,0.045504128932952866,0,0.004525472782552243,0,0.0028777133906260134,1,0.0029253860702738166,1,0.005754711665213112,0,0.5168527364730835,0
585,2017-07-06 16:51:30,0.0029825919773429632,0,0,0.045504128932952866,0,0.004525073990225792,0,0.0028863285202533006,1,0.0029539223527535797,1,0.005745840538293115,0,0.5168527364730835,0
586,2017-07-06 16:52:00,0.0029374982696026564,0,0,0.045504128932952866,0,0.004524675197899342,0,0.002890213974751532,1,0.002961368253454566,0,0.005736969411373138,0,0.5168527364730835,0
587,2017-07-06 16:52:30,0.0029620167333632708,0,0,0.045504128932952866,0,0.004524276405572891,0,0.0028941052267327906,1,0.002961368253454566,1,0.005728098284453142,0,0.5168527364730835,0
588,2017-07-06 16:53:00,0.0028400570154190063,0,0,0.045504128932952866,0,0.004523877613246441,0,0.002906963624991477,0,0.002962805121205747,0,0.005719227157533165,0,0.5168527364730835,0
589,2017-07-06 16:53:30,0.003065502503886819,0,0,0.045504128932952866,0,0.004523478820919991,0,0.002906963624991477,1,0.002962805121205747,1,0.005710356030613188,0,0.5168527364730835,0
590,2017-07-06 16:54:00,0.0031518556643277407,0,0,0.045504128932952866,0,0.00452308002859354,0,0.0029234060319140555,1,0.0029711697483435274,1,0.005701484903693191,0,0.5168527364730835,0
591,2017-07-06 16:54:30,0.0030635385774075985,0,0,0.045504128932952866,0,0.00452268123626709,0,0.0029338098131120203,1,0.0029877019114792347,1,0.005692613776773214,0,0.5168527364730835,0
592,2017-07-06 16:55:00,0.003145548515021801,0,0,0.045504128932952866,0,0.004519712552428245,0,0.002939068479463458,1,0.00303667604457587,1,0.0056837426498532176,0,0.5168527364730835,0
593,2017-07-06 16:55:30,0.0032994570210576057,0,0,0.045504128932952866,0,0.004516743868589404,0,0.0029539223527535797,1,0.0030637349700555205,1,0.005674871522933241,0,0.5168527364730835,0
594,2017-07-06 16:56:00,0.0035021996591240168,0,0,0.045504128932952866,0,0.004513775184750558,0,0.0029605798656120895,1,0.003073507105000317,1,0.005666000396013264,0,0.5168527364730835,0
595,2017-07-06 16:56:30,0.0032482414972037077,0,0,0.045504128932952866,0,0.004510806500911713,0,0.002962805121205747,1,0.003146179229952395,1,0.005657129269093267,0,0.5168527364730835,0
596,2017-07-06 16:57:00,0.0028139750938862562,0,0,0.045504128932952866,0,0.004507837817072868,0,0.0029711697483435274,0,0.0031540038995444774,0,0.00564825814217329,0,0.5168527364730835,0
597,2017-07-06 16:57:30,0.002734500216320157,0,0,0.045504128932952866,0,0.0045048691332340235,0,0.0029711697483435274,0,0.0031540038995444774,0,0.0056393870152532935,0,0.5168527364730835,0
598,2017-07-06 16:58:00,0.0027348119765520096,0,0,0.045504128932952866,0,0.004501900449395182,0,0.0029711697483435274,0,0.0031540038995444774,0,0.005630515888333317,0,0.5168527364730835,0
599,2017-07-06 16:58:30,0.0026899604126811028,0,0,0.045504128932952866,0,0.0044989317655563365,0,0.0029711697483435274,0,0.0031540038995444774,0,0.00562164476141334,0,0.5168527364730835,0
600,2017-07-06 16:59:00,0.00263265916146338,0,0,0.045504128932952866,0,0.004495963081717492,0,0.0029711697483435274,0,0.0031540038995444774,0,0.005612773634493343,0,0.5168527364730835,0
601,2017-07-06 16:59:30,0.0027926117181777954,0,0,0.045504128932952866,0,0.004492994397878647,0,0.0029711697483435274,0,0.0031540038995444774,0,0.005603902507573366,0,0.5168527364730835,0
602,2017-07-06 17:00:00,0.014992490410804749,0,1,0.045504128932952866,0,0.004490487370640039,1,0.0029711697483435274,1,0.0031540038995444774,1,0.005599316558800632,1,0.5168527364730835,0
603,2017-07-06 17:00:30,0.03973793238401413,0,1,0.045504128932952866,0,0.004516743868589404,1,0.002987701911479235,1,0.0031808283645659687,1,0.005763582792133089,1,0.5168527364730835,0
604,2017-07-06 17:01:00,0.003376471111550927,0,0,0.045504128932952866,0,0.004525472782552243,0,0.00303667604457587,1,0.0032533630495890976,1,0.005812217388302089,0,0.5168527364730835,0
605,2017-07-06 17:01:30,0.003156432416290045,0,0,0.045504128932952866,0,0.004525073990225792,0,0.0030637349700555205,1,0.003307158430106938,0,0.0058104001916944965,0,0.5168527364730835,0
606,2017-07-06 17:02:00,0.0031500833574682474,0,0,0.045504128932952866,0,0.004524675197899342,0,0.003073507105000318,1,0.003307158430106938,0,0.005808582995086908,0,0.5168527364730835,0
607,2017-07-06 17:02:30,0.0035215166863054037,0,0,0.045504128932952866,0,0.004524276405572891,0,0.0031460019992664455,1,0.003307158430106938,1,0.005806765798479316,0,0.5168527364730835,0
608,2017-07-06 17:03:00,0.00561784952878952,0,0,0.045504128932952866,0,0.004523877613246441,1,0.0031502605881541966,1,0.003389043966308236,1,0.005804948601871728,0,0.5168527364730835,0
609,2017-07-06 17:03:30,0.024080445989966393,0,0,0.045504128932952866,0,0.0045401432551443605,1,0.003152313339523971,1,0.0035041313618421554,1,0.00580313140526414,1,0.5168527364730835,0
610,2017-07-06 17:04:00,0.04501250013709068,0,0,0.045504128932952866,0,0.004594200849533081,1,0.0031581229763105513,1,0.0035363329574465753,1,0.005822939542122185,1,0.5168527364730835,0
611,2017-07-06 17:04:30,0.043082308024168015,0,0,0.045504128932952866,0,0.0045956517569720745,1,0.003180828364565969,1,0.0037015446228906516,1,0.005847275489941239,1,0.5168527364730835,0
612,2017-07-06 17:05:00,0.09558877348899841,0,0,0.045504128932952866,1,0.0046220283489674325,1,0.003253363049589098,1,0.004151283437386157,1,0.005903190048411483,1,0.5168527364730835,0
613,2017-07-06 17:05:30,0.09984460473060608,0,0,0.045504128932952866,1,0.0046792034059763,1,0.0033071584301069385,1,0.0065553136169910564,1,0.005977660696953533,1,0.5168527364730835,0
614,2017-07-06 17:06:00,0.049846090376377106,0,0,0.045504128932952866,1,0.004705524304881693,1,0.003389043966308237,1,0.015901285968720928,1,0.006100889178924268,1,0.5168527364730835,0
615,2017-07-06 17:06:30,0.009401592426002026,0,0,0.045504128932952866,0,0.004722884204238654,1,0.003504131361842156,1,0.025646194629371188,0,0.006296927342191331,1,0.5168527364730835,0
616,2017-07-06 17:07:00,0.013004287146031857,0,0,0.045504128932952866,0,0.004731999943032861,1,0.0035363329574465766,1,0.025646194629371188,0,0.006434648530557752,1,0.5168527364730835,0
617,2017-07-06 17:07:30,0.04434823989868164,0,0,0.045504128932952866,0,0.004742518439888954,1,0.0037015446228906537,1,0.025646194629371188,1,0.006518242973834264,1,0.5168527364730835,0
618,2017-07-06 17:08:00,0.028113581240177155,0,0,0.045504128932952866,0,0.004758201539516449,1,0.004151283437386169,1,0.04007236994802952,0,0.006680246070027349,1,0.5168527364730835,0
619,2017-07-06 17:08:30,0.020419038832187653,0,0,0.045504128932952866,0,0.004765010718256236,1,0.005996223818510803,1,0.04007236994802952,0,0.0067668435163795995,1,0.5168527364730835,0
620,2017-07-06 17:09:00,0.01120063103735447,0,0,0.045504128932952866,0,0.0047772084828466175,1,0.009761861898005039,1,0.04007236994802952,0,0.006942564737983041,1,0.5168527364730835,0
621,2017-07-06 17:09:30,0.011096648871898651,0,0,0.045504128932952866,0,0.004783612675964832,1,0.011380996648222223,0,0.04007236994802952,0,0.007081429474055767,1,0.5168527364730835,0
622,2017-07-06 17:10:00,0.11479275673627853,0,0,0.045504128932952866,1,0.004861641069874165,1,0.011380996648222223,1,0.04007236994802952,1,0.0070935179013758886,1,0.5168527364730835,0
623,2017-07-06 17:10:30,0.4709374010562897,0,0,0.045504128932952866,1,0.004916936624795203,1,0.013203107472509162,1,0.043208901211619376,1,0.007772313803434355,1,0.5168527364730835,0
624,2017-07-06 17:11:00,0.33411142230033875,0,0,0.045504128932952866,1,0.004970072815194728,1,0.015535145252943085,1,0.044414665922522543,1,0.008365655457600965,1,0.5168527364730835,0
625,2017-07-06 17:11:30,0.08581037819385529,0,0,0.045504128932952866,1,0.005012597143650056,1,0.02078517954796556,1,0.04549585916101933,1,0.009054428525268998,1,0.5168527364730835,0
626,2017-07-06 17:12:00,0.004521715454757214,0,0,0.045504128932952866,0,0.005029807100072503,0,0.024483759514987505,0,0.05344251915812497,0,0.009352136636152864,0,0.5168527364730835,0
627,2017-07-06 17:12:30,0.007709822151809931,0,0,0.045504128932952866,0,0.0050296647474169735,1,0.024483759514987505,0,0.05344251915812497,0,0.009342245478183018,0,0.5168527364730835,0
628,2017-07-06 17:13:00,0.006761918310075998,0,0,0.045504128932952866,0,0.00505192107520998,1,0.024483759514987505,0,0.05344251915812497,0,0.009332354320213194,0,0.5168527364730835,0
629,2017-07-06 17:13:30,0.005548367276787758,1,0,0.045504128932952866,0,0.005115354526787999,1,0.024483759514987505,0,0.05344251915812497,0,0.009322463162243371,0,0.5168527364730835,0
630,2017-07-06 17:14:00,0.007106236182153225,1,0,0.045504128932952866,0,0.005170345399528742,1,0.024483759514987505,0,0.05344251915812497,0,0.009312572004273524,0,0.5168527364730835,0
631,2017-07-06 17:14:30,0.006430751644074917,1,0,0.045504128932952866,0,0.005179444793611765,1,0.024483759514987505,0,0.05344251915812497,0,0.009302680846303701,0,0.5168527364730835,0
632,2017-07-06 17:15:00,0.004322899971157312,1,0,0.045504128932952866,0,0.005204919911921024,0,0.024483759514987505,0,0.05344251915812497,0,0.009292789688333856,0,0.5168527364730835,0
633,2017-07-06 17:15:30,0.004674792755395174,1,0,0.045504128932952866,0,0.005202089343219998,0,0.024483759514987505,0,0.05344251915812497,0,0.009282898530364032,0,0.5168527364730835,0
634,2017-07-06 17:16:00,0.011872821487486362,1,0,0.045504128932952866,0,0.005199258774518968,1,0.024483759514987505,0,0.05344251915812497,0,0.009273007372394209,1,0.5168527364730835,0
635,2017-07-06 17:16:30,0.0130513496696949,1,0,0.045504128932952866,0,0.005249487049877645,1,0.024483759514987505,0,0.05344251915812497,0,0.009408579301089048,1,0.5168527364730835,0
636,2017-07-06 17:17:00,0.005136322230100632,1,0,0.045504128932952866,0,0.005279465112835169,0,0.024483759514987505,0,0.05344251915812497,0,0.009842823725193739,0,0.5168527364730835,0
637,2017-07-06 17:17:30,0.004991412628442049,1,0,0.045504128932952866,0,0.005279034376144409,0,0.024483759514987505,0,0.05344251915812497,0,0.009759235382079965,0,0.5168527364730835,0
638,2017-07-06 17:18:00,0.006265971343964338,1,0,0.045504128932952866,0,0.0052786036394536495,1,0.024483759514987505,0,0.05344251915812497,0,0.00967564703896638,0,0.5168527364730835,0
639,2017-07-06 17:18:30,0.006295047700405121,1,3,0.045504128932952866,0,0.005307027325034147,1,0.024483759514987505,0,0.05344251915812497,0,0.009592058695852794,0,0.5168527364730835,0
640,2017-07-06 17:19:00,0.008157681673765182,0,3,0.045504128932952866,0,0.005409377906471491,1,0.024483759514987505,0,0.05344251915812497,0,0.00950847035273902,0,0.5168527364730835,0
641,2017-07-06 17:19:30,0.009745713323354721,0,0,0.045504128932952866,0,0.005415826104581356,1,0.024483759514987505,0,0.05344251915812497,0,0.009424882009625435,1,0.5168527364730835,0
642,2017-07-06 17:20:00,0.009653350338339806,0,0,0.045504128932952866,0,0.005416318960487843,1,0.024483759514987505,0,0.05344251915812497,0,0.009729671757668234,0,0.5168527364730835,0
643,2017-07-06 17:20:30,0.004658786579966545,0,0,0.045504128932952866,0,0.005455176346004013,0,0.024483759514987505,0,0.05344251915812497,0,0.009736477024853227,0,0.5168527364730835,0
644,2017-07-06 17:21:00,0.003993489779531956,0,0,0.045504128932952866,0,0.0054503260180354144,0,0.024483759514987505,0,0.05344251915812497,0,0.009731858875602486,0,0.5168527364730835,0
645,2017-07-06 17:21:30,0.0032719653099775314,0,0,0.045504128932952866,0,0.005445475690066815,0,0.024483759514987505,0,0.05344251915812497,0,0.009727240726351734,0,0.5168527364730835,0
646,2017-07-06 17:22:00,0.0034961074125021696,0,0,0.045504128932952866,0,0.005440625362098217,0,0.024483759514987505,0,0.05344251915812497,0,0.009722622577100992,0,0.5168527364730835,0
647,2017-07-06 17:22:30,0.003760501742362976,0,0,0.045504128932952866,0,0.005435775034129619,0,0.024483759514987505,0,0.05344251915812497,0,0.00971800442785024,0,0.5168527364730835,0
648,2017-07-06 17:23:00,0.0037292016204446554,1,0,0.045504128932952866,0,0.005430924706161026,0,0.024483759514987505,0,0.05344251915812497,0,0.009713386278599499,0,0.5168527364730835,0
649,2017-07-06 17:23:30,0.003479338251054287,1,0,0.045504128932952866,0,0.005426074378192427,0,0.024483759514987505,0,0.05344251915812497,0,0.009708768129348757,0,0.5168527364730835,0
650,2017-07-06 17:24:00,0.00367916957475245,1,0,0.045504128932952866,0,0.005421224050223828,0,0.024483759514987505,0,0.05344251915812497,0,0.009704149980098005,0,0.5168527364730835,0
651,2017-07-06 17:24:30,0.004006208386272192,1,0,0.045504128932952866,0,0.00541637372225523,0,0.024483759514987505,0,0.05344251915812497,0,0.009699531830847263,0,0.5168527364730835,0
652,2017-07-06 17:25:00,0.0036188738886266947,1,0,0.045504128932952866,0,0.005416318960487843,0,0.024483759514987505,0,0.05344251915812497,0,0.009694913681596511,0,0.5168527364730835,0
653,2017-07-06 17:25:30,0.0037263548001646996,1,0,0.045504128932952866,0,0.0054162641987204555,0,0.024483759514987505,0,0.05344251915812497,0,0.00969029553234577,0,0.5168527364730835,0
654,2017-07-06 17:26:00,0.003282204968854785,1,0,0.045504128932952866,0,0.005416209436953067,0,0.024483759514987505,0,0.05344251915812497,0,0.009685677383095028,0,0.5168527364730835,0
655,2017-07-06 17:26:30,0.0033674200531095266,1,0,0.045504128932952866,0,0.00541615467518568,0,0.024483759514987505,0,0.05344251915812497,0,0.009681059233844276,0,0.5168527364730835,0
656,2017-07-06 17:27:00,0.0035604522563517094,1,0,0.045504128932952866,0,0.005416099913418293,0,0.024483759514987505,0,0.05344251915812497,0,0.009676441084593534,0,0.5168527364730835,0
657,2017-07-06 17:27:30,0.0030840798281133175,1,0,0.045504128932952866,0,0.005416045151650906,0,0.024483759514987505,0,0.05344251915812497,0,0.009671822935342782,0,0.5168527364730835,0
658,2017-07-06 17:28:00,0.0030108685605227947,1,3,0.045504128932952866,0,0.0054159903898835186,0,0.024483759514987505,0,0.05344251915812497,0,0.00966720478609204,0,0.5168527364730835,0
659,2017-07-06 17:28:30,0.002901450963690877,1,3,0.045504128932952866,0,0.0054159356281161305,0,0.024483759514987505,0,0.05344251915812497,0,0.0096625866368413,0,0.5168527364730835,0
660,2017-07-06 17:29:00,0.002897021360695362,1,0,0.045504128932952866,0,0.005415880866348743,0,0.024483759514987505,0,0.05344251915812497,0,0.009657968487590547,0,0.5168527364730835,0
661,2017-07-06 17:29:30,0.0031258855015039444,1,0,0.045504128932952866,0,0.005415826104581356,0,0.024483759514987505,0,0.05344251915812497,0,0.009653350338339806,0,0.5168527364730835,0
662,2017-07-06 17:30:00,0.00287824054248631,1,3,0.045504128932952866,0,0.0054151096381247045,0,0.024483759514987505,0,0.05344251915812497,0,0.00964192692190407,0,0.5168527364730835,0
663,2017-07-06 17:30:30,0.002836397383362055,1,3,0.045504128932952866,0,0.005414393171668053,0,0.024483759514987505,0,0.05344251915812497,0,0.009630503505468364,0,0.5168527364730835,0
664,2017-07-06 17:31:00,0.003069486701861024,1,0,0.045504128932952866,0,0.0054136767052114015,0,0.024483759514987505,0,0.05344251915812497,0,0.009619080089032655,0,0.5168527364730835,0
665,2017-07-06 17:31:30,0.002934729680418968,1,0,0.045504128932952866,0,0.005412960238754749,0,0.024483759514987505,0,0.05344251915812497,0,0.009607656672596922,0,0.5168527364730835,0
666,2017-07-06 17:32:00,0.0030418853275477886,1,3,0.045504128932952866,0,0.005412243772298098,0,0.024483759514987505,0,0.05344251915812497,0,0.009596233256161213,0,0.5168527364730835,0
667,2017-07-06 17:32:30,0.003258853917941451,1,3,0.045504128932952866,0,0.005411527305841446,0,0.024483759514987505,0,0.05344251915812497,0,0.009584809839725478,0,0.5168527364730835,0
668,2017-07-06 17:33:00,0.023985613137483597,1,3,0.045504128932952866,0,0.005410810839384795,1,0.024483759514987505,0,0.05344251915812497,0,0.009573386423289771,1,0.5168527364730835,0
669,2017-07-06 17:33:30,0.030066095292568207,1,3,0.045504128932952866,0,0.0054159356281161305,1,0.024483759514987505,1,0.05344251915812497,0,0.009708768129348757,1,0.5168527364730835,0
670,2017-07-06 17:34:00,0.019036345183849335,1,3,0.045504128932952866,0,0.005421224050223828,1,0.028308832645416275,0,0.05344251915812497,0,0.01048872787505382,1,0.5168527364730835,0
671,2017-07-06 17:34:30,0.015447133220732212,1,3,0.045504128932952866,0,0.005464877001941204,1,0.028308832645416275,0,0.05344251915812497,0,0.01114863995462656,1,0.5168527364730835,0
672,2017-07-06 17:35:00,0.009588809683918953,1,0,0.045504128932952866,0,0.005507452879101037,1,0.028308832645416275,0,0.05344251915812497,0,0.01134284259751437,0,0.5168527364730835,0
673,2017-07-06 17:35:30,0.002726206323131919,1,0,0.045504128932952866,0,0.005541130527853968,0,0.028308832645416275,0,0.0448980249464512,0,0.01132704131305217,0,0.5168527364730835,0
674,2017-07-06 17:36:00,0.0028849816881120205,1,3,0.045504128932952866,0,0.005537512153387071,0,0.028308832645416275,0,0.03149430975317957,0,0.01131124002858997,0,0.5168527364730835,0
675,2017-07-06 17:36:30,0.002976438030600548,1,3,0.045504128932952866,0,0.005533893778920175,0,0.028308832645416275,0,0.02830883264541626,0,0.011295438744127737,0,0.5168527364730835,0
676,2017-07-06 17:37:00,0.0033047187607735395,1,0,0.045504128932952866,0,0.005530275404453278,0,0.028308832645416275,0,0.02830883264541626,0,0.011279637459665537,0,0.5168527364730835,0
677,2017-07-06 17:37:30,0.0048577552661299706,1,0,0.045504128932952866,0,0.0055266570299863805,0,0.028308832645416275,0,0.02830883264541626,0,0.011263836175203303,0,0.5168527364730835,0
678,2017-07-06 17:38:00,0.003861864795908332,1,3,0.045504128932952866,0,0.005523038655519488,0,0.028308832645416275,0,0.02439840994775296,0,0.011248034890741103,0,0.5168527364730835,0
679,2017-07-06 17:38:30,0.003760619554668665,1,3,0.045504128932952866,0,0.005519420281052591,0,0.028308832645416275,0,0.02077569626271725,0,0.011232233606278903,0,0.5168527364730835,0
680,2017-07-06 17:39:00,0.00425496231764555,1,3,0.045504128932952866,0,0.005515801906585694,0,0.028308832645416275,0,0.01953127197921277,0,0.011216432321816669,0,0.5168527364730835,0
681,2017-07-06 17:39:30,0.0043631065636873245,1,0,0.045504128932952866,0,0.005512183532118797,0,0.028308832645416275,0,0.01953127197921277,0,0.01120063103735447,0,0.5168527364730835,0
682,2017-07-06 17:40:00,0.004335956647992134,1,3,0.045504128932952866,0,0.005507452879101037,0,0.028308832645416275,0,0.01953127197921277,0,0.011195431929081671,0,0.5168527364730835,0
683,2017-07-06 17:40:30,0.004345110151916742,1,3,0.045504128932952866,0,0.005502722226083282,0,0.028308832645416275,0,0.01580605441704393,0,0.011190232820808886,0,0.5168527364730835,0
684,2017-07-06 17:41:00,0.004973898641765118,1,0,0.045504128932952866,0,0.005497991573065521,0,0.028308832645416275,0,0.013290928024798636,0,0.011185033712536098,0,0.5168527364730835,0
685,2017-07-06 17:41:30,0.009726333431899548,1,0,0.045504128932952866,0,0.005493260920047761,1,0.028308832645416275,0,0.011990674305707218,0,0.0111798346042633,0,0.5168527364730835,0
686,2017-07-06 17:42:00,0.029631564393639565,1,3,0.045504128932952866,0,0.005530275404453278,1,0.028308832645416275,1,0.009958424139767889,1,0.011174635495990515,1,0.5168527364730835,0
687,2017-07-06 17:42:30,0.011041797697544098,0,3,0.045504128932952866,0,0.005570581369102,1,0.02967501748353243,0,0.011990674305707218,0,0.011421849019825438,0,0.5168527364730835,0
688,2017-07-06 17:43:00,0.01110092457383871,0,0,0.045504128932952866,0,0.005608086613938214,1,0.02967501748353243,0,0.011990674305707218,0,0.011406047735363238,0,0.5168527364730835,0
689,2017-07-06 17:43:30,0.024927794933319092,0,0,0.045504128932952866,0,0.005650544632226236,1,0.02967501748353243,0,0.011990674305707218,1,0.011390246450901038,1,0.5168527364730835,0
690,2017-07-06 17:44:00,0.02106889709830284,0,0,0.045504128932952866,0,0.005784959439188243,1,0.02967501748353243,0,0.013290928024798636,1,0.011712547345086916,1,0.5168527364730835,0
691,2017-07-06 17:44:30,0.016529660671949387,0,0,0.045504128932952866,0,0.005817668978124857,1,0.02967501748353243,0,0.01580605441704393,1,0.012365633621811867,1,0.5168527364730835,0
692,2017-07-06 17:45:00,0.008422385901212692,0,0,0.045504128932952866,0,0.005826293537393212,1,0.02967501748353243,0,0.016780329123139384,0,0.01292407438158988,0,0.5168527364730835,0
693,2017-07-06 17:45:30,0.0060140942223370075,0,0,0.045504128932952866,0,0.005859289690852168,1,0.02967501748353243,0,0.016780329123139384,0,0.012916782312095162,0,0.5168527364730835,0
694,2017-07-06 17:46:00,0.005026915110647678,0,0,0.045504128932952866,0,0.005923129431903366,0,0.02967501748353243,0,0.016780329123139384,0,0.012909490242600444,0,0.5168527364730835,0
695,2017-07-06 17:46:30,0.0058577037416398525,0,0,0.045504128932952866,0,0.005915153678506615,0,0.02967501748353243,0,0.016780329123139384,0,0.01290219817310571,0,0.5168527364730835,0
696,2017-07-06 17:47:00,0.010266352444887161,0,0,0.045504128932952866,0,0.005907177925109863,1,0.02967501748353243,0,0.016780329123139384,0,0.012894906103610992,0,0.5168527364730835,0
697,2017-07-06 17:47:30,0.009207319468259811,0,0,0.045504128932952866,0,0.005973871704190968,1,0.02967501748353243,0,0.016780329123139384,0,0.012887614034116259,0,0.5168527364730835,0
698,2017-07-06 17:48:00,0.021247701719403267,1,0,0.045504128932952866,0,0.006016935966908932,1,0.02967501748353243,0,0.016780329123139384,1,0.01288032196462154,1,0.5168527364730835,0
699,2017-07-06 17:48:30,0.009399237111210823,1,0,0.045504128932952866,0,0.006067750975489627,1,0.02967501748353243,0,0.019239600375294687,0,0.013008993398398162,0,0.5168527364730835,0
700,2017-07-06 17:49:00,0.009007657878100872,1,0,0.045504128932952866,0,0.006246636388823391,1,0.02967501748353243,0,0.019239600375294687,0,0.013006640272215007,0,0.5168527364730835,0
701,2017-07-06 17:49:30,0.005261681973934174,1,0,0.045504128932952866,0,0.006265971343964338,0,0.02967501748353243,0,0.019239600375294687,0,0.013004287146031857,0,0.5168527364730835,0
702,2017-07-06 17:50:00,0.00451299175620079,1,0,0.045504128932952866,0,0.006263823015615343,0,0.02967501748353243,0,0.019239600375294687,0,0.012996995076537123,0,0.5168527364730835,0
703,2017-07-06 17:50:30,0.005157455336302519,1,0,0.045504128932952866,0,0.0062616746872663515,0,0.02967501748353243,0,0.019239600375294687,0,0.012989703007042405,0,0.5168527364730835,0
704,2017-07-06 17:51:00,0.0051473332569003105,1,0,0.045504128932952866,0,0.006259526358917356,0,0.02967501748353243,0,0.019239600375294687,0,0.012982410937547687,0,0.5168527364730835,0
705,2017-07-06 17:51:30,0.005412514321506023,1,0,0.045504128932952866,0,0.006257378030568362,0,0.02967501748353243,0,0.019239600375294687,0,0.012975118868052953,0,0.5168527364730835,0
706,2017-07-06 17:52:00,0.005779968108981848,1,0,0.045504128932952866,0,0.006255229702219367,0,0.02967501748353243,0,0.019239600375294687,0,0.012967826798558235,0,0.5168527364730835,0
707,2017-07-06 17:52:30,0.0048469845205545425,1,0,0.045504128932952866,0,0.006253081373870372,0,0.02967501748353243,0,0.019239600375294687,0,0.012960534729063502,0,0.5168527364730835,0
708,2017-07-06 17:53:00,0.0057529909536242485,1,3,0.045504128932952866,0,0.00625093304552138,0,0.02967501748353243,0,0.019239600375294687,0,0.012953242659568783,0,0.5168527364730835,0
709,2017-07-06 17:53:30,0.005275903735309839,1,3,0.045504128932952866,0,0.006248784717172385,0,0.02967501748353243,0,0.019239600375294687,0,0.012945950590074065,0,0.5168527364730835,0
710,2017-07-06 17:54:00,0.0039408341981470585,1,0,0.045504128932952866,0,0.006246636388823391,0,0.02967501748353243,0,0.019239600375294687,0,0.012938658520579332,0,0.5168527364730835,0
711,2017-07-06 17:54:30,0.00312652881257236,1,0,0.045504128932952866,0,0.006244488060474396,0,0.02967501748353243,0,0.019239600375294687,0,0.012931366451084614,0,0.5168527364730835,0
712,2017-07-06 17:55:00,0.002937387442216277,1,3,0.045504128932952866,0,0.006222395924851293,0,0.02967501748353243,0,0.019239600375294687,0,0.01292407438158988,0,0.5168527364730835,0
713,2017-07-06 17:55:30,0.002625363180413842,1,3,0.045504128932952866,0,0.006200303789228216,0,0.02967501748353243,0,0.019239600375294687,0,0.012916782312095162,0,0.5168527364730835,0
714,2017-07-06 17:56:00,0.0024797823280096054,1,0,0.045504128932952866,0,0.006178211653605114,0,0.02967501748353243,0,0.019239600375294687,0,0.012909490242600444,0,0.5168527364730835,0
715,2017-07-06 17:56:30,0.0024587116204202175,1,0,0.045504128932952866,0,0.006156119517982011,0,0.02967501748353243,0,0.019239600375294687,0,0.01290219817310571,0,0.5168527364730835,0
716,2017-07-06 17:57:00,0.0023098299279809,1,3,0.045504128932952866,0,0.006134027382358909,0,0.02967501748353243,0,0.019239600375294687,0,0.012894906103610992,0,0.5168527364730835,0
717,2017-07-06 17:57:30,0.0024376758374273777,1,3,0.045504128932952866,0,0.006111935246735806,0,0.02967501748353243,0,0.019239600375294687,0,0.012887614034116259,0,0.5168527364730835,0
718,2017-07-06 17:58:00,0.0024409268517047167,1,0,0.045504128932952866,0,0.0060898431111127286,0,0.02967501748353243,0,0.019239600375294687,0,0.01288032196462154,0,0.5168527364730835,0
719,2017-07-06 17:58:30,0.0023868903517723083,1,0,0.045504128932952866,0,0.006067750975489627,0,0.02967501748353243,0,0.019239600375294687,0,0.012873029895126823,0,0.5168527364730835,0
720,2017-07-06 17:59:00,0.0022612318862229586,1,3,0.045504128932952866,0,0.006045658839866524,0,0.02967501748353243,0,0.019239600375294687,0,0.012865737825632089,0,0.5168527364730835,0
721,2017-07-06 17:59:30,0.002495590830221772,1,3,0.045504128932952866,0,0.0060235667042434216,0,0.02967501748353243,0,0.019239600375294687,0,0.012858445756137371,0,0.5168527364730835,0
722,2017-07-06 18:00:00,0.0023299006279557943,1,0,0.045504128932952866,0,0.00602261945605278,0,0.02967501748353243,0,0.019239600375294687,0,0.012809164542704754,0,0.5168527364730835,0
723,2017-07-06 18:00:30,0.002533232793211937,1,0,0.045504128932952866,0,0.0060216722078621394,0,0.02967501748353243,0,0.019239600375294687,0,0.012759883329272248,0,0.5168527364730835,0
724,2017-07-06 18:01:00,0.002386685460805893,1,0,0.045504128932952866,0,0.0060207249596714975,0,0.02826537955552341,0,0.019239600375294687,0,0.012710602115839742,0,0.5168527364730835,0
725,2017-07-06 18:01:30,0.0028441499453037977,1,0,0.045504128932952866,0,0.0060197777114808565,0,0.02826537955552341,0,0.019239600375294687,0,0.012661320902407125,0,0.5168527364730835,0
726,2017-07-06 18:02:00,0.002808525925502181,1,0,0.045504128932952866,0,0.0060188304632902145,0,0.02826537955552341,0,0.019239600375294687,0,0.012612039688974619,0,0.5168527364730835,0
727,2017-07-06 18:02:30,0.0026105274446308613,1,0,0.045504128932952866,0,0.006017883215099573,0,0.02826537955552341,0,0.019239600375294687,0,0.012562758475542002,0,0.5168527364730835,0
728,2017-07-06 18:03:00,0.0027100048027932644,1,0,0.045504128932952866,0,0.006016935966908932,0,0.02826537955552341,0,0.019239600375294687,0,0.012513477262109496,0,0.5168527364730835,0
729,2017-07-06 18:03:30,0.0027181280311197042,1,3,0.045504128932952866,0,0.0060159887187182905,0,0.02826537955552341,0,0.016780329123139384,0,0.01246419604867699,0,0.5168527364730835,0
730,2017-07-06 18:04:00,0.0026114119682461023,1,3,0.045504128932952866,0,0.0060150414705276494,0,0.02826537955552341,0,0.015555385965853931,0,0.012414914835244373,0,0.5168527364730835,0
731,2017-07-06 18:04:30,0.009322769939899445,1,3,0.045504128932952866,0,0.0060140942223370075,1,0.025246373564004925,0,0.011535545438528068,0,0.012365633621811867,0,0.5168527364730835,0
732,2017-07-06 18:05:00,0.014240249991416931,1,3,0.045504128932952866,0,0.00602261945605278,1,0.024079831317067153,0,0.011047710385173558,1,0.01231635240837925,1,0.5168527364730835,0
733,2017-07-06 18:05:30,0.011985231190919876,1,3,0.045504128932952866,0,0.006200303789228216,1,0.021521492861211324,0,0.011414857115596538,1,0.012916782312095162,0,0.5168527364730835,0
734,2017-07-06 18:06:00,0.010866055265069008,1,0,0.045504128932952866,0,0.006259526358917356,1,0.021086777560412884,0,0.012210733070969584,0,0.012909490242600444,0,0.5168527364730835,0
735,2017-07-06 18:06:30,0.016788300126791,1,3,0.045504128932952866,0,0.0062834171578288085,1,0.02048402465879918,0,0.012210733070969584,1,0.01290219817310571,1,0.5168527364730835,0
736,2017-07-06 18:07:00,0.032737940549850464,1,3,0.045504128932952866,0,0.00635716668330133,1,0.02048402465879918,1,0.01446919105947018,1,0.013016052776947618,1,0.5168527364730835,0
737,2017-07-06 18:07:30,0.02233368530869484,1,3,0.045504128932952866,0,0.006423872057348489,1,0.021086777560412884,1,0.016555524617433547,1,0.013289129734039225,1,0.5168527364730835,0
738,2017-07-06 18:08:00,0.05804317444562912,1,3,0.045504128932952866,1,0.006445747287943963,1,0.021086777560412884,1,0.01721635982394219,1,0.014353086054325087,1,0.5168527364730835,0
739,2017-07-06 18:08:30,0.08012183010578156,1,3,0.045504128932952866,1,0.0065182429738342845,1,0.021086777560412884,1,0.021086777560412884,1,0.015009628515690569,1,0.5168527364730835,0
740,2017-07-06 18:09:00,0.0461735799908638,1,3,0.045504128932952866,1,0.006676252838224175,1,0.021356300078332432,1,0.021356300078332426,1,0.015178034547716367,1,0.5168527364730835,0
741,2017-07-06 18:09:30,0.04555875435471535,1,3,0.045504128932952866,1,0.006748131010681391,1,0.022498878091573728,1,0.022593096271157267,1,0.015447133220732212,1,0.5168527364730835,0
742,2017-07-06 18:10:00,0.046163950115442276,1,3,0.045504128932952866,1,0.006760539580136537,1,0.024079831317067153,1,0.025398171879351145,1,0.016475534299388455,1,0.5168527364730835,0
743,2017-07-06 18:10:30,0.07277810573577881,1,3,0.045504128932952866,1,0.006900588516145957,1,0.024079831317067153,1,0.02994220200926066,1,0.016762436181306833,1,0.5168527364730835,0
744,2017-07-06 18:11:00,0.123324915766716,1,3,0.045504128932952866,1,0.007037577452138073,1,0.024079831317067153,1,0.03402002193033697,1,0.017202314827591193,1,0.5168527364730835,0
745,2017-07-06 18:11:30,0.1397375464439392,1,3,0.045504128932952866,1,0.0070890642702579505,1,0.024079831317067153,1,0.04561927393078804,1,0.018684151396155278,1,0.5168527364730835,0
746,2017-07-06 18:12:00,0.16345712542533875,1,3,0.045504128932952866,1,0.007100195158272982,1,0.024079831317067153,1,0.04616491310298443,1,0.020006054546684027,1,0.5168527364730835,0
747,2017-07-06 18:12:30,0.17226366698741913,1,3,0.045504128932952866,1,0.007347670570015894,1,0.02539817187935118,1,0.047360539436340346,1,0.020392114482820026,1,0.5168527364730835,0
748,2017-07-06 18:13:00,0.1589827537536621,1,3,0.045504128932952866,1,0.0077511749695986605,1,0.02967501748353243,1,0.05951666757464411,1,0.02084144670516251,1,0.5168527364730835,0
749,2017-07-06 18:13:30,0.16942186653614044,1,3,0.045504128932952866,1,0.007909668236970915,1,0.030333279818296456,1,0.07351247817277909,1,0.0211761798709631,1,0.5168527364730835,0
750,2017-07-06 18:14:00,0.16930249333381653,1,3,0.045504128932952866,1,0.008184152096509939,1,0.03402002193033706,1,0.08444213867187506,1,0.021844992693513584,1,0.5168527364730835,0
751,2017-07-06 18:14:30,0.17175573110580444,1,3,0.045504128932952866,1,0.008422385901212692,1,0.045619273930788046,1,0.12496617883443835,1,0.023159649223089218,1,0.5168527364730835,0
752,2017-07-06 18:15:00,0.1675851196050644,1,0,0.045504128932952866,1,0.008453597594052552,1,0.04616491310298443,1,0.14166206717491153,1,0.024028287921100847,1,0.5168527364730835,0
753,2017-07-06 18:15:30,0.14766019582748413,1,0,0.045504128932952866,1,0.008897539414465465,1,0.047360539436340436,1,0.15943019092082977,0,0.024419385567307453,1,0.5168527364730835,0
754,2017-07-06 18:16:00,0.1766505241394043,1,3,0.045504128932952866,1,0.009144935850054034,1,0.059516667574644216,1,0.15943019092082977,1,0.026042820140719486,1,0.5168527364730835,0
755,2017-07-06 18:16:30,0.1867663413286209,1,3,0.045504128932952866,1,0.009205899387598037,1,0.07351247817277914,1,0.1638699248433113,1,0.02856897618621581,1,0.5168527364730835,0
756,2017-07-06 18:17:00,0.17885039746761322,1,3,0.045504128932952866,1,0.009265044704079628,1,0.08444213867187537,1,0.1677568569779396,1,0.029740197118371725,1,0.5168527364730835,0
757,2017-07-06 18:17:30,0.21378737688064575,1,3,0.045504128932952866,1,0.009353356808423995,1,0.12496617883443846,1,0.16931443065404891,1,0.030600464344024476,1,0.5168527364730835,0
758,2017-07-06 18:18:00,0.22265967726707458,1,3,0.045504128932952866,1,0.009399943705648183,1,0.14052981138229376,1,0.16965525299310685,1,0.033787939324974856,1,0.5168527364730835,0
759,2017-07-06 18:18:30,0.17706038057804108,1,3,0.045504128932952866,1,0.009406250342726708,1,0.14879245162010202,1,0.1718065246939659,1,0.03979972749948503,1,0.5168527364730835,0
760,2017-07-06 18:19:00,0.157409206032753,1,3,0.045504128932952866,1,0.00944127477705479,1,0.1594301909208298,0,0.17270235270261766,0,0.04049220476299512,1,0.5168527364730835,0
761,2017-07-06 18:19:30,0.15922453999519348,1,3,0.045504128932952866,1,0.009588809683918953,1,0.1594301909208298,0,0.17270235270261766,0,0.043082308024168015,1,0.5168527364730835,0
762,2017-07-06 18:20:00,0.18994514644145966,1,3,0.045504128932952866,1,0.009646896272897719,1,0.15964779853820804,1,0.17270235270261766,1,0.04428494330495587,1,0.5168527364730835,0
763,2017-07-06 18:20:30,0.2057625651359558,1,3,0.045504128932952866,1,0.009711736813187604,1,0.16386992484331134,1,0.17669150978326797,1,0.044946074113249766,1,0.5168527364730835,0
764,2017-07-06 18:21:00,0.2211158573627472,1,3,0.045504128932952866,1,0.00973989935591817,1,0.16775685697793963,1,0.17723938226699829,1,0.04547681622207166,1,0.5168527364730835,0
765,2017-07-06 18:21:30,0.22121261060237885,1,3,0.045504128932952866,1,0.010058096796274197,1,0.16931443065404891,1,0.179641991853714,1,0.046042910963296865,1,0.5168527364730835,0
766,2017-07-06 18:22:00,0.21956700086593628,1,3,0.045504128932952866,1,0.010566203854978085,1,0.16965525299310685,1,0.18708422183990478,1,0.04617117252200842,1,0.5168527364730835,0
767,2017-07-06 18:22:30,0.22861763834953308,1,3,0.045504128932952866,1,0.01093635223805904,1,0.17180652469396593,1,0.1915268883109093,1,0.047021555528044615,1,0.5168527364730835,0
768,2017-07-06 18:23:00,0.2333049178123474,1,3,0.045504128932952866,1,0.011058253049850468,1,0.1727023527026177,1,0.20656504631042483,1,0.048984699510037845,1,0.5168527364730835,0
769,2017-07-06 18:23:30,0.2190668135881424,1,3,0.045504128932952866,1,0.011097504012286664,1,0.17669150978326797,1,0.2143653392791748,1,0.05046632215380659,1,0.5168527364730835,0
770,2017-07-06 18:24:00,0.21194501221179962,1,3,0.045504128932952866,1,0.011110895220190289,1,0.1772393822669983,1,0.21911683231592177,0,0.054819660447537576,1,0.5168527364730835,0
771,2017-07-06 18:24:30,0.19439856708049774,1,0,0.045504128932952866,1,0.01120063103735447,1,0.17964199185371404,1,0.21911683231592177,0,0.06541064009070396,1,0.5168527364730835,0
772,2017-07-06 18:25:00,0.1801888644695282,1,0,0.045504128932952866,1,0.011485054157674306,1,0.1870842218399048,0,0.21911683231592177,0,0.07608278170227954,1,0.5168527364730835,0
773,2017-07-06 18:25:30,0.2219969928264618,1,3,0.045504128932952866,1,0.011801588535308861,1,0.1870842218399048,1,0.21911683231592177,1,0.08239724934101092,1,0.5168527364730835,0
774,2017-07-06 18:26:00,0.222736194729805,1,3,0.045504128932952866,1,0.011951508279889828,1,0.1903904885053635,1,0.21972188651561736,1,0.08906195983290588,1,0.5168527364730835,0
775,2017-07-06 18:26:30,0.22983236610889435,1,3,0.045504128932952866,1,0.012509159930050393,1,0.19553496688604363,1,0.22112553268671037,1,0.09524706006050107,1,0.5168527364730835,0
776,2017-07-06 18:27:00,0.23554500937461853,1,3,0.045504128932952866,1,0.012931366451084614,1,0.20638080984354024,1,0.22129104882478715,1,0.09665273129940033,1,0.5168527364730835,0
777,2017-07-06 18:27:30,0.24916155636310577,1,3,0.045504128932952866,1,0.013023112155497073,1,0.21212924867868424,1,0.22206326127052306,1,0.1020516455173485,1,0.5168527364730835,0
778,2017-07-06 18:28:00,0.21512676775455475,1,3,0.045504128932952866,1,0.013408019766211591,1,0.21431532055139546,1,0.22266732901334763,0,0.1114667508751153,1,0.5168527364730835,0
779,2017-07-06 18:28:30,0.19958199560642242,1,3,0.045504128932952866,1,0.01439069807529453,1,0.21552077233791356,0,0.22266732901334763,0,0.1156459726393215,1,0.5168527364730835,0
780,2017-07-06 18:29:00,0.17147091031074524,1,3,0.045504128932952866,1,0.015009628515690569,1,0.21552077233791356,0,0.22266732901334763,0,0.12414554730057642,1,0.5168527364730835,0
781,2017-07-06 18:29:30,0.2040475457906723,1,3,0.045504128932952866,1,0.015163871459662914,1,0.21552077233791356,0,0.22266732901334763,0,0.1397375464439392,1,0.5168527364730835,0
782,2017-07-06 18:30:00,0.234065979719162,1,3,0.045504128932952866,1,0.015418807044625275,1,0.21552077233791356,1,0.22266732901334763,1,0.14726406335830636,1,0.5168527364730835,0
783,2017-07-06 18:30:30,0.22266772389411926,1,3,0.045504128932952866,1,0.016313155181706025,1,0.2191168323159218,1,0.22332433909177782,0,0.15643430501222588,1,0.5168527364730835,0
784,2017-07-06 18:31:00,0.24078035354614258,1,3,0.045504128932952866,1,0.01671070829033853,1,0.2197218865156174,1,0.22332433909177782,1,0.1587467215955256,1,0.5168527364730835,0
785,2017-07-06 18:31:30,0.23345351219177246,1,3,0.045504128932952866,1,0.01708054579794408,1,0.22112553268671037,1,0.2287391111254692,1,0.1591761827468872,1,0.5168527364730835,0
786,2017-07-06 18:32:00,0.21554496884346008,1,3,0.045504128932952866,1,0.01815586071461439,1,0.22129104882478715,0,0.23017962127923966,0,0.16239897906780243,1,0.5168527364730835,0
787,2017-07-06 18:32:30,0.2179514616727829,1,3,0.045504128932952866,1,0.019553523510694476,1,0.22129104882478715,0,0.23017962127923966,0,0.16566033214330653,1,0.5168527364730835,0
788,2017-07-06 18:33:00,0.21247266232967377,1,3,0.045504128932952866,1,0.020356215350329884,1,0.22129104882478715,0,0.23017962127923966,0,0.16724192500114438,1,0.5168527364730835,0
789,2017-07-06 18:33:30,0.20163241028785706,1,3,0.045504128932952866,1,0.02054901048541072,1,0.22129104882478715,0,0.23017962127923966,0,0.16861554384231553,1,0.5168527364730835,0
790,2017-07-06 18:34:00,0.15729734301567078,1,0,0.045504128932952866,1,0.021086777560412887,1,0.22129104882478715,0,0.23017962127923966,0,0.16936814859509466,0,0.5168527364730835,0
791,2017-07-06 18:34:30,0.2594611942768097,1,3,0.045504128932952866,1,0.021247701719403267,1,0.22129104882478715,1,0.23017962127923966,1,0.16936217993497849,1,0.5168527364730835,0
792,2017-07-06 18:35:00,0.24589692056179047,1,3,0.045504128932952866,1,0.022225086949765657,1,0.2220632612705231,1,0.2333197772502899,1,0.17034393623471247,1,0.5168527364730835,0
793,2017-07-06 18:35:30,0.1765366792678833,1,3,0.045504128932952866,1,0.02365522757172596,1,0.22266048192977905,0,0.2335147589445114,0,0.17158483862876892,1,0.5168527364730835,0
794,2017-07-06 18:36:00,0.17538775503635406,1,3,0.045504128932952866,1,0.024051996134221557,1,0.22266048192977905,0,0.2335147589445114,0,0.17193350866436954,1,0.5168527364730835,0
795,2017-07-06 18:36:30,0.23614592850208282,1,3,0.045504128932952866,1,0.02458885535597803,1,0.22266048192977905,1,0.2335147589445114,1,0.17320089340209946,1,0.5168527364730835,0
796,2017-07-06 18:37:00,0.2420225739479065,1,3,0.045504128932952866,1,0.026520688086748123,1,0.22267457097768784,1,0.23421388268470764,1,0.17567498609423637,1,0.5168527364730835,0
797,2017-07-06 18:37:30,0.20087434351444244,1,3,0.045504128932952866,1,0.028720774501562085,1,0.22332433909177785,0,0.23560510128736495,0,0.1765594482421875,1,0.5168527364730835,0
798,2017-07-06 18:38:00,0.1833941787481308,1,3,0.045504128932952866,1,0.029761923663318188,1,0.22332433909177785,0,0.23560510128736495,0,0.1767120026051998,1,0.5168527364730835,0
799,2017-07-06 18:38:30,0.19653117656707764,1,3,0.045504128932952866,1,0.030600464344024778,1,0.22332433909177785,0,0.23560510128736495,0,0.1771419078111648,1,0.5168527364730835,0
800,2017-07-06 18:39:00,0.22977416217327118,1,3,0.045504128932952866,1,0.03343793973326699,1,0.22332433909177785,1,0.23560510128736495,0,0.17792439013719555,1,0.5168527364730835,0
801,2017-07-06 18:39:30,0.2236379235982895,1,3,0.045504128932952866,1,0.03973793238401413,1,0.2287332907319069,0,0.23560510128736495,0,0.17885039746761322,1,0.5168527364730835,0
802,2017-07-06 18:40:00,0.22630973160266876,1,3,0.045504128932952866,1,0.04029408842325209,1,0.2287332907319069,0,0.23560510128736495,0,0.18012194111943236,1,0.5168527364730835,0
803,2017-07-06 18:40:30,0.21698932349681854,1,3,0.045504128932952866,1,0.042537023127079195,1,0.2287332907319069,0,0.23560510128736495,0,0.18307364732027046,1,0.5168527364730835,0
804,2017-07-06 18:41:00,0.231770321726799,1,3,0.045504128932952866,1,0.04396846033632761,1,0.2287332907319069,1,0.23560510128736495,0,0.18626051694154708,1,0.5168527364730835,0
805,2017-07-06 18:41:30,0.2177588939666748,1,3,0.045504128932952866,1,0.04474679604172708,1,0.2297799825668335,0,0.23560510128736495,0,0.18930938541889175,1,0.5168527364730835,0
806,2017-07-06 18:42:00,0.22952419519424438,1,3,0.045504128932952866,1,0.045285627245903015,1,0.2297799825668335,0,0.23560510128736495,0,0.19328521192073822,1,0.5168527364730835,0
807,2017-07-06 18:42:30,0.20504960417747498,1,3,0.045504128932952866,1,0.045800832659006106,1,0.2297799825668335,0,0.23560510128736495,0,0.19589139372110353,1,0.5168527364730835,0
808,2017-07-06 18:43:00,0.11049556732177734,1,0,0.045504128932952866,1,0.04616683907806873,1,0.2297799825668335,0,0.23560510128736495,0,0.19851420894265168,0,0.5168527364730835,0
809,2017-07-06 18:43:30,0.2102881222963333,1,3,0.045504128932952866,1,0.04641585871577268,1,0.2297799825668335,0,0.23560510128736495,0,0.19836166799068422,1,0.5168527364730835,0
810,2017-07-06 18:44:00,0.22573861479759216,1,3,0.045504128932952866,1,0.047631085291504914,1,0.2297799825668335,0,0.23560510128736495,0,0.20029278695583339,1,0.5168527364730835,0
811,2017-07-06 18:44:30,0.22807486355304718,1,3,0.045504128932952866,1,0.049846090376377106,1,0.2297799825668335,0,0.23560510128736495,0,0.20125337690114975,1,0.5168527364730835,0
812,2017-07-06 18:45:00,0.14527173340320587,1,3,0.045504128932952866,1,0.05077643804252145,1,0.2297799825668335,0,0.23560510128736495,0,0.20271922126412376,0,0.5168527364730835,0
813,2017-07-06 18:45:30,0.12039448320865631,1,3,0.045504128932952866,1,0.056610501557589066,1,0.2297799825668335,0,0.23560510128736495,0,0.2025984644889831,0,0.5168527364730835,0
814,2017-07-06 18:46:00,0.12158037722110748,0,3,0.045504128932952866,1,0.06835762634873457,1,0.2297799825668335,0,0.23560510128736495,0,0.20247770771384216,0,0.5168527364730835,0
815,2017-07-06 18:46:30,0.14541293680667877,0,0,0.045504128932952866,1,0.07718434035778063,1,0.2297799825668335,0,0.23560510128736495,0,0.2023569509387015,0,0.5168527364730835,0
816,2017-07-06 18:47:00,0.0760638415813446,0,0,0.045504128932952866,1,0.08296610414981842,0,0.2297799825668335,0,0.23560510128736495,0,0.20223619416356087,0,0.5168527364730835,0
817,2017-07-06 18:47:30,0.07102668285369873,0,0,0.045504128932952866,1,0.08239724934101092,0,0.2297799825668335,0,0.23560510128736495,0,0.20211543738841994,0,0.5168527364730835,0
818,2017-07-06 18:48:00,0.07134689390659332,0,0,0.045504128932952866,1,0.08182839453220406,0,0.2297799825668335,0,0.23560510128736495,0,0.2019946806132793,0,0.5168527364730835,0
819,2017-07-06 18:48:30,0.009139122441411018,0,0,0.045504128932952866,0,0.08125953972339656,0,0.2297799825668335,0,0.23560510128736495,0,0.20187392383813835,0,0.5168527364730835,0
820,2017-07-06 18:49:00,0.07516787946224213,0,0,0.045504128932952866,1,0.08069068491458906,0,0.2297799825668335,0,0.23560510128736495,0,0.2017531670629977,0,0.5168527364730835,0
821,2017-07-06 18:49:30,0.05484102666378021,0,0,0.045504128932952866,1,0.08012183010578156,0,0.2297799825668335,0,0.23560510128736495,0,0.20163241028785706,0,0.5168527364730835,0
822,2017-07-06 18:50:00,0.02082030661404133,0,0,0.045504128932952866,0,0.07971603125333777,0,0.2297799825668335,0,0.23560510128736495,0,0.20159450694918626,0,0.5168527364730835,0
823,2017-07-06 18:50:30,0.02737717516720295,0,0,0.045504128932952866,0,0.07931023240089444,0,0.2297799825668335,0,0.23560510128736495,0,0.20155660361051558,0,0.5168527364730835,0
824,2017-07-06 18:51:00,0.04984947293996811,0,0,0.045504128932952866,1,0.07890443354845066,0,0.2297799825668335,0,0.23560510128736495,0,0.2015187002718448,0,0.5168527364730835,0
825,2017-07-06 18:51:30,0.08951883018016815,0,0,0.045504128932952866,1,0.07849863469600686,1,0.2297799825668335,0,0.23560510128736495,0,0.2014807969331741,0,0.5168527364730835,0
826,2017-07-06 18:52:00,0.015386191196739674,0,0,0.045504128932952866,0,0.08296610414981842,0,0.2297799825668335,0,0.23560510128736495,0,0.2014428935945034,0,0.5168527364730835,0
827,2017-07-06 18:52:30,0.010522129014134407,0,0,0.045504128932952866,0,0.08239724934101092,0,0.2297799825668335,0,0.23560510128736495,0,0.2014049902558326,0,0.5168527364730835,0
828,2017-07-06 18:53:00,0.011657318100333214,0,0,0.045504128932952866,0,0.08182839453220406,0,0.2297799825668335,0,0.23560510128736495,0,0.20136708691716193,0,0.5168527364730835,0
829,2017-07-06 18:53:30,0.006350915413349867,0,0,0.045504128932952866,0,0.08125953972339656,0,0.2297799825668335,0,0.23560510128736495,0,0.20132918357849114,0,0.5168527364730835,0
830,2017-07-06 18:54:00,0.006362149957567453,0,0,0.045504128932952866,0,0.08069068491458906,0,0.2297799825668335,0,0.23560510128736495,0,0.20129128023982046,0,0.5168527364730835,0
831,2017-07-06 18:54:30,0.006842642556875944,0,0,0.045504128932952866,0,0.08012183010578156,0,0.2297799825668335,0,0.23560510128736495,0,0.20125337690114975,0,0.5168527364730835,0
832,2017-07-06 18:55:00,0.006856054998934269,0,0,0.045504128932952866,0,0.07971603125333777,0,0.2297799825668335,0,0.23560510128736495,0,0.20121547356247896,0,0.5168527364730835,0
833,2017-07-06 18:55:30,0.005971564445644617,0,0,0.045504128932952866,0,0.07931023240089444,0,0.2297799825668335,0,0.23560510128736495,0,0.20117757022380828,0,0.5168527364730835,0
834,2017-07-06 18:56:00,0.006153404712677002,0,0,0.045504128932952866,0,0.07890443354845066,0,0.2297799825668335,0,0.23560510128736495,0,0.20113966688513749,0,0.5168527364730835,0
835,2017-07-06 18:56:30,0.006248485762625933,0,0,0.045504128932952866,0,0.07849863469600686,0,0.2297799825668335,0,0.23560510128736495,0,0.2011017635464668,0,0.5168527364730835,0
836,2017-07-06 18:57:00,0.005162983201444149,0,0,0.045504128932952866,0,0.07809283584356308,0,0.2297799825668335,0,0.23560510128736495,0,0.2010638602077961,0,0.5168527364730835,0
837,2017-07-06 18:57:30,0.0049569918774068356,0,0,0.045504128932952866,0,0.0776870369911193,0,0.2297799825668335,0,0.23427397459745408,0,0.2010259568691253,0,0.5168527364730835,0
838,2017-07-06 18:58:00,0.004179319366812706,0,0,0.045504128932952866,0,0.07728123813867596,0,0.2297799825668335,0,0.2335147589445114,0,0.20098805353045462,0,0.5168527364730835,0
839,2017-07-06 18:58:30,0.004328972194343805,0,0,0.045504128932952866,0,0.07687543928623218,0,0.2297799825668335,0,0.2335147589445114,0,0.20095015019178383,0,0.5168527364730835,0
840,2017-07-06 18:59:00,0.0040974863804876804,0,0,0.045504128932952866,0,0.07646964043378839,0,0.2297799825668335,0,0.2335147589445114,0,0.20091224685311315,0,0.5168527364730835,0
841,2017-07-06 18:59:30,0.004001388791948557,0,0,0.045504128932952866,0,0.0760638415813446,0,0.2297799825668335,0,0.2335147589445114,0,0.20087434351444244,0,0.5168527364730835,0
842,2017-07-06 19:00:00,0.0037288754247128963,0,0,0.045504128932952866,0,0.07597424536943434,0,0.2297799825668335,0,0.2335147589445114,0,0.20080972611904135,0,0.5168527364730835,0
843,2017-07-06 19:00:30,0.0036705590318888426,0,0,0.045504128932952866,0,0.07588464915752417,0,0.2297799825668335,0,0.23193864077329635,0,0.2007451087236404,0,0.5168527364730835,0
844,2017-07-06 19:01:00,0.0037714429199695587,0,0,0.045504128932952866,0,0.07579505294561391,0,0.2297799825668335,0,0.23193864077329635,0,0.2006804913282393,0,0.5168527364730835,0
845,2017-07-06 19:01:30,0.003822373691946268,0,0,0.045504128932952866,0,0.07570545673370363,0,0.2297799825668335,0,0.22997377812862396,0,0.2006158739328384,0,0.5168527364730835,0
846,2017-07-06 19:02:00,0.0037868288345634937,0,0,0.045504128932952866,0,0.07561586052179337,0,0.2297799825668335,0,0.22954919189214706,0,0.20055125653743744,0,0.5168527364730835,0
847,2017-07-06 19:02:30,0.0034285858273506165,0,0,0.045504128932952866,0,0.0755262643098831,0,0.2297799825668335,0,0.22954919189214706,0,0.20048663914203635,0,0.5168527364730835,0
848,2017-07-06 19:03:00,0.0033542688470333815,0,0,0.045504128932952866,0,0.07543666809797293,0,0.2297799825668335,0,0.22954919189214706,0,0.2004220217466354,0,0.5168527364730835,0
849,2017-07-06 19:03:30,0.0030015117954462767,0,0,0.045504128932952866,0,0.07534707188606267,0,0.2297799825668335,0,0.22954919189214706,0,0.2003574043512343,0,0.5168527364730835,0
850,2017-07-06 19:04:00,0.002765968907624483,0,0,0.045504128932952866,0,0.07525747567415239,0,0.2297799825668335,0,0.22954919189214706,0,0.20029278695583339,0,0.5168527364730835,0
851,2017-07-06 19:04:30,0.002908924128860235,0,0,0.045504128932952866,0,0.07516787946224213,0,0.2297799825668335,0,0.22954919189214706,0,0.20022816956043243,0,0.5168527364730835,0
852,2017-07-06 19:05:00,0.002733195899054408,0,0,0.045504128932952866,0,0.07492890208959574,0,0.2297799825668335,0,0.2282197967171669,0,0.20016355216503134,0,0.5168527364730835,0
853,2017-07-06 19:05:30,0.0029041431844234467,0,0,0.045504128932952866,0,0.07468992471694963,0,0.2297799825668335,0,0.2264862447977066,0,0.2000989347696304,0,0.5168527364730835,0
854,2017-07-06 19:06:00,0.0029422917868942022,0,0,0.045504128932952866,0,0.07445094734430324,0,0.2297799825668335,0,0.2264862447977066,0,0.2000343173742293,0,0.5168527364730835,0
855,2017-07-06 19:06:30,0.0028286846354603767,0,0,0.045504128932952866,0,0.07421196997165685,0,0.2297799825668335,0,0.2264862447977066,0,0.19996969997882838,0,0.5168527364730835,0
856,2017-07-06 19:07:00,0.002830418525263667,0,0,0.045504128932952866,0,0.07397299259901047,0,0.2297799825668335,0,0.2257957264780998,0,0.19990508258342743,0,0.5168527364730835,0
857,2017-07-06 19:07:30,0.0030852246563881636,0,0,0.045504128932952866,0,0.07373401522636408,0,0.2297799825668335,0,0.22384799271821976,0,0.19984046518802634,0,0.5168527364730835,0
858,2017-07-06 19:08:00,0.0029201353900134563,0,0,0.045504128932952866,0,0.07349503785371797,0,0.2297799825668335,0,0.22384799271821976,0,0.1997758477926254,0,0.5168527364730835,0
859,2017-07-06 19:08:30,0.003134161466732621,0,0,0.045504128932952866,0,0.07325606048107158,0,0.2297799825668335,0,0.22384799271821976,0,0.1997112303972243,0,0.5168527364730835,0
860,2017-07-06 19:09:00,0.0029276986606419086,0,0,0.045504128932952866,0,0.0730170831084252,0,0.2297799825668335,0,0.22384799271821976,0,0.19964661300182338,0,0.5168527364730835,0
861,2017-07-06 19:09:30,0.002880685729905963,0,0,0.045504128932952866,0,0.07277810573577881,0,0.2297799825668335,0,0.21834679692983627,0,0.19958199560642242,0,0.5168527364730835,0
862,2017-07-06 19:10:00,0.0026690918020904064,0,0,0.045504128932952866,0,0.07263498455286023,0,0.2297799825668335,0,0.21706628054380417,0,0.19942945465445497,0,0.5168527364730835,0
863,2017-07-06 19:10:30,0.002510540885850787,0,0,0.045504128932952866,0,0.0724918633699418,0,0.2297799825668335,0,0.21095824241638184,0,0.19927691370248787,0,0.5168527364730835,0
864,2017-07-06 19:11:00,0.002484236378222704,0,0,0.045504128932952866,0,0.07234874218702322,0,0.2297799825668335,0,0.2055734559893608,0,0.19912437275052042,0,0.5168527364730835,0
865,2017-07-06 19:11:30,0.002500967588275671,0,0,0.045504128932952866,0,0.07220562100410464,0,0.2297799825668335,0,0.15137660354375848,0,0.19897183179855332,0,0.5168527364730835,0
866,2017-07-06 19:12:00,0.002821499016135931,0,0,0.045504128932952866,0,0.07206249982118607,0,0.2297799825668335,0,0.14528585374355316,0,0.19881929084658623,0,0.5168527364730835,0
867,2017-07-06 19:12:30,0.002926019486039877,0,0,0.045504128932952866,0,0.07191937863826749,0,0.2297799825668335,0,0.12394951283931735,0,0.19866674989461877,0,0.5168527364730835,0
868,2017-07-06 19:13:00,0.0035158079117536545,0,0,0.045504128932952866,0,0.07177625745534906,0,0.2297799825668335,0,0.12051307260990143,0,0.19851420894265168,0,0.5168527364730835,0
869,2017-07-06 19:13:30,0.00598814757540822,0,0,0.045504128932952866,0,0.07163313627243048,0,0.2297799825668335,0,0.12051307260990143,0,0.19836166799068422,0,0.5168527364730835,0
870,2017-07-06 19:14:00,0.013765756040811539,0,0,0.045504128932952866,0,0.0714900150895119,0,0.2297799825668335,0,0.09260639548301701,0,0.19820912703871713,0,0.5168527364730835,0
871,2017-07-06 19:14:30,0.027834074571728706,0,0,0.045504128932952866,0,0.07134689390659332,0,0.2297799825668335,0,0.07740934044122698,0,0.19805658608675003,0,0.5168527364730835,0
872,2017-07-06 19:15:00,0.0034779442939907312,0,0,0.045504128932952866,0,0.07131487280130386,0,0.2297799825668335,0,0.07525747567415238,0,0.19790404513478257,0,0.5168527364730835,0
873,2017-07-06 19:15:30,0.0032140682451426983,0,0,0.045504128932952866,0,0.07128285169601442,0,0.2297799825668335,0,0.0717289924621582,0,0.19775150418281548,0,0.5168527364730835,0
874,2017-07-06 19:16:00,0.002932775765657425,0,0,0.045504128932952866,0,0.07125083059072496,0,0.2297799825668335,0,0.0710587039589882,0,0.19759896323084802,0,0.5168527364730835,0
875,2017-07-06 19:16:30,0.002962800208479166,0,0,0.045504128932952866,0,0.07121880948543549,0,0.2297799825668335,0,0.056459592282772086,0,0.19744642227888093,0,0.5168527364730835,0
876,2017-07-06 19:17:00,0.0029146443121135235,0,0,0.045504128932952866,0,0.07118678838014603,0,0.2297799825668335,0,0.050348628312349326,0,0.19729388132691383,0,0.5168527364730835,0
877,2017-07-06 19:17:30,0.002799814334139228,0,0,0.045504128932952866,0,0.07115476727485656,0,0.2297799825668335,0,0.030035614408552676,0,0.19714134037494638,0,0.5168527364730835,0
878,2017-07-06 19:18:00,0.002803326351568103,0,0,0.045504128932952866,0,0.07112274616956712,0,0.2297799825668335,0,0.027422865107655525,0,0.19698879942297928,0,0.5168527364730835,0
879,2017-07-06 19:18:30,0.0027015693485736847,0,0,0.045504128932952866,0,0.07109072506427766,0,0.2297799825668335,0,0.0214759934693575,0,0.19683625847101183,0,0.5168527364730835,0
880,2017-07-06 19:19:00,0.0026250046212226152,0,0,0.045504128932952866,0,0.0710587039589882,0,0.2297799825668335,0,0.0214759934693575,0,0.19668371751904473,0,0.5168527364730835,0
881,2017-07-06 19:19:30,0.0025997725315392017,0,0,0.045504128932952866,0,0.07102668285369873,0,0.2297799825668335,0,0.015929602738469845,0,0.19653117656707764,0,0.5168527364730835,0
882,2017-07-06 19:20:00,0.0025477977469563484,0,0,0.045504128932952866,0,0.06972833201289147,0,0.2297799825668335,0,0.013927799556404354,0,0.1964245460927485,0,0.5168527364730835,0
883,2017-07-06 19:20:30,0.002472812542691827,0,0,0.045504128932952866,0,0.0684299811720857,0,0.2297799825668335,0,0.011868161894381049,0,0.1963179156184196,0,0.5168527364730835,0
884,2017-07-06 19:21:00,0.0024666793178766966,0,0,0.045504128932952866,0,0.06713163033127843,0,0.2297799825668335,0,0.01063564792275429,0,0.19621128514409045,0,0.5168527364730835,0
885,2017-07-06 19:21:30,0.0024528643116354942,0,0,0.045504128932952866,0,0.06583327949047119,0,0.2297799825668335,0,0.007222662400454288,0,0.19610465466976157,0,0.5168527364730835,0
886,2017-07-06 19:22:00,0.002600480802357197,0,0,0.045504128932952866,0,0.06453492864966393,0,0.2297799825668335,0,0.006843983801081777,0,0.19599802419543266,0,0.5168527364730835,0
887,2017-07-06 19:22:30,0.002646048553287983,0,0,0.045504128932952866,0,0.06323657780885666,0,0.2297799825668335,0,0.006410199217498303,0,0.19589139372110353,0,0.5168527364730835,0
888,2017-07-06 19:23:00,0.0027838186360895634,0,0,0.045504128932952866,0,0.06193822696805089,0,0.2297799825668335,0,0.006352038867771625,0,0.19578476324677463,0,0.5168527364730835,0
889,2017-07-06 19:23:30,0.002725383033975959,0,0,0.045504128932952866,0,0.060639876127243635,0,0.22954919189214706,0,0.006258728727698326,0,0.19567813277244547,0,0.5168527364730835,0
890,2017-07-06 19:24:00,0.002787110861390829,0,0,0.045504128932952866,0,0.059341525286436374,0,0.22954919189214706,0,0.006162912817671895,0,0.1955715022981166,0,0.5168527364730835,0
891,2017-07-06 19:24:30,0.0027518868446350098,0,0,0.045504128932952866,0,0.05804317444562912,0,0.22954919189214706,0,0.006004673289135099,0,0.1954648718237877,0,0.5168527364730835,0
892,2017-07-06 19:25:00,0.002847975352779031,0,0,0.045504128932952866,0,0.05772295966744416,0,0.22954919189214706,0,0.005973222758620977,0,0.19535824134945856,0,0.5168527364730835,0
893,2017-07-06 19:25:30,0.0029108079615980387,0,0,0.045504128932952866,0,0.057402744889259553,0,0.22954919189214706,0,0.005243841325864197,0,0.19525161087512966,0,0.5168527364730835,0
894,2017-07-06 19:26:00,0.0028741697315126657,0,0,0.045504128932952866,0,0.05708253011107459,0,0.22954919189214706,0,0.004977591009810567,0,0.1951449804008005,0,0.5168527364730835,0
895,2017-07-06 19:26:30,0.0031513571739196777,0,0,0.045504128932952866,0,0.056762315332889626,0,0.22954919189214706,0,0.004391774162650109,0,0.19503834992647162,0,0.5168527364730835,0
896,2017-07-06 19:27:00,0.002674433635547757,0,0,0.045504128932952866,0,0.056442100554704666,0,0.2282197967171669,0,0.0041942846495658164,0,0.19493171945214272,0,0.5168527364730835,0
897,2017-07-06 19:27:30,0.0027701586950570345,0,0,0.045504128932952866,0,0.056121885776519706,0,0.22648624479770663,0,0.004105669679120183,0,0.1948250889778136,0,0.5168527364730835,0
898,2017-07-06 19:28:00,0.002792932093143463,0,0,0.045504128932952866,0,0.0558016709983351,0,0.22579572647809984,0,0.00401099855080247,0,0.19471845850348468,0,0.5168527364730835,0
899,2017-07-06 19:28:30,0.0029669166542589664,0,0,0.045504128932952866,0,0.05548145622015014,0,0.22579572647809984,0,0.003840275201946497,0,0.19461182802915553,0,0.5168527364730835,0
900,2017-07-06 19:29:00,0.0027019004337489605,0,0,0.045504128932952866,0,0.05516124144196517,0,0.22579572647809984,0,0.0037903833203017713,0,0.19450519755482665,0,0.5168527364730835,0
901,2017-07-06 19:29:30,0.002683740109205246,0,0,0.045504128932952866,0,0.05484102666378021,0,0.22579572647809984,0,0.003772981511428952,0,0.19439856708049774,0,0.5168527364730835,0
902,2017-07-06 19:30:00,0.0027279891073703766,0,0,0.045504128932952866,0,0.05444490499794474,0,0.22579572647809984,0,0.0037331321742385625,0,0.19417589604854554,0,0.5168527364730835,0
903,2017-07-06 19:30:30,0.0025482068303972483,0,0,0.045504128932952866,0,0.054048783332109725,0,0.22384799271821978,0,0.0036806474206969144,0,0.19395322501659384,0,0.5168527364730835,0
904,2017-07-06 19:31:00,0.002557998290285468,0,0,0.045504128932952866,0,0.05365266166627425,0,0.22384799271821978,0,0.0035413714125752454,0,0.19373055398464162,0,0.5168527364730835,0
905,2017-07-06 19:31:30,0.0024100192822515965,0,0,0.045504128932952866,0,0.05325654000043878,0,0.2185201078653336,0,0.0034817306557670237,0,0.19350788295268992,0,0.5168527364730835,0
906,2017-07-06 19:32:00,0.002660037251189351,0,0,0.045504128932952866,0,0.05286041833460331,0,0.21777815073728563,0,0.003433521674014628,0,0.19328521192073822,0,0.5168527364730835,0
907,2017-07-06 19:32:30,0.002631103852763772,0,0,0.045504128932952866,0,0.05246429666876784,0,0.21777815073728563,0,0.003361700545065105,0,0.19306254088878602,0,0.5168527364730835,0
908,2017-07-06 19:33:00,0.002401910489425063,0,0,0.045504128932952866,0,0.05206817500293282,0,0.21706628054380417,0,0.003228088305331767,0,0.19283986985683432,0,0.5168527364730835,0
909,2017-07-06 19:33:30,0.002387645887210965,0,0,0.045504128932952866,0,0.051672053337097346,0,0.21706628054380417,0,0.00315762828104198,0,0.1926171988248821,0,0.5168527364730835,0
910,2017-07-06 19:34:00,0.0023506786674261093,0,0,0.045504128932952866,0,0.051275931671261876,0,0.21706628054380417,0,0.00315762828104198,0,0.1923945277929304,0,0.5168527364730835,0
911,2017-07-06 19:34:30,0.002393410773947835,0,0,0.045504128932952866,0,0.05087981000542641,0,0.21706628054380417,0,0.00315762828104198,0,0.1921718567609787,0,0.5168527364730835,0
912,2017-07-06 19:35:00,0.00235185120254755,0,0,0.045504128932952866,0,0.050776776298880555,0,0.2109582424163819,0,0.00315762828104198,0,0.1919491857290265,0,0.5168527364730835,0
913,2017-07-06 19:35:30,0.002365699503570795,0,0,0.045504128932952866,0,0.05067374259233482,0,0.20557345598936086,0,0.00315762828104198,0,0.1917265146970748,0,0.5168527364730835,0
914,2017-07-06 19:36:00,0.002446031430736184,0,0,0.045504128932952866,0,0.05057070888578896,0,0.20557345598936086,0,0.00315762828104198,0,0.19150384366512258,0,0.5168527364730835,0
915,2017-07-06 19:36:30,0.0024541188031435013,0,0,0.045504128932952866,0,0.05046767517924311,0,0.20557345598936086,0,0.00315762828104198,0,0.19128117263317088,0,0.5168527364730835,0
916,2017-07-06 19:37:00,0.002423633588477969,0,0,0.045504128932952866,0,0.05036464147269726,0,0.20129186958074574,0,0.00315762828104198,0,0.19105850160121918,0,0.5168527364730835,0
917,2017-07-06 19:37:30,0.0027253441512584686,0,0,0.045504128932952866,0,0.050261607766151406,0,0.19696549326181415,0,0.00315762828104198,0,0.19083583056926698,0,0.5168527364730835,0
918,2017-07-06 19:38:00,0.0026053539477288723,0,0,0.045504128932952866,0,0.05015857405960567,0,0.1847078785300256,0,0.00315762828104198,0,0.19061315953731528,0,0.5168527364730835,0
919,2017-07-06 19:38:30,0.0027089552022516727,0,0,0.045504128932952866,0,0.05005554035305981,0,0.1505247607827191,0,0.00315762828104198,0,0.19039048850536305,0,0.5168527364730835,0
920,2017-07-06 19:39:00,0.002637288998812437,0,0,0.045504128932952866,0,0.04995250664651396,0,0.14528585374355316,0,0.00315762828104198,0,0.19016781747341135,0,0.5168527364730835,0
921,2017-07-06 19:39:30,0.002755664987489581,0,0,0.045504128932952866,0,0.04984947293996811,0,0.12394951283931753,0,0.00315762828104198,0,0.18994514644145966,0,0.5168527364730835,0
922,2017-07-06 19:40:00,0.0030700175557285547,0,0,0.045504128932952866,0,0.049849134683609006,0,0.12051307260990143,0,0.00315762828104198,0,0.1897862061858175,0,0.5168527364730835,0
923,2017-07-06 19:40:30,0.003039489034563303,0,0,0.045504128932952866,0,0.04984879642724991,0,0.11148545891046532,0,0.00315762828104198,0,0.1896272659301757,0,0.5168527364730835,0
924,2017-07-06 19:41:00,0.0030335085466504097,0,0,0.045504128932952866,0,0.04984845817089081,0,0.09161650389432925,0,0.00315762828104198,0,0.18946832567453356,0,0.5168527364730835,0
925,2017-07-06 19:41:30,0.0033198522869497538,0,0,0.045504128932952866,0,0.04984811991453171,0,0.07740934044122708,0,0.00315762828104198,1,0.18930938541889175,0,0.5168527364730835,0
926,2017-07-06 19:42:00,0.0030607134103775024,0,0,0.045504128932952866,0,0.04984778165817261,0,0.07525747567415238,0,0.003224646649323404,0,0.18915044516324997,0,0.5168527364730835,0
927,2017-07-06 19:42:30,0.003018040210008621,0,0,0.045504128932952866,0,0.049847443401813504,0,0.07172899246215823,0,0.003224646649323404,0,0.18899150490760783,0,0.5168527364730835,0
928,2017-07-06 19:43:00,0.0030063313897699118,0,0,0.045504128932952866,0,0.04984710514545441,0,0.0710587039589882,0,0.003224646649323404,0,0.18883256465196602,0,0.5168527364730835,0
929,2017-07-06 19:43:30,0.003031086875125766,0,0,0.045504128932952866,0,0.049846766889095305,0,0.056459592282772204,0,0.00315762828104198,0,0.18867362439632387,0,0.5168527364730835,0
930,2017-07-06 19:44:00,0.0029844259843230247,0,0,0.045504128932952866,0,0.04984642863273621,0,0.05034862831234936,0,0.003078151517547667,0,0.18851468414068207,0,0.5168527364730835,0
931,2017-07-06 19:44:30,0.002822255715727806,0,0,0.045504128932952866,0,0.049846090376377106,0,0.030035614408552833,0,0.0030616438249126076,0,0.18835574388504028,0,0.5168527364730835,0
932,2017-07-06 19:45:00,0.0026314114220440388,0,0,0.045504128932952866,0,0.049599978700280135,0,0.027422865107655528,0,0.003041611472144723,0,0.18819680362939814,0,0.5168527364730835,0
933,2017-07-06 19:45:30,0.002971907611936331,0,0,0.045504128932952866,0,0.04935386702418344,0,0.021475993469357545,0,0.003034106595441699,0,0.18803786337375633,0,0.5168527364730835,0
934,2017-07-06 19:46:00,0.0027827387675642967,0,0,0.045504128932952866,0,0.04910775534808647,0,0.015929602738469887,0,0.00303132904227823,0,0.1878789231181142,0,0.5168527364730835,0
935,2017-07-06 19:46:30,0.0028642932884395123,0,0,0.045504128932952866,0,0.048861643671989495,0,0.013927799556404366,0,0.00303132904227823,0,0.18771998286247238,0,0.5168527364730835,0
936,2017-07-06 19:47:00,0.0028944509103894234,0,0,0.045504128932952866,0,0.048615531995892525,0,0.011868161894381064,0,0.00303132904227823,0,0.1875610426068306,0,0.5168527364730835,0
937,2017-07-06 19:47:30,0.0027125836350023746,0,0,0.045504128932952866,0,0.048369420319795554,0,0.010635647922754298,0,0.00303132904227823,0,0.18740210235118845,0,0.5168527364730835,0
938,2017-07-06 19:48:00,0.0026129595935344696,0,0,0.045504128932952866,0,0.04812330864369886,0,0.009277423098683369,0,0.00303132904227823,0,0.18724316209554664,0,0.5168527364730835,0
939,2017-07-06 19:48:30,0.0024902892764657736,0,0,0.045504128932952866,0,0.04787719696760189,0,0.007084361743181963,0,0.00303132904227823,0,0.1870842218399045,0,0.5168527364730835,0
940,2017-07-06 19:49:00,0.002396858297288418,0,0,0.045504128932952866,0,0.047631085291504914,0,0.006843983801081777,0,0.00303132904227823,0,0.1869252815842627,0,0.5168527364730835,0
941,2017-07-06 19:49:30,0.0024231672286987305,0,0,0.045504128932952866,0,0.047384973615407944,0,0.006410199217498307,0,0.00303132904227823,0,0.1867663413286209,0,0.5168527364730835,0
942,2017-07-06 19:50:00,0.002514841267839074,0,0,0.045504128932952866,0,0.0472638342529535,0,0.006352038867771625,0,0.00303132904227823,0,0.1865977331995962,0,0.5168527364730835,0
943,2017-07-06 19:50:30,0.0025021214969456196,0,0,0.045504128932952866,0,0.0471426948904992,0,0.006258728727698327,0,0.00303132904227823,0,0.18642912507057183,0,0.5168527364730835,0
944,2017-07-06 19:51:00,0.0024903160519897938,0,0,0.045504128932952866,0,0.04702155552804475,0,0.006162912817671896,0,0.00303132904227823,0,0.18626051694154708,0,0.5168527364730835,0
945,2017-07-06 19:51:30,0.0024190766271203756,0,0,0.045504128932952866,0,0.04690041616559031,0,0.0060046732891351,0,0.00303132904227823,0,0.18609190881252274,0,0.5168527364730835,0
946,2017-07-06 19:52:00,0.0025021503679454327,0,0,0.045504128932952866,0,0.04677927680313587,0,0.005973222758620978,0,0.00303132904227823,0,0.18592330068349838,0,0.5168527364730835,0
947,2017-07-06 19:52:30,0.0024442137219011784,0,0,0.045504128932952866,0,0.04665813744068143,0,0.005243841325864203,0,0.00303132904227823,0,0.18575469255447366,0,0.5168527364730835,0
948,2017-07-06 19:53:00,0.0024600974284112453,0,0,0.045504128932952866,0,0.04653699807822713,0,0.004977591009810569,0,0.00303132904227823,0,0.1855860844254493,0,0.5168527364730835,0
949,2017-07-06 19:53:30,0.0023419323842972517,0,0,0.045504128932952866,0,0.04641585871577268,0,0.004391774162650114,0,0.00303132904227823,0,0.18541747629642455,0,0.5168527364730835,0
950,2017-07-06 19:54:00,0.002369493478909135,0,0,0.045504128932952866,0,0.04629471935331824,0,0.004194284649565817,0,0.00303132904227823,0,0.18524886816740022,0,0.5168527364730835,0
951,2017-07-06 19:54:30,0.0022662270348519087,0,0,0.045504128932952866,0,0.0461735799908638,0,0.004105669679120184,0,0.00303132904227823,0,0.18508026003837585,0,0.5168527364730835,0
952,2017-07-06 19:55:00,0.0024995349813252687,0,0,0.045504128932952866,0,0.04617261700332165,0,0.0040109985508024705,0,0.00303132904227823,0,0.18491165190935113,0,0.5168527364730835,0
953,2017-07-06 19:55:30,0.0025241533294320107,0,0,0.045504128932952866,0,0.046171654015779495,0,0.0038402752019464984,0,0.00303132904227823,0,0.18474304378032677,0,0.5168527364730835,0
954,2017-07-06 19:56:00,0.002801133319735527,0,0,0.045504128932952866,0,0.04617069102823734,0,0.0037903833203017713,0,0.00303132904227823,0,0.18457443565130202,0,0.5168527364730835,0
955,2017-07-06 19:56:30,0.0026363383512943983,0,0,0.045504128932952866,0,0.04616972804069519,0,0.0037729815114289525,0,0.00303132904227823,0,0.1844058275222777,0,0.5168527364730835,0
956,2017-07-06 19:57:00,0.0025913240388035774,0,0,0.045504128932952866,0,0.04616876505315304,0,0.003733132174238563,0,0.0030193448765203357,0,0.18423721939325333,0,0.5168527364730835,0
957,2017-07-06 19:57:30,0.002472349675372243,0,0,0.045504128932952866,0,0.046167802065610886,0,0.0036763906711712487,0,0.0030193448765203357,0,0.1840686112642286,0,0.5168527364730835,0
958,2017-07-06 19:58:00,0.0025857402943074703,0,0,0.045504128932952866,0,0.04616683907806873,0,0.0035312830237671745,0,0.0030193448765203357,0,0.18390000313520424,0,0.5168527364730835,0
959,2017-07-06 19:58:30,0.0025680114049464464,0,0,0.045504128932952866,0,0.04616587609052658,0,0.0034817306557670237,0,0.0030193448765203357,0,0.1837313950061795,0,0.5168527364730835,0
960,2017-07-06 19:59:00,0.0024115086998790503,0,0,0.045504128932952866,0,0.04616491310298443,0,0.0034335216740146285,0,0.0030193448765203357,0,0.18356278687715516,0,0.5168527364730835,0
961,2017-07-06 19:59:30,0.0024820053949952126,0,0,0.045504128932952866,0,0.046163950115442276,0,0.0033617005450651055,0,0.0030193448765203357,0,0.1833941787481308,0,0.5168527364730835,0
962,2017-07-06 20:00:00,0.002292529447004199,0,0,0.045504128932952866,0,0.04610343053936957,0,0.0033232939429581167,0,0.0030193448765203357,0,0.18323391303420045,0,0.5168527364730835,0
963,2017-07-06 20:00:30,0.00242017675191164,0,0,0.045504128932952866,0,0.046042910963296935,0,0.003224646649323405,0,0.0030193448765203357,0,0.18307364732027046,0,0.5168527364730835,0
964,2017-07-06 20:01:00,0.002301997970789671,0,0,0.045504128932952866,0,0.04598239138722422,0,0.0031576282810419805,0,0.0030193448765203357,0,0.1829133816063401,0,0.5168527364730835,0
965,2017-07-06 20:01:30,0.002458316506817937,0,0,0.045504128932952866,0,0.04592187181115152,0,0.003135881037451327,0,0.0030193448765203357,0,0.18275311589241014,0,0.5168527364730835,0
966,2017-07-06 20:02:00,0.0024122497998178005,0,0,0.045504128932952866,0,0.04586135223507881,0,0.0030901183374226096,0,0.0030193448765203357,0,0.18259285017848015,0,0.5168527364730835,0
967,2017-07-06 20:02:30,0.002355493139475584,0,0,0.045504128932952866,0,0.045800832659006106,0,0.0030715382657945157,0,0.0030193448765203357,0,0.1824325844645498,0,0.5168527364730835,0
968,2017-07-06 20:03:00,0.002313927048817277,0,0,0.045504128932952866,0,0.04574031308293347,0,0.0030616438249126076,0,0.0030193448765203357,0,0.1822723187506198,0,0.5168527364730835,0
969,2017-07-06 20:03:30,0.0023494521155953407,0,0,0.045504128932952866,0,0.04567979350686076,0,0.003041611472144723,0,0.0030193448765203357,0,0.18211205303668948,0,0.5168527364730835,0
970,2017-07-06 20:04:00,0.002362829400226474,0,0,0.045504128932952866,0,0.04561927393078805,0,0.003041611472144723,0,0.0030193448765203357,0,0.1819517873227595,0,0.5168527364730835,0
971,2017-07-06 20:04:30,0.002539491280913353,0,0,0.045504128932952866,0,0.04555875435471535,0,0.003041611472144723,0,0.0030193448765203357,0,0.1817915216088295,0,0.5168527364730835,0
