t,ts,score,y_within_K,stage,thr_whole-capture-10pct,alarm_whole-capture-10pct,thr_expanding-10pct,alarm_expanding-10pct,thr_trailing120-10pct,alarm_trailing120-10pct,thr_trailing60-10pct,alarm_trailing60-10pct,thr_expanding-5pct,alarm_expanding-5pct,thr_train-quantile-5pct,alarm_train-quantile-5pct
0,2017-07-07 11:59:00,0.613446831703186,0,0,0.9387872815132143,0,,0,,0,,0,,0,0.6813563704490662,0
1,2017-07-07 11:59:30,0.6603307127952576,0,0,0.9387872815132143,0,,0,,0,,0,,0,0.6813563704490662,0
2,2017-07-07 12:00:00,0.7441481351852417,0,0,0.9387872815132143,0,,0,,0,,0,,0,0.6813563704490662,1
3,2017-07-07 12:00:30,0.965740442276001,0,0,0.9387872815132143,1,,0,,0,,0,,0,0.6813563704490662,1
4,2017-07-07 12:01:00,0.9812838435173035,0,0,0.9387872815132143,1,,0,,0,,0,,0,0.6813563704490662,1
5,2017-07-07 12:01:30,0.929094135761261,0,0,0.9387872815132143,0,,0,,0,,0,,0,0.6813563704490662,1
6,2017-07-07 12:02:00,0.9673638939857483,0,0,0.9387872815132143,1,,0,,0,,0,,0,0.6813563704490662,1
7,2017-07-07 12:02:30,0.9766266345977783,0,0,0.9387872815132143,1,,0,,0,,0,,0,0.6813563704490662,1
8,2017-07-07 12:03:00,0.9697704911231995,0,0,0.9387872815132143,1,,0,,0,,0,,0,0.6813563704490662,1
9,2017-07-07 12:03:30,0.656068742275238,0,0,0.9387872815132143,0,,0,,0,,0,,0,0.6813563704490662,0
10,2017-07-07 12:04:00,0.4661369025707245,0,0,0.9387872815132143,0,,0,,0,,0,,0,0.6813563704490662,0
11,2017-07-07 12:04:30,0.25764545798301697,0,0,0.9387872815132143,0,,0,,0,,0,,0,0.6813563704490662,0
12,2017-07-07 12:05:00,0.3937877118587494,0,0,0.9387872815132143,0,,0,,0,,0,,0,0.6813563704490662,0
13,2017-07-07 12:05:30,0.5188246369361877,0,0,0.9387872815132143,0,,0,,0,,0,,0,0.6813563704490662,0
14,2017-07-07 12:06:00,0.20648154616355896,0,0,0.9387872815132143,0,,0,,0,,0,,0,0.6813563704490662,0
15,2017-07-07 12:06:30,0.08713336288928986,0,0,0.9387872815132143,0,,0,,0,,0,,0,0.6813563704490662,0
16,2017-07-07 12:07:00,0.06502366065979004,0,0,0.9387872815132143,0,,0,,0,,0,,0,0.6813563704490662,0
17,2017-07-07 12:07:30,0.07463592290878296,0,0,0.9387872815132143,0,,0,,0,,0,,0,0.6813563704490662,0
18,2017-07-07 12:08:00,0.1039559543132782,0,0,0.9387872815132143,0,,0,,0,,0,,0,0.6813563704490662,0
19,2017-07-07 12:08:30,0.03346453979611397,0,0,0.9387872815132143,0,,0,,0,,0,,0,0.6813563704490662,0
20,2017-07-07 12:09:00,0.04359419271349907,0,0,0.9387872815132143,0,0.9704561054706573,0,0.9704561054706573,0,0.9704561054706573,0,0.9768594950437546,0,0.6813563704490662,0
21,2017-07-07 12:09:30,0.034514352679252625,0,0,0.9387872815132143,0,0.9697704911231995,0,0.9697704911231995,0,0.9697704911231995,0,0.9766266345977783,0,0.6813563704490662,0
22,2017-07-07 12:10:00,0.04693343862891197,0,0,0.9387872815132143,0,0.9695298314094544,0,0.9695298314094544,0,0.9695298314094544,0,0.9762838274240494,0,0.6813563704490662,0
23,2017-07-07 12:10:30,0.07433612644672394,0,0,0.9387872815132143,0,0.9692891716957093,0,0.9692891716957093,0,0.9692891716957093,0,0.9759410202503205,0,0.6813563704490662,0
24,2017-07-07 12:11:00,0.048631343990564346,0,0,0.9387872815132143,0,0.9690485119819641,0,0.9690485119819641,0,0.9690485119819641,0,0.9755982130765914,0,0.6813563704490662,0
25,2017-07-07 12:11:30,0.02739027515053749,0,0,0.9387872815132143,0,0.968807852268219,0,0.968807852268219,0,0.968807852268219,0,0.9752554059028625,0,0.6813563704490662,0
26,2017-07-07 12:12:00,0.054713014513254166,0,0,0.9387872815132143,0,0.9685671925544739,0,0.9685671925544739,0,0.9685671925544739,0,0.9749125987291336,0,0.6813563704490662,0
27,2017-07-07 12:12:30,0.04506232589483261,0,0,0.9387872815132143,0,0.9683265328407288,0,0.9683265328407288,0,0.9683265328407288,0,0.9745697915554047,0,0.6813563704490662,0
28,2017-07-07 12:13:00,0.01781352050602436,0,0,0.9387872815132143,0,0.9680858731269837,0,0.9680858731269837,0,0.9680858731269837,0,0.9742269843816758,0,0.6813563704490662,0
29,2017-07-07 12:13:30,0.010864286683499813,0,0,0.9387872815132143,0,0.9678452134132385,0,0.9678452134132385,0,0.9678452134132385,0,0.9738841772079467,0,0.6813563704490662,0
30,2017-07-07 12:14:00,0.009377565234899521,0,0,0.9387872815132143,0,0.9676045536994934,0,0.9676045536994934,0,0.9676045536994934,0,0.9735413700342178,0,0.6813563704490662,0
31,2017-07-07 12:14:30,0.009542725048959255,0,0,0.9387872815132143,0,0.9673638939857483,0,0.9673638939857483,0,0.9673638939857483,0,0.9731985628604889,0,0.6813563704490662,0
32,2017-07-07 12:15:00,0.006507230922579765,0,0,0.9387872815132143,0,0.9672015488147736,0,0.9672015488147736,0,0.9672015488147736,0,0.97285575568676,0,0.6813563704490662,0
33,2017-07-07 12:15:30,0.008205801248550415,0,0,0.9387872815132143,0,0.9670392036437988,0,0.9670392036437988,0,0.9670392036437988,0,0.972512948513031,0,0.6813563704490662,0
34,2017-07-07 12:16:00,0.007717141415923834,0,0,0.9387872815132143,0,0.9668768584728241,0,0.9668768584728241,0,0.9668768584728241,0,0.972170141339302,0,0.6813563704490662,0
35,2017-07-07 12:16:30,0.00799834355711937,0,0,0.9387872815132143,0,0.9667145133018493,0,0.9667145133018493,0,0.9667145133018493,0,0.9718273341655731,0,0.6813563704490662,0
36,2017-07-07 12:17:00,0.006457778159528971,0,0,0.9387872815132143,0,0.9665521681308746,0,0.9665521681308746,0,0.9665521681308746,0,0.9714845269918442,0,0.6813563704490662,0
37,2017-07-07 12:17:30,0.007459490094333887,0,0,0.9387872815132143,0,0.9663898229599,0,0.9663898229599,0,0.9663898229599,0,0.9711417198181153,0,0.6813563704490662,0
38,2017-07-07 12:18:00,0.007079890463501215,0,0,0.9387872815132143,0,0.9662274777889251,0,0.9662274777889251,0,0.9662274777889251,0,0.9707989126443863,0,0.6813563704490662,0
39,2017-07-07 12:18:30,0.006437210366129875,0,0,0.9387872815132143,0,0.9660651326179505,0,0.9660651326179505,0,0.9660651326179505,0,0.9704561054706573,0,0.6813563704490662,0
40,2017-07-07 12:19:00,0.006503567565232515,0,0,0.9387872815132143,0,0.9659027874469757,0,0.9659027874469757,0,0.9659027874469757,0,0.9701132982969284,0,0.6813563704490662,0
41,2017-07-07 12:19:30,0.00784463994204998,0,0,0.9387872815132143,0,0.965740442276001,0,0.965740442276001,0,0.965740442276001,0,0.9697704911231995,0,0.6813563704490662,0
42,2017-07-07 12:20:00,0.008610752411186695,0,0,0.9387872815132143,0,0.9620758116245269,0,0.9620758116245269,0,0.9620758116245269,0,0.9696501612663269,0,0.6813563704490662,0
43,2017-07-07 12:20:30,0.004308489616960287,0,0,0.9387872815132143,0,0.9584111809730531,0,0.9584111809730531,0,0.9584111809730531,0,0.9695298314094544,0,0.6813563704490662,0
44,2017-07-07 12:21:00,0.0049197059124708176,0,0,0.9387872815132143,0,0.9547465503215791,0,0.9547465503215791,0,0.9547465503215791,0,0.9694095015525818,0,0.6813563704490662,0
45,2017-07-07 12:21:30,0.006009875796735287,0,0,0.9387872815132143,0,0.951081919670105,0,0.951081919670105,0,0.951081919670105,0,0.9692891716957093,0,0.6813563704490662,0
46,2017-07-07 12:22:00,0.006067756097763777,0,0,0.9387872815132143,0,0.947417289018631,0,0.947417289018631,0,0.947417289018631,0,0.9691688418388367,0,0.6813563704490662,0
47,2017-07-07 12:22:30,0.0041837627068161964,0,0,0.9387872815132143,0,0.9437526583671569,0,0.9437526583671569,0,0.9437526583671569,0,0.9690485119819641,0,0.6813563704490662,0
48,2017-07-07 12:23:00,0.004286751616746187,0,0,0.9387872815132143,0,0.9400880277156831,0,0.9400880277156831,0,0.9400880277156831,0,0.9689281821250916,0,0.6813563704490662,0
49,2017-07-07 12:23:30,0.004194361623376608,0,0,0.9387872815132143,0,0.9364233970642091,0,0.9364233970642091,0,0.9364233970642091,0,0.968807852268219,0,0.6813563704490662,0
50,2017-07-07 12:24:00,0.004107131157070398,0,0,0.9387872815132143,0,0.932758766412735,0,0.932758766412735,0,0.932758766412735,0,0.9686875224113465,0,0.6813563704490662,0
51,2017-07-07 12:24:30,0.004148421343415976,0,0,0.9387872815132143,0,0.929094135761261,0,0.929094135761261,0,0.929094135761261,0,0.9685671925544739,0,0.6813563704490662,0
52,2017-07-07 12:25:00,0.005084824748337269,0,0,0.9387872815132143,0,0.9105995357036588,0,0.9105995357036588,0,0.9105995357036588,0,0.9684468626976013,0,0.6813563704490662,0
53,2017-07-07 12:25:30,0.004454676993191242,0,0,0.9387872815132143,0,0.892104935646058,0,0.892104935646058,0,0.892104935646058,0,0.9683265328407288,0,0.6813563704490662,0
54,2017-07-07 12:26:00,0.0038186360616236925,0,0,0.9387872815132143,0,0.8736103355884557,0,0.8736103355884557,0,0.8736103355884557,0,0.9682062029838562,0,0.6813563704490662,0
55,2017-07-07 12:26:30,0.0037193200550973415,0,0,0.9387872815132143,0,0.8551157355308535,0,0.8551157355308535,0,0.8551157355308535,0,0.9680858731269837,0,0.6813563704490662,0
56,2017-07-07 12:27:00,0.004829268902540207,0,0,0.9387872815132143,0,0.8366211354732513,0,0.8366211354732513,0,0.8366211354732513,0,0.9679655432701111,0,0.6813563704490662,0
57,2017-07-07 12:27:30,0.004663312342017889,0,0,0.9387872815132143,0,0.8181265354156492,0,0.8181265354156492,0,0.8181265354156492,0,0.9678452134132385,0,0.6813563704490662,0
58,2017-07-07 12:28:00,0.004019933752715588,0,0,0.9387872815132143,0,0.7996319353580483,0,0.7996319353580483,0,0.7996319353580483,0,0.967724883556366,0,0.6813563704490662,0
59,2017-07-07 12:28:30,0.0038908682763576508,0,0,0.9387872815132143,0,0.781137335300446,0,0.781137335300446,0,0.781137335300446,0,0.9676045536994934,0,0.6813563704490662,0
60,2017-07-07 12:29:00,0.004060815554112196,0,0,0.9387872815132143,0,0.7626427352428439,0,0.7626427352428439,0,0.7626427352428439,0,0.9674842238426209,0,0.6813563704490662,0
61,2017-07-07 12:29:30,0.003922617994248867,0,0,0.9387872815132143,0,0.7441481351852417,0,0.7441481351852417,0,0.7626427352428439,0,0.9673638939857483,0,0.6813563704490662,0
62,2017-07-07 12:30:00,0.003912806510925293,0,0,0.9387872815132143,0,0.7357663929462431,0,0.7357663929462431,0,0.7626427352428439,0,0.967282721400261,0,0.6813563704490662,0
63,2017-07-07 12:30:30,0.00404843594878912,0,0,0.9387872815132143,0,0.7273846507072452,0,0.7273846507072452,0,0.6833712816238408,0,0.9672015488147736,0,0.6813563704490662,0
64,2017-07-07 12:31:00,0.004313550889492035,0,0,0.9387872815132143,0,0.7190029084682467,0,0.7190029084682467,0,0.532549047470093,0,0.9671203762292861,0,0.6813563704490662,0
65,2017-07-07 12:31:30,0.004185961093753576,0,0,0.9387872815132143,0,0.7106211662292482,0,0.7106211662292482,0,0.4714056760072709,0,0.9670392036437988,0,0.6813563704490662,0
66,2017-07-07 12:32:00,0.004099504090845585,0,0,0.9387872815132143,0,0.7022394239902496,0,0.7022394239902496,0,0.401022630929947,0,0.9669580310583115,0,0.6813563704490662,0
67,2017-07-07 12:32:30,0.0038416178431361914,0,0,0.9387872815132143,0,0.6938576817512511,0,0.6938576817512511,0,0.2712596833705904,0,0.9668768584728241,0,0.6813563704490662,0
68,2017-07-07 12:33:00,0.003916668239980936,0,0,0.9387872815132143,0,0.6854759395122532,0,0.6854759395122532,0,0.21159793734550483,0,0.9667956858873368,0,0.6813563704490662,0
69,2017-07-07 12:33:30,0.00379159371368587,0,0,0.9387872815132143,0,0.6770941972732546,0,0.6770941972732546,0,0.11420851349830642,0,0.9667145133018493,0,0.6813563704490662,0
70,2017-07-07 12:34:00,0.003877442330121994,0,0,0.9387872815132143,0,0.6687124550342561,0,0.6687124550342561,0,0.08881562203168872,0,0.966633340716362,0,0.6813563704490662,0
71,2017-07-07 12:34:30,0.0038185357116162777,0,0,0.9387872815132143,0,0.6603307127952576,0,0.6603307127952576,0,0.07588566690683367,0,0.9665521681308746,0,0.6813563704490662,0
72,2017-07-07 12:35:00,0.003907292615622282,0,0,0.9387872815132143,0,0.6599045157432556,0,0.6599045157432556,0,0.07436610609292985,0,0.9664709955453873,0,0.6813563704490662,0
73,2017-07-07 12:35:30,0.0038498523645102978,0,0,0.9387872815132143,0,0.6594783186912536,0,0.6594783186912536,0,0.06595490723848345,0,0.9663898229598998,0,0.6813563704490662,0
74,2017-07-07 12:36:00,0.0037132184952497482,0,0,0.9387872815132143,0,0.6590521216392518,0,0.6590521216392518,0,0.05574407912790777,0,0.9663086503744125,0,0.6813563704490662,0
75,2017-07-07 12:36:30,0.0036187488585710526,0,0,0.9387872815132143,0,0.6586259245872498,0,0.6586259245872498,0,0.049239511042833334,0,0.9662274777889251,0,0.6813563704490662,0
76,2017-07-07 12:37:00,0.0036613496486097574,0,0,0.9387872815132143,0,0.6581997275352478,0,0.6581997275352478,0,0.04710322916507721,0,0.9661463052034378,0,0.6813563704490662,0
77,2017-07-07 12:37:30,0.0038415261078625917,0,0,0.9387872815132143,0,0.6577735304832458,0,0.6577735304832458,0,0.04524943716824055,0,0.9660651326179505,0,0.6813563704490662,0
78,2017-07-07 12:38:00,0.004831220488995314,0,0,0.9387872815132143,0,0.6573473334312439,0,0.6573473334312439,0,0.043741006031632425,0,0.965983960032463,0,0.6813563704490662,0
79,2017-07-07 12:38:30,0.004704827908426523,0,0,0.9387872815132143,0,0.656921136379242,0,0.656921136379242,0,0.03542233668267728,0,0.9659027874469757,0,0.6813563704490662,0
80,2017-07-07 12:39:00,0.004676608834415674,0,0,0.9387872815132143,0,0.65649493932724,0,0.65649493932724,0,0.03542233668267728,0,0.9658216148614883,0,0.6813563704490662,0
81,2017-07-07 12:39:30,0.004602495580911636,0,0,0.9387872815132143,0,0.656068742275238,0,0.656068742275238,0,0.028102682903409015,0,0.965740442276001,0,0.6813563704490662,0
82,2017-07-07 12:40:00,0.0044456059113144875,0,0,0.9387872815132143,0,0.6518065512180331,0,0.6518065512180331,0,0.018771195970475687,0,0.9639081269502641,0,0.6813563704490662,0
83,2017-07-07 12:40:30,0.004242922179400921,0,0,0.9387872815132143,0,0.6475443601608275,0,0.6475443601608275,0,0.011559210065752277,0,0.9620758116245267,0,0.6813563704490662,0
84,2017-07-07 12:41:00,0.003924031741917133,0,0,0.9387872815132143,0,0.6432821691036226,0,0.6432821691036226,0,0.009674881212413312,0,0.9602434962987898,0,0.6813563704490662,0
85,2017-07-07 12:41:30,0.0036634844727814198,0,0,0.9387872815132143,0,0.6390199780464176,0,0.6390199780464176,0,0.009394081216305495,0,0.9584111809730529,0,0.6813563704490662,0
86,2017-07-07 12:42:00,0.00451994314789772,0,0,0.9387872815132143,0,0.634757786989212,0,0.634757786989212,0,0.008687433693557978,0,0.956578865647316,0,0.6813563704490662,0
87,2017-07-07 12:42:30,0.004317532293498516,0,0,0.9387872815132143,0,0.6304955959320071,0,0.6304955959320071,0,0.008246296364814044,0,0.9547465503215791,0,0.6813563704490662,0
88,2017-07-07 12:43:00,0.004056889563798904,0,0,0.9387872815132143,0,0.6262334048748015,0,0.6262334048748015,0,0.008019089326262474,0,0.9529142349958417,0,0.6813563704490662,0
89,2017-07-07 12:43:30,0.00399919506162405,0,0,0.9387872815132143,0,0.6219712138175966,0,0.6219712138175966,0,0.00786001030355692,0,0.9510819196701048,0,0.6813563704490662,0
90,2017-07-07 12:44:00,0.00454351119697094,0,0,0.9387872815132143,0,0.6177090227603916,0,0.6177090227603916,0,0.007729891268536448,0,0.9492496043443679,0,0.6813563704490662,0
91,2017-07-07 12:44:30,0.0041617839597165585,0,0,0.9387872815132143,0,0.613446831703186,0,0.613446831703186,0,0.007485255226492882,0,0.947417289018631,0,0.6813563704490662,0
92,2017-07-07 12:45:00,0.004102000966668129,0,0,0.9387872815132143,0,0.6039846122264867,0,0.6039846122264867,0,0.007117850426584482,0,0.9455849736928941,0,0.6813563704490662,0
93,2017-07-07 12:45:30,0.004400889854878187,0,0,0.9387872815132143,0,0.5945223927497861,0,0.5945223927497861,0,0.007117850426584482,0,0.9437526583671567,0,0.6813563704490662,0
94,2017-07-07 12:46:00,0.004597316961735487,0,0,0.9387872815132143,0,0.5850601732730868,0,0.5850601732730868,0,0.006561199855059386,0,0.9419203430414198,0,0.6813563704490662,0
95,2017-07-07 12:46:30,0.004311868455260992,0,0,0.9387872815132143,0,0.5755979537963876,0,0.5755979537963876,0,0.006462357100099325,0,0.9400880277156829,0,0.6813563704490662,0
96,2017-07-07 12:47:00,0.00398895051330328,0,0,0.9387872815132143,0,0.5661357343196869,0,0.5661357343196869,0,0.006439267145469785,0,0.938255712389946,0,0.6813563704490662,0
97,2017-07-07 12:47:30,0.004183718468993902,0,0,0.9387872815132143,0,0.5566735148429875,0,0.5566735148429875,0,0.006104701524600387,0,0.9364233970642085,0,0.6813563704490662,0
98,2017-07-07 12:48:00,0.004200826399028301,0,0,0.9387872815132143,0,0.547211295366287,0,0.547211295366287,0,0.006015663826838135,0,0.9345910817384717,0,0.6813563704490662,0
99,2017-07-07 12:48:30,0.004569684155285358,0,0,0.9387872815132143,0,0.5377490758895876,0,0.5377490758895876,0,0.005177329853177072,0,0.9327587664127348,0,0.6813563704490662,0
100,2017-07-07 12:49:00,0.0045479657128453255,0,0,0.9387872815132143,0,0.5282868564128884,0,0.5282868564128884,0,0.004936217796057463,0,0.9309264510869979,0,0.6813563704490662,0
101,2017-07-07 12:49:30,0.0041353837586939335,0,0,0.9387872815132143,0,0.5188246369361877,0,0.5188246369361877,0,0.004840069031342864,0,0.929094135761261,0,0.6813563704490662,0
102,2017-07-07 12:50:00,0.004234913270920515,0,0,0.9387872815132143,0,0.5135558634996418,0,0.5135558634996418,0,0.004829464061185717,0,0.919846835732458,0,0.6813563704490662,0
103,2017-07-07 12:50:30,0.0043067606166005135,0,0,0.9387872815132143,0,0.5082870900630949,0,0.5082870900630949,0,0.004717272007837892,0,0.9105995357036575,0,0.6813563704490662,0
104,2017-07-07 12:51:00,0.004391506779938936,0,0,0.9387872815132143,0,0.503018316626549,0,0.503018316626549,0,0.004717272007837892,0,0.901352235674857,0,0.6813563704490662,0
105,2017-07-07 12:51:30,0.00429119449108839,0,0,0.9387872815132143,0,0.49774954319000286,0,0.49774954319000286,0,0.004679430741816759,0,0.8921049356460566,0,0.6813563704490662,0
106,2017-07-07 12:52:00,0.004149738699197769,0,0,0.9387872815132143,0,0.4924807697534561,0,0.4924807697534561,0,0.004664641991257668,0,0.8828576356172562,0,0.6813563704490662,0
107,2017-07-07 12:52:30,0.004392201546579599,0,0,0.9387872815132143,0,0.4872119963169101,0,0.4872119963169101,0,0.004608577257022262,0,0.8736103355884531,0,0.6813563704490662,0
108,2017-07-07 12:53:00,0.004332222044467926,0,0,0.9387872815132143,0,0.4819432228803633,0,0.4819432228803633,0,0.004608577257022262,0,0.8643630355596527,0,0.6813563704490662,0
109,2017-07-07 12:53:30,0.004027758724987507,0,0,0.9387872815132143,0,0.4766744494438173,0,0.4766744494438173,0,0.004608577257022262,0,0.8551157355308522,0,0.6813563704490662,0
110,2017-07-07 12:54:00,0.004166112747043371,0,0,0.9387872815132143,0,0.47140567600727123,0,0.47140567600727123,0,0.004608577257022262,0,0.8458684355020518,0,0.6813563704490662,0
111,2017-07-07 12:54:30,0.004401207901537418,0,0,0.9387872815132143,0,0.4661369025707245,0,0.4661369025707245,0,0.004608577257022262,0,0.8366211354732513,0,0.6813563704490662,0
112,2017-07-07 12:55:00,0.004178570117801428,0,0,0.9387872815132143,0,0.4589019834995274,0,0.4589019834995274,0,0.004608577257022262,0,0.8273738354444483,0,0.6813563704490662,0
113,2017-07-07 12:55:30,0.005172275472432375,0,0,0.9387872815132143,0,0.45166706442832927,0,0.45166706442832927,0,0.004597834823653102,1,0.8181265354156478,0,0.6813563704490662,0
114,2017-07-07 12:56:00,0.006873514503240585,0,0,0.9387872815132143,0,0.44443214535713216,0,0.44443214535713216,0,0.004608577257022262,1,0.8088792353868474,0,0.6813563704490662,0
115,2017-07-07 12:56:30,0.006445014383643866,0,0,0.9387872815132143,0,0.43719722628593505,0,0.43719722628593505,0,0.004664641991257668,1,0.799631935358047,0,0.6813563704490662,0
116,2017-07-07 12:57:00,0.010212955996394157,0,0,0.9387872815132143,0,0.42996230721473694,0,0.42996230721473694,0,0.004679430741816759,1,0.7903846353292465,0,0.6813563704490662,0
117,2017-07-07 12:57:30,0.026317298412322998,0,0,0.9387872815132143,0,0.42272738814353983,0,0.42272738814353983,0,0.004679430741816759,1,0.7811373353004435,0,0.6813563704490662,0
118,2017-07-07 12:58:00,0.02424181066453457,0,0,0.9387872815132143,0,0.4154924690723417,0,0.4154924690723417,0,0.004717467166483402,1,0.771890035271643,0,0.6813563704490662,0
119,2017-07-07 12:58:30,0.023981332778930664,1,0,0.9387872815132143,0,0.4082575500011446,0,0.4082575500011446,0,0.004865325987339021,1,0.7626427352428425,0,0.6813563704490662,0
120,2017-07-07 12:59:00,0.02533895894885063,1,0,0.9387872815132143,0,0.4010226309299475,0,0.4010226309299475,0,0.005299549363553526,1,0.7533954352140422,0,0.6813563704490662,0
121,2017-07-07 12:59:30,0.02471524104475975,1,0,0.9387872815132143,0,0.3937877118587494,0,0.27125968337059136,0,0.006487864395603538,1,0.7441481351852417,0,0.6813563704490662,0
122,2017-07-07 13:00:00,0.01875944808125496,1,0,0.9387872815132143,0,0.38017348647117694,0,0.2115979373455052,0,0.0072074586525559476,1,0.7399572640657416,0,0.6813563704490662,0
123,2017-07-07 13:00:30,0.027858564630150795,1,0,0.9387872815132143,0,0.36655926108360254,0,0.11420851349830714,0,0.01106760520488025,1,0.7357663929462426,0,0.6813563704490662,0
124,2017-07-07 13:01:00,0.04225822538137436,1,0,0.9387872815132143,0,0.35294503569603003,0,0.08881562203168883,0,0.019281636551022538,1,0.7315755218267436,0,0.6813563704490662,0
125,2017-07-07 13:01:30,0.035839635878801346,1,0,0.9387872815132143,0,0.3393308103084576,0,0.07588566690683375,0,0.024007380567491056,1,0.7273846507072447,0,0.6813563704490662,0
126,2017-07-07 13:02:00,0.03147441893815994,1,0,0.9387872815132143,0,0.3257165849208832,0,0.07436610609292985,0,0.024289153702557086,1,0.7231937795877457,0,0.6813563704490662,0
127,2017-07-07 13:02:30,0.029528914019465446,1,0,0.9387872815132143,0,0.3121023595333107,0,0.0659549072384835,0,0.024777612835168838,1,0.7190029084682455,0,0.6813563704490662,0
128,2017-07-07 13:03:00,0.027519164606928825,1,0,0.9387872815132143,0,0.29848813414573633,0,0.05574407912790784,0,0.02543679289519787,1,0.7148120373487465,0,0.6813563704490662,0
129,2017-07-07 13:03:30,0.02656356245279312,1,4,0.9387872815132143,0,0.2848739087581638,0,0.04923951104283338,0,0.026437485031783583,1,0.7106211662292475,0,0.6813563704490662,0
130,2017-07-07 13:04:00,0.034681085497140884,1,4,0.9387872815132143,0,0.27125968337059136,0,0.047103229165077226,0,0.026659122668206692,1,0.7064302951097486,0,0.6813563704490662,0
131,2017-07-07 13:04:30,0.05013912171125412,1,4,0.9387872815132143,0,0.25764545798301697,0,0.045249437168240564,1,0.027553104609251023,1,0.7022394239902496,0,0.6813563704490662,0
132,2017-07-07 13:05:00,0.04090385138988495,1,4,0.9387872815132143,0,0.25252906680107146,0,0.045249437168240564,0,0.028025599569082262,1,0.6980485528707495,0,0.6813563704490662,0
133,2017-07-07 13:05:30,0.016716137528419495,1,4,0.9387872815132143,0,0.24741267561912522,0,0.04374100603163244,0,0.0297234645113349,0,0.6938576817512505,0,0.6813563704490662,0
134,2017-07-07 13:06:00,0.013882329687476158,1,4,0.9387872815132143,0,0.2422962844371797,0,0.04239182211458684,0,0.0297234645113349,0,0.6896668106317515,0,0.6813563704490662,0
135,2017-07-07 13:06:30,0.016006434336304665,1,4,0.9387872815132143,0,0.2371798932552342,0,0.0410392887890339,0,0.0297234645113349,0,0.6854759395122526,0,0.6813563704490662,0
136,2017-07-07 13:07:00,0.012257242575287819,1,4,0.9387872815132143,0,0.23206350207328796,0,0.03634605742990975,0,0.0297234645113349,0,0.6812850683927536,0,0.6813563704490662,0
137,2017-07-07 13:07:30,0.010327008552849293,1,4,0.9387872815132143,0,0.22694711089134245,0,0.03479694053530694,0,0.0297234645113349,0,0.6770941972732535,0,0.6813563704490662,0
138,2017-07-07 13:08:00,0.0106503926217556,1,4,0.9387872815132143,0,0.22183071970939622,0,0.034531025961041455,0,0.0297234645113349,0,0.6729033261537557,0,0.6813563704490662,0
139,2017-07-07 13:08:30,0.007678463123738766,1,4,0.9387872815132143,0,0.2167143285274507,0,0.033569521084427845,0,0.0297234645113349,0,0.6687124550342555,0,0.6813563704490662,0
140,2017-07-07 13:09:00,0.005935084540396929,1,4,0.9387872815132143,0,0.2115979373455052,0,0.03177841231226924,0,0.0297234645113349,0,0.6645215839147554,0,0.6813563704490662,0
141,2017-07-07 13:09:30,0.004945236258208752,1,4,0.9387872815132143,0,0.20648154616355896,0,0.029723464511334913,0,0.0297234645113349,0,0.6603307127952576,0,0.6813563704490662,0
142,2017-07-07 13:10:00,0.005136690102517605,1,4,0.9387872815132143,0,0.19622898697853147,0,0.028025599569082276,0,0.0297234645113349,0,0.6601176142692565,0,0.6813563704490662,0
143,2017-07-07 13:10:30,0.005226118490099907,1,4,0.9387872815132143,0,0.1859764277935025,0,0.027553104609251027,0,0.0297234645113349,0,0.6599045157432556,0,0.6813563704490662,0
144,2017-07-07 13:11:00,0.005064758472144604,1,4,0.9387872815132143,0,0.17572386860847647,0,0.027403164096176626,0,0.0297234645113349,0,0.6596914172172547,0,0.6813563704490662,0
145,2017-07-07 13:11:30,0.005865634419023991,1,4,0.9387872815132143,0,0.16547130942344607,0,0.026646233722567567,0,0.0297234645113349,0,0.6594783186912536,0,0.6813563704490662,0
146,2017-07-07 13:12:00,0.006429825443774462,1,4,0.9387872815132143,0,0.15521875023841858,0,0.026341924816370012,0,0.0297234645113349,0,0.6592652201652527,0,0.6813563704490662,0
147,2017-07-07 13:12:30,0.008706273511052132,1,4,0.9387872815132143,0,0.1449661910533911,0,0.025436792895197877,0,0.0297234645113349,0,0.6590521216392516,0,0.6813563704490662,0
148,2017-07-07 13:13:00,0.013447347097098827,1,4,0.9387872815132143,0,0.1347136318683636,0,0.024777612835168845,0,0.0297234645113349,0,0.6588390231132507,0,0.6813563704490662,0
149,2017-07-07 13:13:30,0.01660151220858097,1,4,0.9387872815132143,0,0.1244610726833361,0,0.024777612835168845,0,0.0297234645113349,0,0.6586259245872498,0,0.6813563704490662,0
150,2017-07-07 13:14:00,0.026791200041770935,1,4,0.9387872815132143,0,0.11420851349830569,0,0.024777612835168845,1,0.0297234645113349,0,0.6584128260612487,0,0.6813563704490662,0
151,2017-07-07 13:14:30,0.03166179358959198,1,4,0.9387872815132143,0,0.1039559543132782,0,0.025436792895197877,1,0.0297234645113349,1,0.6581997275352478,0,0.6813563704490662,0
152,2017-07-07 13:15:00,0.03689316287636757,1,4,0.9387872815132143,0,0.10227369517087946,0,0.026341924816370012,1,0.03149315640330315,1,0.6579866290092468,0,0.6813563704490662,0
153,2017-07-07 13:15:30,0.04261360689997673,1,4,0.9387872815132143,0,0.10059143602848072,0,0.026586326211690905,1,0.03196372278034688,1,0.6577735304832458,0,0.6813563704490662,0
154,2017-07-07 13:16:00,0.04640784487128258,1,4,0.9387872815132143,0,0.09890917688608199,0,0.02686399649828673,1,0.03479694053530693,1,0.6575604319572449,0,0.6813563704490662,0
155,2017-07-07 13:16:30,0.06513814628124237,1,4,0.9387872815132143,0,0.09722691774368276,0,0.027553104609251027,1,0.03594498857855797,1,0.6573473334312439,0,0.6813563704490662,0
156,2017-07-07 13:17:00,0.12012059986591339,1,4,0.9387872815132143,0,0.09554465860128403,1,0.028025599569082276,1,0.03729423172771931,1,0.6571342349052429,0,0.6813563704490662,0
157,2017-07-07 13:17:30,0.08245154470205307,1,4,0.9387872815132143,0,0.11042181253433236,0,0.029723464511334913,1,0.041039288789033894,1,0.6569211363792419,0,0.6813563704490662,0
158,2017-07-07 13:18:00,0.08618222922086716,1,4,0.9387872815132143,0,0.10880534797906893,0,0.03149315640330315,1,0.042293763533234593,1,0.656708037853241,0,0.6813563704490662,0
159,2017-07-07 13:18:30,0.2138356864452362,1,4,0.9387872815132143,0,0.10718888342380552,1,0.0319637227803469,1,0.04299303069710732,1,0.65649493932724,0,0.6813563704490662,0
160,2017-07-07 13:19:00,0.262132465839386,1,4,0.9387872815132143,0,0.12875669449567745,1,0.03479694053530694,1,0.046780972555279736,1,0.656281840801239,0,0.6813563704490662,0
161,2017-07-07 13:19:30,0.16021627187728882,1,4,0.9387872815132143,0,0.20648154616355896,0,0.035944988578557976,1,0.051639024168252966,1,0.656068742275238,0,0.6813563704490662,0
162,2017-07-07 13:20:00,0.09346629679203033,1,4,0.9387872815132143,0,0.2018550187349322,0,0.03729423172771934,1,0.06686948612332347,1,0.6539376467466349,0,0.6813563704490662,0
163,2017-07-07 13:20:30,0.09610017389059067,1,4,0.9387872815132143,0,0.19722849130630546,0,0.0410392887890339,1,0.08282461315393448,1,0.6518065512180331,0,0.6813563704490662,0
164,2017-07-07 13:21:00,0.07089164853096008,1,4,0.9387872815132143,0,0.1926019638776787,0,0.0422937635332346,1,0.08691063597798349,0,0.64967545568943,0,0.6813563704490662,0
165,2017-07-07 13:21:30,0.058932702988386154,1,4,0.9387872815132143,0,0.18797543644905063,0,0.042993030697107346,1,0.08691063597798349,0,0.647544360160827,0,0.6813563704490662,0
166,2017-07-07 13:22:00,0.021340176463127136,1,4,0.9387872815132143,0,0.1833489090204239,0,0.046780972555279764,0,0.08691063597798349,0,0.645413264632225,0,0.6813563704490662,0
167,2017-07-07 13:22:30,0.008918589912354946,1,4,0.9387872815132143,0,0.17872238159179715,0,0.046780972555279764,0,0.08691063597798349,0,0.6432821691036219,0,0.6813563704490662,0
168,2017-07-07 13:23:00,0.006607398856431246,1,4,0.9387872815132143,0,0.1740958541631704,0,0.046780972555279764,0,0.08691063597798349,0,0.6411510735750201,0,0.6813563704490662,0
169,2017-07-07 13:23:30,0.006091611459851265,1,4,0.9387872815132143,0,0.16946932673454362,0,0.046780972555279764,0,0.08691063597798349,0,0.639019978046417,0,0.6813563704490662,0
170,2017-07-07 13:24:00,0.005773354787379503,1,4,0.9387872815132143,0,0.16484279930591558,0,0.046780972555279764,0,0.08691063597798349,0,0.636888882517814,0,0.6813563704490662,0
171,2017-07-07 13:24:30,0.004894142504781485,1,4,0.9387872815132143,0,0.16021627187728882,0,0.046780972555279764,0,0.08691063597798349,0,0.634757786989212,0,0.6813563704490662,0
172,2017-07-07 13:25:00,0.004896474536508322,1,4,0.9387872815132143,0,0.1562067046761515,0,0.046780972555279764,0,0.08691063597798349,0,0.6326266914606089,0,0.6813563704490662,0
173,2017-07-07 13:25:30,0.005022021941840649,1,4,0.9387872815132143,0,0.15219713747501418,0,0.046780972555279764,0,0.08691063597798349,0,0.6304955959320071,0,0.6813563704490662,0
174,2017-07-07 13:26:00,0.004809505306184292,1,4,0.9387872815132143,0,0.14818757027387688,0,0.046780972555279764,0,0.08691063597798349,0,0.628364500403404,0,0.6813563704490662,0
175,2017-07-07 13:26:30,0.004235692322254181,1,4,0.9387872815132143,0,0.14417800307273843,0,0.046780972555279764,0,0.08691063597798349,0,0.626233404874801,0,0.6813563704490662,0
176,2017-07-07 13:27:00,0.00423079077154398,1,4,0.9387872815132143,0,0.1401684358716011,0,0.046780972555279764,0,0.08691063597798349,0,0.624102309346199,0,0.6813563704490662,0
177,2017-07-07 13:27:30,0.0040860865265131,1,4,0.9387872815132143,0,0.13615886867046378,0,0.046780972555279764,0,0.08691063597798349,0,0.6219712138175959,0,0.6813563704490662,0
178,2017-07-07 13:28:00,0.004126645624637604,1,4,0.9387872815132143,0,0.13214930146932646,0,0.046780972555279764,0,0.08691063597798349,0,0.6198401182889941,0,0.6813563704490662,0
179,2017-07-07 13:28:30,0.003976166248321533,1,4,0.9387872815132143,0,0.12813973426818917,0,0.046780972555279764,0,0.08691063597798349,0,0.617709022760391,0,0.6813563704490662,0
180,2017-07-07 13:29:00,0.004191208630800247,1,4,0.9387872815132143,0,0.12413016706705071,0,0.046780972555279764,0,0.08691063597798349,0,0.615577927231788,0,0.6813563704490662,0
181,2017-07-07 13:29:30,0.0037249564193189144,1,4,0.9387872815132143,0,0.12012059986591339,0,0.046780972555279764,0,0.08691063597798349,0,0.613446831703186,0,0.6813563704490662,0
182,2017-07-07 13:30:00,0.003995136823505163,1,4,0.9387872815132143,0,0.11850413531064996,0,0.046780972555279764,0,0.08691063597798349,0,0.608715721964835,0,0.6813563704490662,0
183,2017-07-07 13:30:30,0.004706772975623608,1,4,0.9387872815132143,0,0.11688767075538653,0,0.046780972555279764,0,0.08691063597798349,0,0.6039846122264867,0,0.6813563704490662,0
184,2017-07-07 13:31:00,0.00487606693059206,1,4,0.9387872815132143,0,0.11527120620012311,0,0.046780972555279764,0,0.08691063597798349,0,0.5992535024881358,0,0.6813563704490662,0
185,2017-07-07 13:31:30,0.005101373419165611,1,4,0.9387872815132143,0,0.11365474164485923,0,0.046780972555279764,0,0.08691063597798349,0,0.5945223927497848,0,0.6813563704490662,0
186,2017-07-07 13:32:00,0.004984232131391764,1,4,0.9387872815132143,0,0.1120382770895958,0,0.046780972555279764,0,0.08691063597798349,0,0.5897912830114365,0,0.6813563704490662,0
187,2017-07-07 13:32:30,0.005087507423013449,1,4,0.9387872815132143,0,0.11042181253433236,0,0.046780972555279764,0,0.08691063597798349,0,0.5850601732730855,0,0.6813563704490662,0
188,2017-07-07 13:33:00,0.004403365775942802,1,4,0.9387872815132143,0,0.10880534797906893,0,0.046780972555279764,0,0.08691063597798349,0,0.5803290635347371,0,0.6813563704490662,0
189,2017-07-07 13:33:30,0.00435092905536294,1,4,0.9387872815132143,0,0.10718888342380552,0,0.046780972555279764,0,0.08691063597798349,0,0.5755979537963862,0,0.6813563704490662,0
190,2017-07-07 13:34:00,0.004872331395745277,1,4,0.9387872815132143,0,0.10557241886854163,0,0.046780972555279764,0,0.08691063597798349,0,0.5708668440580352,0,0.6813563704490662,0
191,2017-07-07 13:34:30,0.006464138627052307,1,4,0.9387872815132143,0,0.1039559543132782,0,0.046780972555279764,0,0.08691063597798349,0,0.5661357343196869,0,0.6813563704490662,0
192,2017-07-07 13:35:00,0.007516814395785332,1,4,0.9387872815132143,0,0.10317037627100949,0,0.046780972555279764,0,0.08691063597798349,0,0.5614046245813359,0,0.6813563704490662,0
193,2017-07-07 13:35:30,0.00584742845967412,1,4,0.9387872815132143,0,0.10238479822874078,0,0.046780972555279764,0,0.08691063597798349,0,0.5566735148429849,0,0.6813563704490662,0
194,2017-07-07 13:36:00,0.006154386326670647,1,4,0.9387872815132143,0,0.10159922018647208,0,0.046780972555279764,0,0.08691063597798349,0,0.5519424051046367,0,0.6813563704490662,0
195,2017-07-07 13:36:30,0.006448570638895035,1,4,0.9387872815132143,0,0.10081364214420314,0,0.046780972555279764,0,0.08691063597798349,0,0.5472112953662857,0,0.6813563704490662,0
196,2017-07-07 13:37:00,0.0073055364191532135,1,4,0.9387872815132143,0,0.10002806410193443,0,0.046780972555279764,0,0.08691063597798349,0,0.5424801856279373,0,0.6813563704490662,0
197,2017-07-07 13:37:30,0.004638358484953642,1,4,0.9387872815132143,0,0.09924248605966572,0,0.046780972555279764,0,0.08691063597798349,0,0.5377490758895863,0,0.6813563704490662,0
198,2017-07-07 13:38:00,0.005091589875519276,1,4,0.9387872815132143,0,0.09845690801739701,0,0.046780972555279764,0,0.08691063597798349,0,0.5330179661512353,0,0.6813563704490662,0
199,2017-07-07 13:38:30,0.0052107758820056915,1,4,0.9387872815132143,0,0.09767132997512831,0,0.046780972555279764,0,0.08691063597798349,0,0.5282868564128871,0,0.6813563704490662,0
200,2017-07-07 13:39:00,0.004640498198568821,1,4,0.9387872815132143,0,0.09688575193285938,0,0.046780972555279764,0,0.08691063597798349,0,0.5235557466745361,0,0.6813563704490662,0
201,2017-07-07 13:39:30,0.004723441321402788,1,4,0.9387872815132143,0,0.09610017389059067,0,0.046780972555279764,0,0.08691063597798349,0,0.5188246369361877,0,0.6813563704490662,0
202,2017-07-07 13:40:00,0.004815374501049519,1,4,0.9387872815132143,0,0.09583678618073464,0,0.046780972555279764,0,0.08691063597798349,0,0.516190250217914,0,0.6813563704490662,0
203,2017-07-07 13:40:30,0.005983424838632345,1,4,0.9387872815132143,0,0.09557339847087863,0,0.046780972555279764,0,0.08691063597798349,0,0.5135558634996402,0,0.6813563704490662,0
204,2017-07-07 13:41:00,0.008166220039129257,1,4,0.9387872815132143,0,0.0953100107610226,0,0.046780972555279764,0,0.08691063597798349,0,0.5109214767813679,0,0.6813563704490662,0
205,2017-07-07 13:41:30,0.0052834730595350266,1,4,0.9387872815132143,0,0.09504662305116653,0,0.046780972555279764,0,0.08691063597798349,0,0.5082870900630942,0,0.6813563704490662,0
206,2017-07-07 13:42:00,0.007053968496620655,1,4,0.9387872815132143,0,0.0947832353413105,0,0.046780972555279764,0,0.08691063597798349,0,0.5056527033448219,0,0.6813563704490662,0
207,2017-07-07 13:42:30,0.012515131384134293,1,4,0.9387872815132143,0,0.09451984763145448,0,0.046780972555279764,0,0.08691063597798349,0,0.5030183166265482,0,0.6813563704490662,0
208,2017-07-07 13:43:00,0.0210092905908823,1,4,0.9387872815132143,0,0.09425645992159846,0,0.046780972555279764,0,0.08691063597798349,0,0.5003839299082744,0,0.6813563704490662,0
209,2017-07-07 13:43:30,0.02374635636806488,1,4,0.9387872815132143,0,0.09399307221174244,0,0.046780972555279764,0,0.08691063597798349,0,0.49774954319000214,0,0.6813563704490662,0
210,2017-07-07 13:44:00,0.020200613886117935,1,4,0.9387872815132143,0,0.09372968450188636,0,0.046780972555279764,0,0.08691063597798349,0,0.4951151564717284,0,0.6813563704490662,0
211,2017-07-07 13:44:30,0.023167429491877556,1,4,0.9387872815132143,0,0.09346629679203033,0,0.046780972555279764,0,0.08691063597798349,0,0.4924807697534561,0,0.6813563704490662,0
212,2017-07-07 13:45:00,0.023284422233700752,1,4,0.9387872815132143,0,0.09283300340175632,0,0.046780972555279764,0,0.08691063597798349,0,0.48984638303518235,0,0.6813563704490662,0
213,2017-07-07 13:45:30,0.043099336326122284,1,4,0.9387872815132143,0,0.0921997100114823,0,0.046780972555279764,0,0.08691063597798349,0,0.4872119963169086,0,0.6813563704490662,0
214,2017-07-07 13:46:00,0.07707452028989792,1,4,0.9387872815132143,0,0.0915664166212083,0,0.046780972555279764,1,0.08691063597798349,0,0.4845776095986363,0,0.6813563704490662,0
215,2017-07-07 13:46:30,0.04599300026893616,1,4,0.9387872815132143,0,0.09093312323093411,0,0.0510184798389674,0,0.08691063597798349,0,0.48194322288036257,0,0.6813563704490662,0
216,2017-07-07 13:47:00,0.04125304892659187,1,4,0.9387872815132143,0,0.0902998298406601,0,0.0510184798389674,0,0.08691063597798349,0,0.4793088361620903,0,0.6813563704490662,0
217,2017-07-07 13:47:30,0.03430383652448654,1,4,0.9387872815132143,0,0.08966653645038608,0,0.0510184798389674,0,0.08282461315393448,0,0.47667444944381654,0,0.6813563704490662,0
218,2017-07-07 13:48:00,0.029648076742887497,1,4,0.9387872815132143,0,0.08903324306011207,0,0.0510184798389674,0,0.07798529118299485,0,0.4740400627255428,0,0.6813563704490662,0
219,2017-07-07 13:48:30,0.02253039740025997,1,4,0.9387872815132143,0,0.08839994966983807,0,0.0510184798389674,0,0.07150993570685388,0,0.4714056760072705,0,0.6813563704490662,0
220,2017-07-07 13:49:00,0.024370485916733742,1,4,0.9387872815132143,0,0.08776665627956387,0,0.0510184798389674,0,0.06012859754264356,0,0.46877128928899675,0,0.6813563704490662,0
221,2017-07-07 13:49:30,0.03473624959588051,1,4,0.9387872815132143,0,0.08713336288928986,0,0.0510184798389674,0,0.04728697054088118,0,0.4661369025707245,0,0.6813563704490662,0
222,2017-07-07 13:50:00,0.03433266282081604,1,4,0.9387872815132143,0,0.0870382495224476,0,0.0510184798389674,0,0.043388702720403675,0,0.46251944303512493,0,0.6813563704490662,0
223,2017-07-07 13:50:30,0.027070846408605576,1,4,0.9387872815132143,0,0.08694313615560532,0,0.0510184798389674,0,0.041437677666544916,0,0.4589019834995253,0,0.6813563704490662,0
224,2017-07-07 13:51:00,0.023426346480846405,1,4,0.9387872815132143,0,0.08684802278876307,0,0.0510184798389674,0,0.03538792952895165,0,0.4552845239639278,0,0.6813563704490662,0
225,2017-07-07 13:51:30,0.032412994652986526,1,4,0.9387872815132143,0,0.08675290942192077,0,0.0510184798389674,0,0.034373021498322484,0,0.4516670644283282,0,0.6813563704490662,0
226,2017-07-07 13:52:00,0.033326175063848495,1,4,0.9387872815132143,0,0.0866577960550785,0,0.0510184798389674,0,0.034306719154119494,0,0.4480496048927307,0,0.6813563704490662,0
227,2017-07-07 13:52:30,0.019468823447823524,1,4,0.9387872815132143,0,0.08656268268823625,0,0.0510184798389674,0,0.034306719154119494,0,0.44443214535713116,0,0.6813563704490662,0
228,2017-07-07 13:53:00,0.01575540564954281,1,4,0.9387872815132143,0,0.08646756932139398,0,0.0510184798389674,0,0.034306719154119494,0,0.44081468582153155,0,0.6813563704490662,0
229,2017-07-07 13:53:30,0.025968970730900764,1,4,0.9387872815132143,0,0.08637245595455172,0,0.0510184798389674,0,0.034306719154119494,0,0.43719722628593405,0,0.6813563704490662,0
230,2017-07-07 13:54:00,0.023269690573215485,1,4,0.9387872815132143,0,0.08627734258770942,0,0.0510184798389674,0,0.034306719154119494,0,0.43357976675033444,0,0.6813563704490662,0
231,2017-07-07 13:54:30,0.016867542639374733,1,4,0.9387872815132143,0,0.08618222922086716,0,0.0510184798389674,0,0.034306719154119494,0,0.42996230721473694,0,0.6813563704490662,0
232,2017-07-07 13:55:00,0.01604289561510086,1,4,0.9387872815132143,0,0.08580916076898577,0,0.0510184798389674,0,0.034306719154119494,0,0.4263448476791374,0,0.6813563704490662,0
233,2017-07-07 13:55:30,0.017660975456237793,1,0,0.9387872815132143,0,0.08543609231710438,0,0.0510184798389674,0,0.034306719154119494,0,0.4227273881435378,0,0.6813563704490662,0
234,2017-07-07 13:56:00,0.02153908461332321,1,4,0.9387872815132143,0,0.08506302386522299,0,0.0510184798389674,0,0.034306719154119494,0,0.4191099286079403,0,0.6813563704490662,0
235,2017-07-07 13:56:30,0.04289066419005394,1,4,0.9387872815132143,0,0.0846899554133415,0,0.0510184798389674,0,0.034306719154119494,1,0.41549246907234066,0,0.6813563704490662,0
236,2017-07-07 13:57:00,0.0637206956744194,1,4,0.9387872815132143,0,0.08431688696146011,0,0.0510184798389674,1,0.034373021498322484,1,0.41187500953674316,0,0.6813563704490662,0
237,2017-07-07 13:57:30,0.12430082261562347,1,4,0.9387872815132143,0,0.08394381850957873,1,0.05941150225698952,1,0.03538792952895165,1,0.4082575500011436,0,0.6813563704490662,0
238,2017-07-07 13:58:00,0.11612217128276825,1,4,0.9387872815132143,0,0.08646756932139398,1,0.06386244073510171,1,0.04141681045293808,1,0.404640090465544,0,0.6813563704490662,0
239,2017-07-07 13:58:30,0.2861700654029846,1,4,0.9387872815132143,0,0.08839994966983807,1,0.06571349650621419,1,0.042911531403660774,1,0.4010226309299465,0,0.6813563704490662,0
240,2017-07-07 13:59:00,0.09259796887636185,1,4,0.9387872815132143,0,0.09372968450188636,0,0.07150993570685392,1,0.043388702720403675,1,0.3974051713943469,0,0.6813563704490662,0
241,2017-07-07 13:59:30,0.24787123501300812,1,4,0.9387872815132143,0,0.09346629679203033,1,0.07761222273111348,1,0.04776576980948451,1,0.3937877118587494,0,0.6813563704490662,0
242,2017-07-07 14:00:00,0.21024437248706818,1,4,0.9387872815132143,0,0.09583678618073464,1,0.08282461315393451,1,0.06505607813596727,1,0.38840682953595995,0,0.6813563704490662,0
243,2017-07-07 14:00:30,0.06419456750154495,1,0,0.9387872815132143,0,0.10238479822874078,0,0.08682380318641668,0,0.07862686514854433,0,0.38302594721317046,0,0.6813563704490662,0
244,2017-07-07 14:01:00,0.05428817868232727,1,4,0.9387872815132143,0,0.10159922018647208,0,0.08682380318641668,0,0.07862686514854433,0,0.3776450648903841,0,0.6813563704490662,0
245,2017-07-07 14:01:30,0.16434259712696075,1,4,0.9387872815132143,0,0.10081364214420314,1,0.08682380318641668,1,0.07862686514854433,1,0.3722641825675946,0,0.6813563704490662,0
246,2017-07-07 14:02:00,0.4181154668331146,0,4,0.9387872815132143,0,0.11003906279802322,1,0.09268480166792871,1,0.09495038911700251,1,0.3668833002448082,1,0.6813563704490662,0
247,2017-07-07 14:02:30,0.41788163781166077,0,0,0.9387872815132143,0,0.11772154271602633,1,0.09372968450188639,1,0.11694003641605379,1,0.4108171403408048,1,0.6813563704490662,0
248,2017-07-07 14:03:00,0.2982647120952606,0,0,0.9387872815132143,0,0.12137466669082646,1,0.0981023736298086,1,0.12830500006675727,1,0.4180336266756058,0,0.6813563704490662,0
249,2017-07-07 14:03:30,0.17155133187770844,0,0,0.9387872815132143,0,0.13148391246795715,1,0.11652201414108279,1,0.16893277466297157,1,0.41802193522453307,0,0.6813563704490662,0
250,2017-07-07 14:04:00,0.06157083436846733,0,0,0.9387872815132143,0,0.160628904402256,0,0.12053862214088444,0,0.17542063593864446,0,0.4180102437734604,0,0.6813563704490662,0
251,2017-07-07 14:04:30,0.04412127286195755,0,0,0.9387872815132143,0,0.16021627187728882,0,0.12053862214088444,0,0.17542063593864446,0,0.4179985523223877,0,0.6813563704490662,0
252,2017-07-07 14:05:00,0.012988023459911346,0,0,0.9387872815132143,0,0.15662472695112248,0,0.12053862214088444,0,0.17542063593864446,0,0.417986860871315,0,0.6813563704490662,0
253,2017-07-07 14:05:30,0.011735653504729271,0,0,0.9387872815132143,0,0.15303318202495617,0,0.12053862214088444,0,0.17542063593864446,0,0.4179751694202423,0,0.6813563704490662,0
254,2017-07-07 14:06:00,0.014817212708294392,0,0,0.9387872815132143,0,0.14944163709878983,0,0.12053862214088444,0,0.17542063593864446,0,0.4179634779691696,0,0.6813563704490662,0
255,2017-07-07 14:06:30,0.014208096079528332,0,0,0.9387872815132143,0,0.1458500921726225,0,0.12053862214088444,0,0.17542063593864446,0,0.41795178651809695,0,0.6813563704490662,0
256,2017-07-07 14:07:00,0.014242526143789291,0,0,0.9387872815132143,0,0.14225854724645615,0,0.12053862214088444,0,0.17542063593864446,0,0.41794009506702423,0,0.6813563704490662,0
257,2017-07-07 14:07:30,0.008781720884144306,0,0,0.9387872815132143,0,0.1386670023202898,0,0.12053862214088444,0,0.17542063593864446,0,0.4179284036159515,0,0.6813563704490662,0
258,2017-07-07 14:08:00,0.0063749076798558235,0,0,0.9387872815132143,0,0.1350754573941235,0,0.12053862214088444,0,0.17542063593864446,0,0.41791671216487886,0,0.6813563704490662,0
259,2017-07-07 14:08:30,0.005952092353254557,0,0,0.9387872815132143,0,0.13148391246795715,0,0.12053862214088444,0,0.17542063593864446,0,0.41790502071380614,0,0.6813563704490662,0
260,2017-07-07 14:09:00,0.005800559185445309,0,0,0.9387872815132143,0,0.12789236754178981,0,0.12053862214088444,0,0.17542063593864446,0,0.4178933292627335,0,0.6813563704490662,0
261,2017-07-07 14:09:30,0.006632587406784296,0,0,0.9387872815132143,0,0.12430082261562347,0,0.12053862214088444,0,0.17542063593864446,0,0.41788163781166077,0,0.6813563704490662,0
262,2017-07-07 14:10:00,0.006726905703544617,0,0,0.9387872815132143,0,0.1238828003406525,0,0.12053862214088444,0,0.17542063593864446,0,0.4166769415140149,0,0.6813563704490662,0
263,2017-07-07 14:10:30,0.005770253948867321,0,0,0.9387872815132143,0,0.1234647780656815,0,0.12053862214088444,0,0.17542063593864446,0,0.4154722452163691,0,0.6813563704490662,0
264,2017-07-07 14:11:00,0.0046484870836138725,0,0,0.9387872815132143,0,0.12304675579071052,0,0.12053862214088444,0,0.17542063593864446,0,0.4142675489187239,0,0.6813563704490662,0
265,2017-07-07 14:11:30,0.004884561523795128,0,0,0.9387872815132143,0,0.12262873351573941,0,0.12053862214088444,0,0.17542063593864446,0,0.41306285262107806,0,0.6813563704490662,0
266,2017-07-07 14:12:00,0.005672865081578493,0,0,0.9387872815132143,0,0.12221071124076843,0,0.12053862214088444,0,0.17542063593864446,0,0.4118581563234329,0,0.6813563704490662,0
267,2017-07-07 14:12:30,0.005999044515192509,0,0,0.9387872815132143,0,0.12179268896579745,0,0.12053862214088444,0,0.17542063593864446,0,0.41065346002578706,0,0.6813563704490662,0
268,2017-07-07 14:13:00,0.007394453976303339,0,0,0.9387872815132143,0,0.12137466669082646,0,0.12053862214088444,0,0.17542063593864446,0,0.40944876372814126,0,0.6813563704490662,0
269,2017-07-07 14:13:30,0.007996635511517525,0,0,0.9387872815132143,0,0.12095664441585548,0,0.12053862214088444,0,0.17542063593864446,0,0.40824406743049607,0,0.6813563704490662,0
270,2017-07-07 14:14:00,0.005664133001118898,0,0,0.9387872815132143,0,0.12053862214088437,0,0.12053862214088444,0,0.17542063593864446,0,0.4070393711328502,0,0.6813563704490662,0
271,2017-07-07 14:14:30,0.005054438021034002,0,0,0.9387872815132143,0,0.12012059986591339,0,0.12053862214088444,0,0.17542063593864446,0,0.4058346748352051,0,0.6813563704490662,0
272,2017-07-07 14:15:00,0.006356405559927225,0,0,0.9387872815132143,0,0.1197207570075989,0,0.12053862214088444,0,0.17542063593864446,0,0.4046299785375592,0,0.6813563704490662,0
273,2017-07-07 14:15:30,0.007177391089498997,0,0,0.9387872815132143,0,0.1193209141492844,0,0.12053862214088444,0,0.17542063593864446,0,0.4034252822399134,0,0.6813563704490662,0
274,2017-07-07 14:16:00,0.005420643836259842,0,0,0.9387872815132143,0,0.11892107129096992,0,0.12053862214088444,0,0.17542063593864446,0,0.40222058594226756,0,0.6813563704490662,0
275,2017-07-07 14:16:30,0.005733233876526356,0,0,0.9387872815132143,0,0.1185212284326553,0,0.12053862214088444,0,0.17542063593864446,0,0.4010158896446231,0,0.6813563704490662,0
276,2017-07-07 14:17:00,0.005004476755857468,0,0,0.9387872815132143,0,0.11812138557434082,0,0.12053862214088444,0,0.17542063593864446,0,0.39981119334697723,0,0.6813563704490662,0
277,2017-07-07 14:17:30,0.005083706695586443,0,0,0.9387872815132143,0,0.11772154271602633,0,0.11694003641605384,0,0.17542063593864446,0,0.3986064970493314,0,0.6813563704490662,0
278,2017-07-07 14:18:00,0.0061730374582111835,0,0,0.9387872815132143,0,0.11732169985771183,0,0.11694003641605384,0,0.17542063593864446,0,0.3974018007516856,0,0.6813563704490662,0
279,2017-07-07 14:18:30,0.006884826812893152,0,0,0.9387872815132143,0,0.11692185699939735,0,0.11694003641605384,0,0.17542063593864446,0,0.3961971044540397,0,0.6813563704490662,0
280,2017-07-07 14:19:00,0.007253732532262802,0,0,0.9387872815132143,0,0.11652201414108274,0,0.0981023736298086,0,0.17542063593864446,0,0.39499240815639525,0,0.6813563704490662,0
281,2017-07-07 14:19:30,0.004703638609498739,0,0,0.9387872815132143,0,0.11612217128276825,0,0.09372968450188639,0,0.17542063593864446,0,0.3937877118587494,0,0.6813563704490662,0
282,2017-07-07 14:20:00,0.005374163389205933,0,0,0.9387872815132143,0,0.11490554958581932,0,0.09268480166792871,0,0.17542063593864446,0,0.38901156187057384,0,0.6813563704490662,0
283,2017-07-07 14:20:30,0.004805104807019234,0,0,0.9387872815132143,0,0.11368892788887038,0,0.07862686514854444,0,0.17542063593864446,0,0.38423541188239835,0,0.6813563704490662,0
284,2017-07-07 14:21:00,0.004805359989404678,0,0,0.9387872815132143,0,0.11247230619192145,0,0.07150993570685392,0,0.17542063593864446,0,0.3794592618942228,0,0.6813563704490662,0
285,2017-07-07 14:21:30,0.004800362512469292,0,0,0.9387872815132143,0,0.11125568449497215,0,0.06548256278038037,0,0.17542063593864446,0,0.37468311190605275,0,0.6813563704490662,0
286,2017-07-07 14:22:00,0.004929136019200087,0,0,0.9387872815132143,0,0.11003906279802322,0,0.06548256278038037,0,0.17542063593864446,0,0.3699069619178772,0,0.6813563704490662,0
287,2017-07-07 14:22:30,0.00448180828243494,0,0,0.9387872815132143,0,0.10882244110107464,0,0.06548256278038037,0,0.17542063593864446,0,0.36513081192970165,0,0.6813563704490662,0
288,2017-07-07 14:23:00,0.004396297503262758,0,0,0.9387872815132143,0,0.10760581940412535,0,0.06548256278038037,0,0.17542063593864446,0,0.36035466194152616,0,0.6813563704490662,0
289,2017-07-07 14:23:30,0.004465645644813776,0,0,0.9387872815132143,0,0.10638919770717607,0,0.06548256278038037,0,0.17542063593864446,0,0.3555785119533506,0,0.6813563704490662,0
290,2017-07-07 14:24:00,0.008177371695637703,0,0,0.9387872815132143,0,0.10517257601022748,0,0.06548256278038037,0,0.17542063593864446,0,0.35080236196518055,0,0.6813563704490662,0
291,2017-07-07 14:24:30,0.009105850011110306,0,0,0.9387872815132143,0,0.1039559543132782,0,0.06548256278038037,0,0.17542063593864446,0,0.346026211977005,0,0.6813563704490662,0
292,2017-07-07 14:25:00,0.0065786768682301044,0,0,0.9387872815132143,0,0.10317037627100971,0,0.06548256278038037,0,0.17542063593864446,0,0.34125006198882946,0,0.6813563704490662,0
293,2017-07-07 14:25:30,0.00820971466600895,0,0,0.9387872815132143,0,0.10238479822874078,0,0.06548256278038037,0,0.17542063593864446,0,0.33647391200065396,0,0.6813563704490662,0
294,2017-07-07 14:26:00,0.007365322671830654,0,0,0.9387872815132143,0,0.10159922018647186,0,0.06548256278038037,0,0.17542063593864446,0,0.3316977620124784,0,0.6813563704490662,0
295,2017-07-07 14:26:30,0.006204428616911173,0,0,0.9387872815132143,0,0.10081364214420337,0,0.06548256278038037,0,0.17542063593864446,0,0.32692161202430836,0,0.6813563704490662,0
296,2017-07-07 14:27:00,0.0050267791375517845,0,0,0.9387872815132143,0,0.10002806410193443,0,0.06548256278038037,0,0.17542063593864446,0,0.3221454620361328,0,0.6813563704490662,0
297,2017-07-07 14:27:30,0.005842830520123243,0,0,0.9387872815132143,0,0.09924248605966594,0,0.06548256278038037,0,0.17542063593864446,0,0.31736931204795726,0,0.6813563704490662,0
298,2017-07-07 14:28:00,0.008606171235442162,0,0,0.9387872815132143,0,0.09845690801739701,0,0.06548256278038037,0,0.17542063593864446,0,0.31259316205978177,0,0.6813563704490662,0
299,2017-07-07 14:28:30,0.005486168898642063,0,0,0.9387872815132143,0,0.09767132997512809,0,0.06548256278038037,0,0.17542063593864446,0,0.3078170120716062,0,0.6813563704490662,0
300,2017-07-07 14:29:00,0.004990941379219294,0,0,0.9387872815132143,0,0.0968857519328596,0,0.06548256278038037,0,0.16506347060203552,0,0.30304086208343617,0,0.6813563704490662,0
301,2017-07-07 14:29:30,0.004714279901236296,0,0,0.9387872815132143,0,0.09610017389059067,0,0.06548256278038037,0,0.16506347060203552,0,0.2982647120952606,0,0.6813563704490662,0
302,2017-07-07 14:30:00,0.004562892951071262,0,0,0.9387872815132143,0,0.09583678618073473,0,0.06548256278038037,0,0.07420937046408668,0,0.2976599797606467,0,0.6813563704490662,0
303,2017-07-07 14:30:30,0.004983698017895222,0,0,0.9387872815132143,0,0.09557339847087863,0,0.06548256278038037,0,0.061833207681775096,0,0.29705524742603273,0,0.6813563704490662,0
304,2017-07-07 14:31:00,0.004667677916586399,0,0,0.9387872815132143,0,0.09531001076102254,0,0.06548256278038037,0,0.055016444250941286,0,0.2964505150914188,0,0.6813563704490662,0
305,2017-07-07 14:31:30,0.004745622165501118,0,0,0.9387872815132143,0,0.0950466230511666,0,0.06548256278038037,0,0.045866229012608555,0,0.29584578275680556,0,0.6813563704490662,0
306,2017-07-07 14:32:00,0.006516583729535341,0,0,0.9387872815132143,0,0.0947832353413105,0,0.06548256278038037,0,0.01774761872366075,0,0.2952410504221916,0,0.6813563704490662,0
307,2017-07-07 14:32:30,0.005379984620958567,0,0,0.9387872815132143,0,0.09451984763145456,0,0.06548256278038037,0,0.014299994800239801,0,0.2946363180875777,0,0.6813563704490662,0
308,2017-07-07 14:33:00,0.004390308167785406,0,0,0.9387872815132143,0,0.09425645992159846,0,0.06548256278038037,0,0.014211539085954428,0,0.29403158575296373,0,0.6813563704490662,0
309,2017-07-07 14:33:30,0.0046888780780136585,0,0,0.9387872815132143,0,0.09399307221174237,0,0.06548256278038037,0,0.013110030721873047,0,0.2934268534183498,0,0.6813563704490662,0
310,2017-07-07 14:34:00,0.00496765086427331,0,0,0.9387872815132143,0,0.09372968450188643,0,0.06548256278038037,0,0.01186089050024748,0,0.29282212108373656,0,0.6813563704490662,0
311,2017-07-07 14:34:30,0.006058799102902412,0,0,0.9387872815132143,0,0.09346629679203033,0,0.06548256278038037,0,0.009368830360472206,0,0.2922173887491226,0,0.6813563704490662,0
312,2017-07-07 14:35:00,0.005679185502231121,0,0,0.9387872815132143,0,0.09337946400046351,0,0.06548256278038037,0,0.008814133796840906,0,0.2916126564145087,0,0.6813563704490662,0
313,2017-07-07 14:35:30,0.004064701963216066,0,0,0.9387872815132143,0,0.09329263120889665,0,0.06548256278038037,0,0.008623726200312376,0,0.29100792407989473,0,0.6813563704490662,0
314,2017-07-07 14:36:00,0.003931804094463587,0,0,0.9387872815132143,0,0.09320579841732977,0,0.06548256278038037,0,0.008249360322952272,0,0.2904031917452808,0,0.6813563704490662,0
315,2017-07-07 14:36:30,0.0040388526394963264,0,0,0.9387872815132143,0,0.09311896562576295,0,0.06548256278038037,0,0.008180605992674828,0,0.28979845941066756,0,0.6813563704490662,0
316,2017-07-07 14:37:00,0.0039053403306752443,0,0,0.9387872815132143,0,0.09303213283419609,0,0.06548256278038037,0,0.008014709129929543,0,0.2891937270760536,0,0.6813563704490662,0
317,2017-07-07 14:37:30,0.0041355867870152,0,0,0.9387872815132143,0,0.09294530004262927,0,0.06548256278038037,0,0.0074546721298247584,0,0.2885889947414397,0,0.6813563704490662,0
318,2017-07-07 14:38:00,0.0036546685732901096,0,0,0.9387872815132143,0,0.09285846725106241,0,0.06548256278038037,0,0.007368235802277923,0,0.28798426240682573,0,0.6813563704490662,0
319,2017-07-07 14:38:30,0.0037438971921801567,0,0,0.9387872815132143,0,0.09277163445949553,0,0.06548256278038037,0,0.007368235802277923,0,0.2873795300722118,0,0.6813563704490662,0
320,2017-07-07 14:39:00,0.003636770648881793,0,0,0.9387872815132143,0,0.09268480166792871,0,0.06548256278038037,0,0.007368235802277923,0,0.28677479773759856,0,0.6813563704490662,0
321,2017-07-07 14:39:30,0.006027112249284983,0,0,0.9387872815132143,0,0.09259796887636185,0,0.06548256278038037,0,0.007368235802277923,0,0.2861700654029846,0,0.6813563704490662,0
322,2017-07-07 14:40:00,0.008362664841115475,0,0,0.9387872815132143,0,0.09205150827765483,0,0.06548256278038037,0,0.007368235802277923,1,0.2849681854248044,0,0.6813563704490662,0
323,2017-07-07 14:40:30,0.010735049843788147,0,0,0.9387872815132143,0,0.09150504767894752,0,0.06548256278038037,0,0.0074546721298247584,1,0.28376630544662423,0,0.6813563704490662,0
324,2017-07-07 14:41:00,0.013493513688445091,0,0,0.9387872815132143,0,0.09095858708024018,0,0.06548256278038037,0,0.008014709129929543,1,0.282564425468444,0,0.6813563704490662,0
325,2017-07-07 14:41:30,0.017658038064837456,0,0,0.9387872815132143,0,0.09041212648153317,0,0.06548256278038037,0,0.008180605992674828,1,0.2813625454902652,0,0.6813563704490662,0
326,2017-07-07 14:42:00,0.01947762444615364,0,0,0.9387872815132143,0,0.08986566588282585,0,0.06548256278038037,0,0.008225009683519602,1,0.28016066551208496,0,0.6813563704490662,0
327,2017-07-07 14:42:30,0.018635977059602737,0,0,0.9387872815132143,0,0.08931920528411884,0,0.06548256278038037,0,0.008387015480548144,1,0.27895878553390474,0,0.6813563704490662,0
328,2017-07-07 14:43:00,0.018544239923357964,0,0,0.9387872815132143,0,0.08877274468541152,0,0.06548256278038037,0,0.008656139113008977,1,0.2777569055557246,0,0.6813563704490662,0
329,2017-07-07 14:43:30,0.022322259843349457,0,0,0.9387872815132143,0,0.08822628408670419,0,0.06548256278038037,0,0.009268769994378092,1,0.27655502557754436,0,0.6813563704490662,0
330,2017-07-07 14:44:00,0.025149403139948845,0,0,0.9387872815132143,0,0.08767982348799717,0,0.06548256278038037,0,0.011010896228253846,1,0.2753531455993655,0,0.6813563704490662,0
331,2017-07-07 14:44:30,0.030946718528866768,0,0,0.9387872815132143,0,0.08713336288928986,0,0.06548256278038037,0,0.013909966126084333,1,0.2741512656211853,0,0.6813563704490662,0
332,2017-07-07 14:45:00,0.028596803545951843,0,0,0.9387872815132143,0,0.08703824952244762,0,0.06548256278038037,0,0.01774665825068951,1,0.2729493856430051,0,0.6813563704490662,0
333,2017-07-07 14:45:30,0.03467094898223877,0,0,0.9387872815132143,0,0.08694313615560532,0,0.06548256278038037,0,0.01855341363698244,1,0.2717475056648249,0,0.6813563704490662,0
334,2017-07-07 14:46:00,0.03319099545478821,0,0,0.9387872815132143,0,0.08684802278876304,0,0.06548256278038037,0,0.01872014179825783,1,0.2705456256866447,0,0.6813563704490662,0
335,2017-07-07 14:46:30,0.037173427641391754,0,0,0.9387872815132143,0,0.08675290942192079,0,0.06376808285713197,0,0.019762087985873228,1,0.26934374570846586,0,0.6813563704490662,0
336,2017-07-07 14:47:00,0.02347521483898163,0,0,0.9387872815132143,0,0.0866577960550785,0,0.06376808285713197,0,0.0226049741730094,1,0.26814186573028564,0,0.6813563704490662,0
337,2017-07-07 14:47:30,0.023007720708847046,0,0,0.9387872815132143,0,0.08656268268823628,0,0.06376808285713197,0,0.02364263366907835,0,0.2669399857521054,0,0.6813563704490662,0
338,2017-07-07 14:48:00,0.027870969846844673,0,0,0.9387872815132143,0,0.08646756932139398,0,0.06376808285713197,0,0.02364263366907835,1,0.26573810577392526,0,0.6813563704490662,0
339,2017-07-07 14:48:30,0.022556763142347336,0,0,0.9387872815132143,0,0.08637245595455169,0,0.06376808285713197,0,0.02542155981063843,0,0.26453622579574504,0,0.6813563704490662,0
340,2017-07-07 14:49:00,0.017338452860713005,0,0,0.9387872815132143,0,0.08627734258770944,0,0.06376808285713197,0,0.02542155981063843,0,0.2633343458175662,0,0.6813563704490662,0
341,2017-07-07 14:49:30,0.01865352876484394,0,0,0.9387872815132143,0,0.08618222922086716,0,0.06376808285713197,0,0.02542155981063843,0,0.262132465839386,0,0.6813563704490662,0
342,2017-07-07 14:50:00,0.0321236215531826,0,0,0.9387872815132143,0,0.08580916076898587,0,0.06376808285713197,0,0.02542155981063843,1,0.2619081154465675,0,0.6813563704490662,0
343,2017-07-07 14:50:30,0.03424007073044777,0,0,0.9387872815132143,0,0.08543609231710438,0,0.06376808285713197,0,0.02794355321675539,1,0.26168376505374896,0,0.6813563704490662,0
344,2017-07-07 14:51:00,0.016603274270892143,0,0,0.9387872815132143,0,0.0850630238652229,0,0.06376808285713197,0,0.02883179504424334,0,0.2614594146609305,0,0.6813563704490662,0
345,2017-07-07 14:51:30,0.023857418447732925,0,0,0.9387872815132143,0,0.08468995541334161,0,0.06376808285713197,0,0.02883179504424334,0,0.2612350642681122,0,0.6813563704490662,0
346,2017-07-07 14:52:00,0.018769854679703712,0,0,0.9387872815132143,0,0.08431688696146011,0,0.06376808285713197,0,0.02883179504424334,0,0.26101071387529373,0,0.6813563704490662,0
347,2017-07-07 14:52:30,0.011018801480531693,0,0,0.9387872815132143,0,0.08394381850957883,0,0.06376808285713197,0,0.02883179504424334,0,0.26078636348247525,0,0.6813563704490662,0
348,2017-07-07 14:53:00,0.011372842825949192,0,0,0.9387872815132143,0,0.08357075005769733,0,0.06376808285713197,0,0.02883179504424334,0,0.2605620130896567,0,0.6813563704490662,0
349,2017-07-07 14:53:30,0.0221623033285141,0,0,0.9387872815132143,0,0.08319768160581585,0,0.06376808285713197,0,0.02883179504424334,0,0.2603376626968382,0,0.6813563704490662,0
350,2017-07-07 14:54:00,0.012238588184118271,0,0,0.9387872815132143,0,0.08282461315393456,0,0.06376808285713197,0,0.02883179504424334,0,0.26011331230401996,0,0.6813563704490662,0
351,2017-07-07 14:54:30,0.010912551544606686,0,0,0.9387872815132143,0,0.08245154470205307,0,0.06376808285713197,0,0.02883179504424334,0,0.2598889619112015,0,0.6813563704490662,0
352,2017-07-07 14:55:00,0.012974895536899567,0,0,0.9387872815132143,0,0.08191384226083774,0,0.06376808285713197,0,0.02883179504424334,0,0.259664611518383,0,0.6813563704490662,0
353,2017-07-07 14:55:30,0.01305358111858368,0,0,0.9387872815132143,0,0.0813761398196221,0,0.06376808285713197,0,0.02883179504424334,0,0.25944026112556445,0,0.6813563704490662,0
354,2017-07-07 14:56:00,0.0076533230021595955,0,0,0.9387872815132143,0,0.08083843737840646,0,0.06376808285713197,0,0.02883179504424334,0,0.25921591073274597,0,0.6813563704490662,0
355,2017-07-07 14:56:30,0.006521226838231087,0,0,0.9387872815132143,0,0.08030073493719113,0,0.06376808285713197,0,0.02883179504424334,0,0.2589915603399277,0,0.6813563704490662,0
356,2017-07-07 14:57:00,0.0068610734306275845,0,0,0.9387872815132143,0,0.0797630324959755,0,0.06376808285713197,0,0.02883179504424334,0,0.2587672099471092,0,0.6813563704490662,0
357,2017-07-07 14:57:30,0.008543689735233784,0,0,0.9387872815132143,0,0.07922533005476017,0,0.06183320768177512,0,0.02883179504424334,0,0.25854285955429074,0,0.6813563704490662,0
358,2017-07-07 14:58:00,0.013535384088754654,0,0,0.9387872815132143,0,0.07868762761354453,0,0.05501644425094134,0,0.02883179504424334,0,0.2583185091614722,0,0.6813563704490662,0
359,2017-07-07 14:58:30,0.011422472074627876,0,0,0.9387872815132143,0,0.07814992517232888,0,0.04513796344399461,0,0.02883179504424334,0,0.2580941587686537,0,0.6813563704490662,0
360,2017-07-07 14:59:00,0.006269012577831745,0,0,0.9387872815132143,0,0.07761222273111355,0,0.03786821216344839,0,0.02883179504424334,0,0.25786980837583545,0,0.6813563704490662,0
361,2017-07-07 14:59:30,0.007129371166229248,0,0,0.9387872815132143,0,0.07707452028989792,0,0.03492119684815409,0,0.02883179504424334,0,0.25764545798301697,0,0.6813563704490662,0
362,2017-07-07 15:00:00,0.02275075949728489,0,0,0.9387872815132143,0,0.0768306605517865,0,0.03428315855562687,0,0.02883179504424334,0,0.2571567468345164,0,0.6813563704490662,0
363,2017-07-07 15:00:30,0.016708720475435257,0,0,0.9387872815132143,0,0.07658680081367496,0,0.03329590298235417,0,0.02883179504424334,0,0.25666803568601587,0,0.6813563704490662,0
364,2017-07-07 15:01:00,0.11886336654424667,0,0,0.9387872815132143,0,0.0763429410755634,1,0.032230358943343175,1,0.02883179504424334,1,0.2561793245375153,0,0.6813563704490662,0
365,2017-07-07 15:01:30,0.04968686401844025,0,0,0.9387872815132143,0,0.08030073493719113,0,0.032230358943343175,1,0.03106440883129835,1,0.25569061338901533,0,0.6813563704490662,0
366,2017-07-07 15:02:00,0.031093169003725052,0,0,0.9387872815132143,0,0.0797630324959755,0,0.032230358943343175,0,0.03223035894334316,0,0.25520190224051476,0,0.6813563704490662,0
367,2017-07-07 15:02:30,0.011296804063022137,0,0,0.9387872815132143,0,0.07922533005476017,0,0.031196214258670817,0,0.03223035894334316,0,0.2547131910920142,0,0.6813563704490662,0
368,2017-07-07 15:03:00,0.013812576420605183,0,0,0.9387872815132143,0,0.07868762761354453,0,0.030961363576352596,0,0.03223035894334316,0,0.25422447994351366,0,0.6813563704490662,0
369,2017-07-07 15:03:30,0.02658153511583805,0,0,0.9387872815132143,0,0.07814992517232888,0,0.028831795044243356,0,0.03223035894334316,0,0.2537357687950131,0,0.6813563704490662,0
370,2017-07-07 15:04:00,0.02030203491449356,0,0,0.9387872815132143,0,0.07761222273111355,0,0.027943553216755398,0,0.03223035894334316,0,0.2532470576465131,0,0.6813563704490662,0
371,2017-07-07 15:04:30,0.015400952659547329,0,0,0.9387872815132143,0,0.07707452028989792,0,0.026710478588938723,0,0.03223035894334316,0,0.25275834649801254,0,0.6813563704490662,0
372,2017-07-07 15:05:00,0.023501364514231682,0,0,0.9387872815132143,0,0.0768306605517865,0,0.02529261633753778,0,0.03223035894334316,0,0.25226963534951197,0,0.6813563704490662,0
373,2017-07-07 15:05:30,0.021848855540156364,0,0,0.9387872815132143,0,0.07658680081367496,0,0.02529261633753778,0,0.03223035894334316,0,0.25178092420101145,0,0.6813563704490662,0
374,2017-07-07 15:06:00,0.009964818134903908,0,0,0.9387872815132143,0,0.0763429410755634,0,0.02529261633753778,0,0.03223035894334316,0,0.25129221305251087,0,0.6813563704490662,0
375,2017-07-07 15:06:30,0.012168001383543015,0,0,0.9387872815132143,0,0.076099081337452,0,0.02529261633753778,0,0.03223035894334316,0,0.2508035019040109,0,0.6813563704490662,0
376,2017-07-07 15:07:00,0.011294749565422535,0,0,0.9387872815132143,0,0.07585522159934044,0,0.02529261633753778,0,0.03223035894334316,0,0.25031479075551033,0,0.6813563704490662,0
377,2017-07-07 15:07:30,0.008894435130059719,0,0,0.9387872815132143,0,0.07561136186122902,0,0.02529261633753778,0,0.03223035894334316,0,0.24982607960700978,0,0.6813563704490662,0
378,2017-07-07 15:08:00,0.009160513058304787,0,0,0.9387872815132143,0,0.07536750212311748,0,0.02529261633753778,0,0.03223035894334316,0,0.24933736845850923,0,0.6813563704490662,0
379,2017-07-07 15:08:30,0.011349563486874104,0,0,0.9387872815132143,0,0.07512364238500592,0,0.02529261633753778,0,0.03223035894334316,0,0.24884865731000866,0,0.6813563704490662,0
380,2017-07-07 15:09:00,0.009877029806375504,0,0,0.9387872815132143,0,0.07487978264689452,0,0.02529261633753778,0,0.03223035894334316,0,0.24835994616150867,0,0.6813563704490662,0
381,2017-07-07 15:09:30,0.007643064484000206,0,0,0.9387872815132143,0,0.07463592290878296,0,0.02529261633753778,0,0.03223035894334316,0,0.24787123501300812,0,0.6813563704490662,0
382,2017-07-07 15:10:00,0.010058875195682049,0,0,0.9387872815132143,0,0.07460594326257707,0,0.02529261633753778,0,0.03223035894334316,0,0.24616945758461914,0,0.6813563704490662,0
383,2017-07-07 15:10:30,0.012720562517642975,0,0,0.9387872815132143,0,0.07457596361637116,0,0.02529261633753778,0,0.03223035894334316,0,0.24446768015623016,0,0.6813563704490662,0
384,2017-07-07 15:11:00,0.011370770633220673,0,0,0.9387872815132143,0,0.07454598397016525,0,0.02529261633753778,0,0.03223035894334316,0,0.24276590272784118,0,0.6813563704490662,0
385,2017-07-07 15:11:30,0.012660600244998932,0,0,0.9387872815132143,0,0.07451600432395936,0,0.02529261633753778,0,0.03223035894334316,0,0.24106412529945218,0,0.6813563704490662,0
386,2017-07-07 15:12:00,0.010169463232159615,0,0,0.9387872815132143,0,0.07448602467775345,0,0.02529261633753778,0,0.03223035894334316,0,0.23936234787106514,0,0.6813563704490662,0
387,2017-07-07 15:12:30,0.009362989105284214,0,0,0.9387872815132143,0,0.07445604503154755,0,0.02529261633753778,0,0.03223035894334316,0,0.23766057044267616,0,0.6813563704490662,0
388,2017-07-07 15:13:00,0.008974798955023289,0,0,0.9387872815132143,0,0.07442606538534165,0,0.02529261633753778,0,0.03223035894334316,0,0.23595879301428718,0,0.6813563704490662,0
389,2017-07-07 15:13:30,0.009224276058375835,0,0,0.9387872815132143,0,0.07439608573913574,0,0.02529261633753778,0,0.03223035894334316,0,0.2342570155858982,0,0.6813563704490662,0
390,2017-07-07 15:14:00,0.008741763420403004,0,0,0.9387872815132143,0,0.07436610609292985,0,0.02529261633753778,0,0.03223035894334316,0,0.2325552381575092,0,0.6813563704490662,0
391,2017-07-07 15:14:30,0.007110194303095341,0,0,0.9387872815132143,0,0.07433612644672394,0,0.02529261633753778,0,0.03223035894334316,0,0.23085346072912216,0,0.6813563704490662,0
392,2017-07-07 15:15:00,0.006610393989831209,0,0,0.9387872815132143,0,0.07399167865514766,0,0.02529261633753778,0,0.03223035894334316,0,0.22915168330073318,0,0.6813563704490662,0
393,2017-07-07 15:15:30,0.00714979600161314,0,0,0.9387872815132143,0,0.07364723086357121,0,0.02529261633753778,0,0.03223035894334316,0,0.2274499058723442,0,0.6813563704490662,0
394,2017-07-07 15:16:00,0.005189270246773958,0,0,0.9387872815132143,0,0.07330278307199474,0,0.02529261633753778,0,0.031196214258670807,0,0.22574812844395523,0,0.6813563704490662,0
395,2017-07-07 15:16:30,0.004259555600583553,0,0,0.9387872815132143,0,0.07295833528041848,0,0.02529261633753778,0,0.028193189762532714,0,0.22404635101556622,0,0.6813563704490662,0
396,2017-07-07 15:17:00,0.004355390556156635,0,0,0.9387872815132143,0,0.07261388748884201,0,0.02529261633753778,0,0.026710478588938717,0,0.22234457358717918,0,0.6813563704490662,0
397,2017-07-07 15:17:30,0.005463846959173679,0,0,0.9387872815132143,0,0.07226943969726574,0,0.02529261633753778,0,0.026710478588938717,0,0.2206427961587902,0,0.6813563704490662,0
398,2017-07-07 15:18:00,0.005237768404185772,0,0,0.9387872815132143,0,0.07192499190568928,0,0.02529261633753778,0,0.026710478588938717,0,0.21894101873040123,0,0.6813563704490662,0
399,2017-07-07 15:18:30,0.005097443237900734,0,0,0.9387872815132143,0,0.07158054411411281,0,0.02529261633753778,0,0.024129830114543442,0,0.21723924130201225,0,0.6813563704490662,0
400,2017-07-07 15:19:00,0.0054088616743683815,0,0,0.9387872815132143,0,0.07123609632253655,0,0.02529261633753778,0,0.024129830114543442,0,0.21553746387362324,0,0.6813563704490662,0
401,2017-07-07 15:19:30,0.00570894218981266,0,0,0.9387872815132143,0,0.07089164853096008,0,0.02529261633753778,0,0.024129830114543442,0,0.2138356864452362,0,0.6813563704490662,0
402,2017-07-07 15:20:00,0.006566119845956564,0,0,0.9387872815132143,0,0.07031629830598851,0,0.02529261633753778,0,0.024129830114543442,0,0.21365612074732776,0,0.6813563704490662,0
403,2017-07-07 15:20:30,0.006154351402074099,0,0,0.9387872815132143,0,0.06974094808101661,0,0.02529261633753778,0,0.023536969907581806,0,0.21347655504941931,0,0.6813563704490662,0
404,2017-07-07 15:21:00,0.005946161225438118,0,0,0.9387872815132143,0,0.0691655978560447,0,0.02529261633753778,0,0.02282581999897957,0,0.21329698935151087,0,0.6813563704490662,0
405,2017-07-07 15:21:30,0.0065161194652318954,0,0,0.9387872815132143,0,0.06859024763107313,0,0.02529261633753778,0,0.02282581999897957,0,0.21311742365360245,0,0.6813563704490662,0
406,2017-07-07 15:22:00,0.006574233993887901,0,0,0.9387872815132143,0,0.06801489740610123,0,0.02529261633753778,0,0.022221148945391178,0,0.2129378579556942,0,0.6813563704490662,0
407,2017-07-07 15:22:30,0.006170845590531826,0,0,0.9387872815132143,0,0.06743954718112966,0,0.02529261633753778,0,0.022221148945391178,0,0.21275829225778575,0,0.6813563704490662,0
408,2017-07-07 15:23:00,0.006063857581466436,0,0,0.9387872815132143,0,0.06686419695615775,0,0.02529261633753778,0,0.022221148945391178,0,0.2125787265598773,0,0.6813563704490662,0
409,2017-07-07 15:23:30,0.0063282763585448265,0,0,0.9387872815132143,0,0.06628884673118585,0,0.02529261633753778,0,0.022221148945391178,0,0.21239916086196886,0,0.6813563704490662,0
410,2017-07-07 15:24:00,0.005986649543046951,0,0,0.9387872815132143,0,0.06571349650621428,0,0.02529261633753778,0,0.02193904593586922,0,0.21221959516406044,0,0.6813563704490662,0
411,2017-07-07 15:24:30,0.0054556019604206085,0,0,0.9387872815132143,0,0.06513814628124237,0,0.02529261633753778,0,0.02193904593586922,0,0.2120400294661522,0,0.6813563704490662,0
412,2017-07-07 15:25:00,0.0060572391375899315,0,0,0.9387872815132143,0,0.06512669771909714,0,0.02529261633753778,0,0.02193904593586922,0,0.21186046376824375,0,0.6813563704490662,0
413,2017-07-07 15:25:30,0.005740288179367781,0,0,0.9387872815132143,0,0.06511524915695191,0,0.02529261633753778,0,0.02193904593586922,0,0.2116808980703353,0,0.6813563704490662,0
414,2017-07-07 15:26:00,0.005339059513062239,0,0,0.9387872815132143,0,0.06510380059480667,0,0.02529261633753778,0,0.02193904593586922,0,0.21150133237242685,0,0.6813563704490662,0
415,2017-07-07 15:26:30,0.005335293244570494,0,0,0.9387872815132143,0,0.06509235203266144,0,0.02529261633753778,0,0.02193904593586922,0,0.21132176667451844,0,0.6813563704490662,0
416,2017-07-07 15:27:00,0.005219714250415564,0,0,0.9387872815132143,0,0.0650809034705162,0,0.02529261633753778,0,0.02193904593586922,0,0.21114220097661018,0,0.6813563704490662,0
417,2017-07-07 15:27:30,0.005652002524584532,0,0,0.9387872815132143,0,0.06506945490837097,0,0.02529261633753778,0,0.02193904593586922,0,0.21096263527870174,0,0.6813563704490662,0
418,2017-07-07 15:28:00,0.0052956282161176205,0,0,0.9387872815132143,0,0.06505800634622574,0,0.02529261633753778,0,0.02193904593586922,0,0.2107830695807933,0,0.6813563704490662,0
419,2017-07-07 15:28:30,0.005429245065897703,0,0,0.9387872815132143,0,0.0650465577840805,0,0.02529261633753778,0,0.02193904593586922,0,0.21060350388288485,0,0.6813563704490662,0
420,2017-07-07 15:29:00,0.005738125182688236,0,0,0.9387872815132143,0,0.06503510922193527,0,0.02529261633753778,0,0.02193904593586922,0,0.21042393818497643,0,0.6813563704490662,0
421,2017-07-07 15:29:30,0.007917085662484169,0,0,0.9387872815132143,0,0.06502366065979004,0,0.02529261633753778,0,0.02193904593586922,0,0.21024437248706818,0,0.6813563704490662,0
422,2017-07-07 15:30:00,0.017924120649695396,0,0,0.9387872815132143,0,0.06494075134396556,0,0.02529261633753778,0,0.02193904593586922,0,0.21005623117089267,0,0.6813563704490662,0
423,2017-07-07 15:30:30,0.029421687126159668,0,0,0.9387872815132143,0,0.06485784202814103,0,0.02529261633753778,1,0.020456716977059843,1,0.20986808985471717,0,0.6813563704490662,0
424,2017-07-07 15:31:00,0.025971386581659317,0,0,0.9387872815132143,0,0.0647749327123165,0,0.026710478588938723,0,0.022014106437563897,1,0.20967994853854166,0,0.6813563704490662,0
425,2017-07-07 15:31:30,0.02054736763238907,0,0,0.9387872815132143,0,0.06469202339649202,0,0.026710478588938723,0,0.022014106437563897,0,0.20949180722236616,0,0.6813563704490662,0
426,2017-07-07 15:32:00,0.026782391592860222,0,0,0.9387872815132143,0,0.0646091140806675,0,0.026710478588938723,1,0.0206775164231658,1,0.20930366590619087,0,0.6813563704490662,0
427,2017-07-07 15:32:30,0.03177774325013161,0,0,0.9387872815132143,0,0.06452620476484301,0,0.026891249418258677,1,0.0206775164231658,1,0.20911552459001537,0,0.6813563704490662,0
428,2017-07-07 15:33:00,0.030767668038606644,0,0,0.9387872815132143,0,0.06444329544901849,0,0.027943553216755398,1,0.022014106437563897,1,0.20892738327383986,0,0.6813563704490662,0
429,2017-07-07 15:33:30,0.03602617233991623,0,0,0.9387872815132143,0,0.06436038613319396,0,0.028679291903972632,1,0.02374836672097445,1,0.20873924195766436,0,0.6813563704490662,0
430,2017-07-07 15:34:00,0.07148321717977524,0,0,0.9387872815132143,0,0.06427747681736948,1,0.029556285217404377,1,0.02374836672097445,1,0.20855110064148885,0,0.6813563704490662,0
431,2017-07-07 15:34:30,0.14236508309841156,0,0,0.9387872815132143,0,0.06502366065979004,1,0.030785573087632658,1,0.026052487082779408,1,0.20836295932531357,0,0.6813563704490662,0
432,2017-07-07 15:35:00,0.21688927710056305,0,0,0.9387872815132143,0,0.06512669771909714,1,0.030961363576352596,1,0.02704632114619017,1,0.20817481800913806,1,0.6813563704490662,0
433,2017-07-07 15:35:30,0.2311519980430603,0,0,0.9387872815132143,0,0.06974094808101661,1,0.031161626428365712,1,0.029556285217404367,1,0.2116808980703353,1,0.6813563704490662,0
434,2017-07-07 15:36:00,0.2016974538564682,0,0,0.9387872815132143,0,0.07130574658513068,1,0.03181233108043671,1,0.03086867555975914,1,0.2149044431746005,0,0.6813563704490662,0
435,2017-07-07 15:36:30,0.13873299956321716,0,0,0.9387872815132143,0,0.07319496273994452,1,0.032230358943343175,1,0.03220258615911008,1,0.21475176364183413,0,0.6813563704490662,0
436,2017-07-07 15:37:00,0.12366409599781036,0,0,0.9387872815132143,0,0.07448602467775345,1,0.03329590298235417,1,0.03957187682390218,1,0.21459908410906792,0,0.6813563704490662,0
437,2017-07-07 15:37:30,0.08453932404518127,0,0,0.9387872815132143,0,0.07561136186122902,1,0.03428315855562687,1,0.07670130506157882,1,0.21444640457630154,0,0.6813563704490662,0
438,2017-07-07 15:38:00,0.05383695662021637,0,0,0.9387872815132143,0,0.07868762761354453,0,0.03480647131800653,1,0.08845180124044424,0,0.21429372504353517,0,0.6813563704490662,0
439,2017-07-07 15:38:30,0.06403005123138428,0,0,0.9387872815132143,0,0.07814992517232888,0,0.03614089787006379,1,0.08845180124044424,0,0.2141410455107688,0,0.6813563704490662,0
440,2017-07-07 15:39:00,0.06909097731113434,0,0,0.9387872815132143,0,0.07761222273111355,0,0.03842477127909671,1,0.08845180124044424,0,0.21398836597800241,0,0.6813563704490662,0
441,2017-07-07 15:39:30,0.06487122923135757,0,0,0.9387872815132143,0,0.07707452028989792,0,0.0501018732786179,1,0.08845180124044424,0,0.2138356864452362,0,0.6813563704490662,0
442,2017-07-07 15:40:00,0.044917717576026917,0,0,0.9387872815132143,0,0.0768306605517865,0,0.054856266081333246,0,0.08845180124044424,0,0.21365612074732776,0,0.6813563704490662,0
443,2017-07-07 15:40:30,0.05296123027801514,0,0,0.9387872815132143,0,0.07658680081367496,0,0.054856266081333246,0,0.08845180124044424,0,0.21347655504941931,0,0.6813563704490662,0
444,2017-07-07 15:41:00,0.043114639818668365,0,0,0.9387872815132143,0,0.0763429410755634,0,0.054856266081333246,0,0.08845180124044424,0,0.21329698935151087,0,0.6813563704490662,0
445,2017-07-07 15:41:30,0.02764725126326084,0,0,0.9387872815132143,0,0.076099081337452,0,0.054856266081333246,0,0.08845180124044424,0,0.21311742365360245,0,0.6813563704490662,0
446,2017-07-07 15:42:00,0.02981647104024887,0,0,0.9387872815132143,0,0.07585522159934044,0,0.054856266081333246,0,0.08845180124044424,0,0.2129378579556942,0,0.6813563704490662,0
447,2017-07-07 15:42:30,0.026893261820077896,0,0,0.9387872815132143,0,0.07561136186122902,0,0.054856266081333246,0,0.08845180124044424,0,0.21275829225778575,0,0.6813563704490662,0
448,2017-07-07 15:43:00,0.02184915728867054,0,0,0.9387872815132143,0,0.07536750212311748,0,0.054856266081333246,0,0.08845180124044424,0,0.2125787265598773,0,0.6813563704490662,0
449,2017-07-07 15:43:30,0.02553636208176613,0,0,0.9387872815132143,0,0.07512364238500592,0,0.054856266081333246,0,0.08845180124044424,0,0.21239916086196886,0,0.6813563704490662,0
450,2017-07-07 15:44:00,0.022494519129395485,0,0,0.9387872815132143,0,0.07487978264689452,0,0.054856266081333246,0,0.08845180124044424,0,0.21221959516406044,0,0.6813563704490662,0
451,2017-07-07 15:44:30,0.019822800531983376,0,0,0.9387872815132143,0,0.07463592290878296,0,0.054856266081333246,0,0.08845180124044424,0,0.2120400294661522,0,0.6813563704490662,0
452,2017-07-07 15:45:00,0.01787019520998001,0,0,0.9387872815132143,0,0.07460594326257707,0,0.054856266081333246,0,0.08845180124044424,0,0.21186046376824375,0,0.6813563704490662,0
453,2017-07-07 15:45:30,0.019658919423818588,0,0,0.9387872815132143,0,0.07457596361637116,0,0.054856266081333246,0,0.08845180124044424,0,0.2116808980703353,0,0.6813563704490662,0
454,2017-07-07 15:46:00,0.01637471839785576,0,0,0.9387872815132143,0,0.07454598397016525,0,0.054856266081333246,0,0.08845180124044424,0,0.21150133237242685,0,0.6813563704490662,0
455,2017-07-07 15:46:30,0.011403366923332214,0,0,0.9387872815132143,0,0.07451600432395936,0,0.054856266081333246,0,0.08845180124044424,0,0.21132176667451844,0,0.6813563704490662,0
456,2017-07-07 15:47:00,0.019240474328398705,0,0,0.9387872815132143,0,0.07448602467775345,0,0.054856266081333246,0,0.08845180124044424,0,0.21114220097661018,0,0.6813563704490662,0
457,2017-07-07 15:47:30,0.017980245873332024,0,0,0.9387872815132143,0,0.07445604503154755,0,0.054856266081333246,0,0.08845180124044424,0,0.21096263527870174,0,0.6813563704490662,0
458,2017-07-07 15:48:00,0.011669020168483257,0,0,0.9387872815132143,0,0.07442606538534165,0,0.054856266081333246,0,0.08845180124044424,0,0.2107830695807933,0,0.6813563704490662,0
459,2017-07-07 15:48:30,0.012932955287396908,0,0,0.9387872815132143,0,0.07439608573913574,0,0.054856266081333246,0,0.08845180124044424,0,0.21060350388288485,0,0.6813563704490662,0
460,2017-07-07 15:49:00,0.015244659036397934,0,0,0.9387872815132143,0,0.07436610609292985,0,0.054856266081333246,0,0.08845180124044424,0,0.21042393818497643,0,0.6813563704490662,0
461,2017-07-07 15:49:30,0.015278654173016548,0,0,0.9387872815132143,0,0.07433612644672394,0,0.054856266081333246,0,0.08845180124044424,0,0.21024437248706818,0,0.6813563704490662,0
462,2017-07-07 15:50:00,0.012950858101248741,0,0,0.9387872815132143,0,0.07405083552002917,0,0.054856266081333246,0,0.08845180124044424,0,0.21005623117089267,0,0.6813563704490662,0
463,2017-07-07 15:50:30,0.017459213733673096,0,0,0.9387872815132143,0,0.07376554459333423,0,0.054856266081333246,0,0.08845180124044424,0,0.20986808985471717,0,0.6813563704490662,0
464,2017-07-07 15:51:00,0.016720741987228394,0,0,0.9387872815132143,0,0.0734802536666393,0,0.054856266081333246,0,0.08845180124044424,0,0.20967994853854166,0,0.6813563704490662,0
465,2017-07-07 15:51:30,0.013548037968575954,0,0,0.9387872815132143,0,0.07319496273994452,0,0.054856266081333246,0,0.08845180124044424,0,0.20949180722236616,0,0.6813563704490662,0
466,2017-07-07 15:52:00,0.01256552990525961,0,0,0.9387872815132143,0,0.07290967181324959,0,0.054856266081333246,0,0.08845180124044424,0,0.20930366590619087,0,0.6813563704490662,0
467,2017-07-07 15:52:30,0.01698620803654194,0,0,0.9387872815132143,0,0.07262438088655482,0,0.054856266081333246,0,0.08845180124044424,0,0.20911552459001537,0,0.6813563704490662,0
468,2017-07-07 15:53:00,0.012284418568015099,0,0,0.9387872815132143,0,0.07233908995985988,0,0.054856266081333246,0,0.08845180124044424,0,0.20892738327383986,0,0.6813563704490662,0
469,2017-07-07 15:53:30,0.011745337396860123,0,0,0.9387872815132143,0,0.07205379903316494,0,0.054856266081333246,0,0.08845180124044424,0,0.20873924195766436,0,0.6813563704490662,0
470,2017-07-07 15:54:00,0.020410168915987015,0,0,0.9387872815132143,0,0.07176850810647017,0,0.054856266081333246,0,0.08845180124044424,0,0.20855110064148885,0,0.6813563704490662,0
471,2017-07-07 15:54:30,0.013824868947267532,0,0,0.9387872815132143,0,0.07148321717977524,0,0.054856266081333246,0,0.08845180124044424,0,0.20836295932531357,0,0.6813563704490662,0
472,2017-07-07 15:55:00,0.015453142113983631,0,0,0.9387872815132143,0,0.07142406031489375,0,0.054856266081333246,0,0.08845180124044424,0,0.20817481800913806,0,0.6813563704490662,0
473,2017-07-07 15:55:30,0.020604809746146202,0,0,0.9387872815132143,0,0.07136490345001222,0,0.054856266081333246,0,0.08845180124044424,0,0.20798667669296256,0,0.6813563704490662,0
474,2017-07-07 15:56:00,0.027051888406276703,0,0,0.9387872815132143,0,0.07130574658513068,0,0.054856266081333246,0,0.08845180124044424,0,0.20779853537678705,0,0.6813563704490662,0
475,2017-07-07 15:56:30,0.01370936632156372,0,0,0.9387872815132143,0,0.07124658972024919,0,0.054856266081333246,0,0.08845180124044424,0,0.20761039406061155,0,0.6813563704490662,0
476,2017-07-07 15:57:00,0.017846014350652695,0,0,0.9387872815132143,0,0.07118743285536766,0,0.054856266081333246,0,0.08845180124044424,0,0.20742225274443626,0,0.6813563704490662,0
477,2017-07-07 15:57:30,0.019659167155623436,0,0,0.9387872815132143,0,0.07112827599048617,0,0.054856266081333246,0,0.08845180124044424,0,0.20723411142826076,0,0.6813563704490662,0
478,2017-07-07 15:58:00,0.020999550819396973,0,0,0.9387872815132143,0,0.07106911912560464,0,0.054856266081333246,0,0.08845180124044424,0,0.20704597011208525,0,0.6813563704490662,0
479,2017-07-07 15:58:30,0.01600574143230915,0,0,0.9387872815132143,0,0.0710099622607231,0,0.054856266081333246,0,0.08845180124044424,0,0.20685782879590975,0,0.6813563704490662,0
480,2017-07-07 15:59:00,0.01758953370153904,0,0,0.9387872815132143,0,0.07095080539584162,0,0.054856266081333246,0,0.08845180124044424,0,0.20666968747973424,0,0.6813563704490662,0
481,2017-07-07 15:59:30,0.018749164417386055,0,0,0.9387872815132143,0,0.07089164853096008,0,0.054856266081333246,0,0.08845180124044424,0,0.20648154616355896,0,0.6813563704490662,0
482,2017-07-07 16:00:00,0.019783012568950653,0,0,0.9387872815132143,0,0.07071158140897757,0,0.054856266081333246,0,0.08845180124044424,0,0.20624234154820437,0,0.6813563704490662,0
483,2017-07-07 16:00:30,0.020961130037903786,0,0,0.9387872815132143,0,0.07053151428699496,0,0.054856266081333246,0,0.08845180124044424,0,0.20600313693284977,0,0.6813563704490662,0
484,2017-07-07 16:01:00,0.0177046749740839,0,0,0.9387872815132143,0,0.07035144716501233,0,0.054856266081333246,0,0.08845180124044424,0,0.20576393231749518,0,0.6813563704490662,0
485,2017-07-07 16:01:30,0.01076438371092081,0,0,0.9387872815132143,0,0.07017138004302982,0,0.053048802912235266,0,0.08845180124044424,0,0.20552472770214059,0,0.6813563704490662,0
486,2017-07-07 16:02:00,0.011580460704863071,0,0,0.9387872815132143,0,0.06999131292104721,0,0.053048802912235266,0,0.08845180124044424,0,0.20528552308678627,0,0.6813563704490662,0
487,2017-07-07 16:02:30,0.008519357070326805,0,0,0.9387872815132143,0,0.0698112457990647,0,0.053048802912235266,0,0.08845180124044424,0,0.20504631847143168,0,0.6813563704490662,0
488,2017-07-07 16:03:00,0.006428568158298731,0,0,0.9387872815132143,0,0.06963117867708209,0,0.053048802912235266,0,0.08845180124044424,0,0.20480711385607708,0,0.6813563704490662,0
489,2017-07-07 16:03:30,0.006148047745227814,0,0,0.9387872815132143,0,0.06945111155509946,0,0.053048802912235266,0,0.08845180124044424,0,0.2045679092407225,0,0.6813563704490662,0
490,2017-07-07 16:04:00,0.00862061232328415,0,0,0.9387872815132143,0,0.06927104443311695,0,0.053048802912235266,0,0.08845180124044424,0,0.2043287046253679,0,0.6813563704490662,0
491,2017-07-07 16:04:30,0.009552192874252796,0,0,0.9387872815132143,0,0.06909097731113434,0,0.053048802912235266,0,0.08845180124044424,0,0.20408950001001358,0,0.6813563704490662,0
492,2017-07-07 16:05:00,0.005018729716539383,0,0,0.9387872815132143,0,0.06869569420814528,0,0.053048802912235266,0,0.07063581198453905,0,0.203850295394659,0,0.6813563704490662,0
493,2017-07-07 16:05:30,0.00629542488604784,0,0,0.9387872815132143,0,0.06830041110515599,0,0.053048802912235266,0,0.06529320403933525,0,0.2036110907793044,0,0.6813563704490662,0
494,2017-07-07 16:06:00,0.011012068018317223,0,0,0.9387872815132143,0,0.0679051280021667,0,0.053048802912235266,0,0.0641141690313816,0,0.2033718861639498,0,0.6813563704490662,0
495,2017-07-07 16:06:30,0.009986577555537224,0,0,0.9387872815132143,0,0.06750984489917763,0,0.053048802912235266,0,0.05485626608133318,0,0.2031326815485952,0,0.6813563704490662,0
496,2017-07-07 16:07:00,0.008084206841886044,0,0,0.9387872815132143,0,0.06711456179618835,0,0.053048802912235266,0,0.05304880291223526,0,0.2028934769332409,0,0.6813563704490662,0
497,2017-07-07 16:07:30,0.007324753329157829,0,0,0.9387872815132143,0,0.0667192786931993,0,0.053048802912235266,0,0.04572206884622575,0,0.2026542723178863,0,0.6813563704490662,0
498,2017-07-07 16:08:00,0.007913595996797085,0,0,0.9387872815132143,0,0.06632399559021,0,0.053048802912235266,0,0.04329494759440422,0,0.2024150677025317,0,0.6813563704490662,0
499,2017-07-07 16:08:30,0.019370783120393753,0,0,0.9387872815132143,0,0.06592871248722072,0,0.053048802912235266,0,0.031146287918090838,0,0.2021758630871771,0,0.6813563704490662,0
500,2017-07-07 16:09:00,0.02096899040043354,0,0,0.9387872815132143,0,0.06553342938423165,0,0.053048802912235266,0,0.027864173240959647,0,0.20193665847182252,0,0.6813563704490662,0
501,2017-07-07 16:09:30,0.012708976864814758,0,0,0.9387872815132143,0,0.06513814628124237,0,0.053048802912235266,0,0.027111424691975118,0,0.2016974538564682,0,0.6813563704490662,0
502,2017-07-07 16:10:00,0.004439602140337229,0,0,0.9387872815132143,0,0.06512669771909714,0,0.053048802912235266,0,0.026909124478697775,0,0.20019014775752986,0,0.6813563704490662,0
503,2017-07-07 16:10:30,0.005674795247614384,0,0,0.9387872815132143,0,0.06511524915695191,0,0.053048802912235266,0,0.02567205205559731,0,0.19868284165859154,0,0.6813563704490662,0
504,2017-07-07 16:11:00,0.009381636045873165,0,0,0.9387872815132143,0,0.06510380059480667,0,0.053048802912235266,0,0.022798703424632555,0,0.1971755355596532,0,0.6813563704490662,0
505,2017-07-07 16:11:30,0.005652158986777067,0,0,0.9387872815132143,0,0.06509235203266144,0,0.053048802912235266,0,0.021913693472743034,0,0.19566822946071488,0,0.6813563704490662,0
506,2017-07-07 16:12:00,0.00611628545448184,0,0,0.9387872815132143,0,0.0650809034705162,0,0.053048802912235266,0,0.02108451146632433,0,0.19416092336177826,0,0.6813563704490662,0
507,2017-07-07 16:12:30,0.008070276118814945,0,0,0.9387872815132143,0,0.06506945490837097,0,0.053048802912235266,0,0.020972046442329882,0,0.19265361726283992,0,0.6813563704490662,0
508,2017-07-07 16:13:00,0.00781372282654047,0,0,0.9387872815132143,0,0.06505800634622574,0,0.053048802912235266,0,0.02096191607415676,0,0.1911463111639016,0,0.6813563704490662,0
509,2017-07-07 16:13:30,0.0074625336565077305,0,0,0.9387872815132143,0,0.0650465577840805,0,0.053048802912235266,0,0.020640441775321962,0,0.18963900506496326,0,0.6813563704490662,0
510,2017-07-07 16:14:00,0.010534379631280899,0,0,0.9387872815132143,0,0.06503510922193527,0,0.053048802912235266,0,0.020429632999002932,0,0.18813169896602494,0,0.6813563704490662,0
511,2017-07-07 16:14:30,0.007661190815269947,0,0,0.9387872815132143,0,0.06502366065979004,0,0.053048802912235266,0,0.01988153737038374,0,0.18662439286708832,0,0.6813563704490662,0
512,2017-07-07 16:15:00,0.01026511937379837,0,0,0.9387872815132143,0,0.0650084175169468,0,0.053048802912235266,0,0.01984572820365429,0,0.18511708676814997,0,0.6813563704490662,0
513,2017-07-07 16:15:30,0.007031626999378204,0,0,0.9387872815132143,0,0.06499317437410355,0,0.053048802912235266,0,0.01984572820365429,0,0.18360978066921166,0,0.6813563704490662,0
514,2017-07-07 16:16:00,0.006885217037051916,0,0,0.9387872815132143,0,0.06497793123126029,0,0.053048802912235266,0,0.01984572820365429,0,0.18210247457027331,0,0.6813563704490662,0
515,2017-07-07 16:16:30,0.006350151728838682,0,0,0.9387872815132143,0,0.06496268808841706,0,0.053048802912235266,0,0.01984572820365429,0,0.180595168471335,0,0.6813563704490662,0
516,2017-07-07 16:17:00,0.011374237015843391,0,0,0.9387872815132143,0,0.0649474449455738,0,0.053048802912235266,0,0.01984572820365429,0,0.17908786237239838,0,0.6813563704490662,0
517,2017-07-07 16:17:30,0.015733610838651657,0,0,0.9387872815132143,0,0.06493220180273057,0,0.053048802912235266,0,0.01984572820365429,0,0.17758055627346003,0,0.6813563704490662,0
518,2017-07-07 16:18:00,0.007232953794300556,0,0,0.9387872815132143,0,0.06491695865988732,0,0.053048802912235266,0,0.01984572820365429,0,0.17607325017452172,0,0.6813563704490662,0
519,2017-07-07 16:18:30,0.008442535996437073,0,0,0.9387872815132143,0,0.06490171551704406,0,0.053048802912235266,0,0.01984572820365429,0,0.17456594407558337,0,0.6813563704490662,0
520,2017-07-07 16:19:00,0.007044849917292595,0,0,0.9387872815132143,0,0.06488647237420082,0,0.053048802912235266,0,0.01984572820365429,0,0.17305863797664506,0,0.6813563704490662,0
521,2017-07-07 16:19:30,0.011564306914806366,0,0,0.9387872815132143,0,0.06487122923135757,0,0.053048802912235266,0,0.01984572820365429,0,0.17155133187770844,0,0.6813563704490662,0
522,2017-07-07 16:20:00,0.00635109655559063,0,0,0.9387872815132143,0,0.06480356305837634,0,0.053048802912235266,0,0.01984572820365429,0,0.17119089514017097,0,0.6813563704490662,0
523,2017-07-07 16:20:30,0.005619345232844353,0,0,0.9387872815132143,0,0.06473589688539506,0,0.053048802912235266,0,0.01984572820365429,0,0.1708304584026335,0,0.6813563704490662,0
524,2017-07-07 16:21:00,0.00620917696505785,0,0,0.9387872815132143,0,0.06466823071241377,0,0.053048802912235266,0,0.01984572820365429,0,0.17047002166509603,0,0.6813563704490662,0
525,2017-07-07 16:21:30,0.005700620822608471,0,0,0.9387872815132143,0,0.06460056453943254,0,0.053048802912235266,0,0.01984572820365429,0,0.17010958492755857,0,0.6813563704490662,0
526,2017-07-07 16:22:00,0.006776685826480389,0,0,0.9387872815132143,0,0.06453289836645126,0,0.053048802912235266,0,0.01984572820365429,0,0.16974914819002151,0,0.6813563704490662,0
527,2017-07-07 16:22:30,0.009224183857440948,0,0,0.9387872815132143,0,0.06446523219347003,0,0.053048802912235266,0,0.01984572820365429,0,0.16938871145248405,0,0.6813563704490662,0
528,2017-07-07 16:23:00,0.007516530808061361,0,0,0.9387872815132143,0,0.06439756602048875,0,0.053048802912235266,0,0.01984572820365429,0,0.16902827471494658,0,0.6813563704490662,0
529,2017-07-07 16:23:30,0.006098372861742973,0,0,0.9387872815132143,0,0.06432989984750746,0,0.053048802912235266,0,0.01984572820365429,0,0.1686678379774091,0,0.6813563704490662,0
530,2017-07-07 16:24:00,0.0051984526216983795,0,0,0.9387872815132143,0,0.06426223367452623,0,0.053048802912235266,0,0.01984572820365429,0,0.16830740123987165,0,0.6813563704490662,0
531,2017-07-07 16:24:30,0.004953837487846613,0,0,0.9387872815132143,0,0.06419456750154495,0,0.053048802912235266,0,0.01967155169695616,0,0.1679469645023346,0,0.6813563704490662,0
532,2017-07-07 16:25:00,0.005940650124102831,0,0,0.9387872815132143,0,0.06417811587452889,0,0.053048802912235266,0,0.01967155169695616,0,0.16758652776479713,0,0.6813563704490662,0
533,2017-07-07 16:25:30,0.006824315991252661,0,0,0.9387872815132143,0,0.06416166424751282,0,0.053048802912235266,0,0.01967155169695616,0,0.16722609102725966,0,0.6813563704490662,0
534,2017-07-07 16:26:00,0.00643782876431942,0,0,0.9387872815132143,0,0.06414521262049674,0,0.053048802912235266,0,0.01939962152391672,0,0.1668656542897222,0,0.6813563704490662,0
535,2017-07-07 16:26:30,0.0063246781937778,0,0,0.9387872815132143,0,0.06412876099348068,0,0.053048802912235266,0,0.018811326287686825,0,0.16650521755218473,0,0.6813563704490662,0
536,2017-07-07 16:27:00,0.005663828458636999,0,0,0.9387872815132143,0,0.06411230936646461,0,0.053048802912235266,0,0.018811326287686825,0,0.16614478081464767,0,0.6813563704490662,0
537,2017-07-07 16:27:30,0.006129617802798748,0,0,0.9387872815132143,0,0.06409585773944855,0,0.053048802912235266,0,0.018811326287686825,0,0.1657843440771102,0,0.6813563704490662,0
538,2017-07-07 16:28:00,0.006140599958598614,0,0,0.9387872815132143,0,0.06407940611243249,0,0.053048802912235266,0,0.01780912391841412,0,0.16542390733957274,0,0.6813563704490662,0
539,2017-07-07 16:28:30,0.00538992416113615,0,0,0.9387872815132143,0,0.0640629544854164,0,0.053048802912235266,0,0.017601047828793525,0,0.16506347060203527,0,0.6813563704490662,0
540,2017-07-07 16:29:00,0.005225293338298798,0,0,0.9387872815132143,0,0.06404650285840034,0,0.053048802912235266,0,0.017601047828793525,0,0.1647030338644978,0,0.6813563704490662,0
541,2017-07-07 16:29:30,0.006311537232249975,0,0,0.9387872815132143,0,0.06403005123138428,0,0.053048802912235266,0,0.015930717252194884,0,0.16434259712696075,0,0.6813563704490662,0
542,2017-07-07 16:30:00,0.011568770743906498,0,0,0.9387872815132143,0,0.0639991156756878,0,0.053048802912235266,0,0.013011440262198453,0,0.16413628086447687,0,0.6813563704490662,0
543,2017-07-07 16:30:30,0.015928125008940697,0,0,0.9387872815132143,0,0.06396818011999131,0,0.053048802912235266,0,0.011693312320858242,1,0.16392996460199347,0,0.6813563704490662,0
544,2017-07-07 16:31:00,0.031185127794742584,0,0,0.9387872815132143,0,0.06393724456429481,0,0.053048802912235266,0,0.011693312320858242,1,0.16372364833951006,0,0.6813563704490662,0
545,2017-07-07 16:31:30,0.03311450779438019,0,0,0.9387872815132143,0,0.06390630900859834,0,0.053048802912235266,0,0.011693312320858242,1,0.16351733207702618,0,0.6813563704490662,0
546,2017-07-07 16:32:00,0.03973390907049179,0,0,0.9387872815132143,0,0.06387537345290184,0,0.053048802912235266,0,0.013011440262198453,1,0.16331101581454277,0,0.6813563704490662,0
547,2017-07-07 16:32:30,0.07036768645048141,0,0,0.9387872815132143,0,0.06384443789720537,1,0.053048802912235266,1,0.015753062255680562,1,0.1631046995520589,0,0.6813563704490662,0
548,2017-07-07 16:33:00,0.056360725313425064,0,0,0.9387872815132143,0,0.06407940611243249,0,0.054856266081333246,1,0.016272390820086007,1,0.16289838328957548,0,0.6813563704490662,0
549,2017-07-07 16:33:30,0.05181676521897316,0,0,0.9387872815132143,0,0.0640629544854164,0,0.05712765790522105,0,0.019530603848397735,1,0.16269206702709207,0,0.6813563704490662,0
550,2017-07-07 16:34:00,0.05150642991065979,0,0,0.9387872815132143,0,0.06404650285840034,0,0.05712765790522105,0,0.02199060413986446,1,0.1624857507646082,0,0.6813563704490662,0
551,2017-07-07 16:34:30,0.04174094647169113,0,0,0.9387872815132143,0,0.06403005123138428,0,0.05408933348953726,0,0.031378065794706346,1,0.1622794345021248,0,0.6813563704490662,0
552,2017-07-07 16:35:00,0.029643990099430084,0,0,0.9387872815132143,0,0.0639991156756878,0,0.053048802912235266,0,0.03377644792199136,0,0.1620731182396409,0,0.6813563704490662,0
553,2017-07-07 16:35:30,0.034815724939107895,0,0,0.9387872815132143,0,0.06396818011999131,0,0.051931211724877364,0,0.03377644792199136,1,0.1618668019771575,0,0.6813563704490662,0
554,2017-07-07 16:36:00,0.03577875345945358,0,0,0.9387872815132143,0,0.06393724456429481,0,0.05153746344149113,0,0.03530754335224629,1,0.1616604857146741,0,0.6813563704490662,0
555,2017-07-07 16:36:30,0.023278750479221344,0,0,0.9387872815132143,0,0.06390630900859834,0,0.04557658880949026,0,0.03617426902055741,0,0.1614541694521902,0,0.6813563704490662,0
556,2017-07-07 16:37:00,0.02009667456150055,0,0,0.9387872815132143,0,0.06387537345290184,0,0.043294947594404234,0,0.03617426902055741,0,0.1612478531897068,0,0.6813563704490662,0
557,2017-07-07 16:37:30,0.01710188202559948,0,0,0.9387872815132143,0,0.06384443789720537,0,0.041878315806388865,0,0.03617426902055741,0,0.16104153692722292,0,0.6813563704490662,0
558,2017-07-07 16:38:00,0.018729649484157562,0,0,0.9387872815132143,0,0.06381350234150887,0,0.03993461281061174,0,0.03617426902055741,0,0.16083522066473951,0,0.6813563704490662,0
559,2017-07-07 16:38:30,0.010522187687456608,0,0,0.9387872815132143,0,0.06378256678581237,0,0.03617426902055744,0,0.03617426902055741,0,0.1606289044022561,0,0.6813563704490662,0
560,2017-07-07 16:39:00,0.008724701590836048,0,0,0.9387872815132143,0,0.0637516312301159,0,0.03491202779114247,0,0.03617426902055741,0,0.16042258813977223,0,0.6813563704490662,0
561,2017-07-07 16:39:30,0.00846618227660656,0,0,0.9387872815132143,0,0.0637206956744194,0,0.03328462950885297,0,0.03617426902055741,0,0.16021627187728882,0,0.6813563704490662,0
562,2017-07-07 16:40:00,0.007969501428306103,0,0,0.9387872815132143,0,0.06350570954382427,0,0.03137806579470636,0,0.03617426902055741,0,0.15932371243834373,0,0.6813563704490662,0
563,2017-07-07 16:40:30,0.006164995022118092,0,0,0.9387872815132143,0,0.06329072341322901,0,0.029953336715698255,0,0.03617426902055741,0,0.1584311529994007,0,0.6813563704490662,0
564,2017-07-07 16:41:00,0.004207897931337357,0,0,0.9387872815132143,0,0.06307573728263376,0,0.029661238193511963,0,0.03617426902055741,0,0.15753859356045763,0,0.6813563704490662,0
565,2017-07-07 16:41:30,0.005205356515944004,0,0,0.9387872815132143,0,0.06286075115203862,0,0.027846925146877782,0,0.03617426902055741,0,0.15664603412151257,0,0.6813563704490662,0
566,2017-07-07 16:42:00,0.005177705083042383,0,0,0.9387872815132143,0,0.06264576502144337,0,0.027311098575592063,0,0.03617426902055741,0,0.1557534746825695,0,0.6813563704490662,0
567,2017-07-07 16:42:30,0.005343543831259012,0,0,0.9387872815132143,0,0.062430778890848235,0,0.02690912447869778,0,0.03617426902055741,0,0.15486091524362441,0,0.6813563704490662,0
568,2017-07-07 16:43:00,0.0049608368426561356,0,0,0.9387872815132143,0,0.06221579276025298,0,0.0256879147142172,0,0.03617426902055741,0,0.15396835580468138,0,0.6813563704490662,0
569,2017-07-07 16:43:30,0.004691070877015591,0,0,0.9387872815132143,0,0.06200080662965772,0,0.0256879147142172,0,0.03617426902055741,0,0.15307579636573831,0,0.6813563704490662,0
570,2017-07-07 16:44:00,0.00496061472222209,0,0,0.9387872815132143,0,0.06178582049906259,0,0.023656064271926912,0,0.03617426902055741,0,0.15218323692679325,0,0.6813563704490662,0
571,2017-07-07 16:44:30,0.004573007579892874,0,0,0.9387872815132143,0,0.06157083436846733,0,0.023656064271926912,0,0.03617426902055741,0,0.1512906774878502,0,0.6813563704490662,0
572,2017-07-07 16:45:00,0.004595610778778791,0,0,0.9387872815132143,0,0.061307021230459155,0,0.023656064271926912,0,0.03617426902055741,0,0.1503981180489051,0,0.6813563704490662,0
573,2017-07-07 16:45:30,0.0043771155178546906,0,0,0.9387872815132143,0,0.06104320809245128,0,0.023656064271926912,0,0.03617426902055741,0,0.14950555860996206,0,0.6813563704490662,0
574,2017-07-07 16:46:00,0.004477872047573328,0,0,0.9387872815132143,0,0.060779394954443094,0,0.023656064271926912,0,0.03617426902055741,0,0.148612999171019,0,0.6813563704490662,0
575,2017-07-07 16:46:30,0.004665370099246502,0,0,0.9387872815132143,0,0.06051558181643492,0,0.023656064271926912,0,0.03617426902055741,0,0.14772043973207394,0,0.6813563704490662,0
576,2017-07-07 16:47:00,0.005169975105673075,0,0,0.9387872815132143,0,0.06025176867842674,0,0.023656064271926912,0,0.03617426902055741,0,0.14682788029313087,0,0.6813563704490662,0
577,2017-07-07 16:47:30,0.007181237451732159,0,0,0.9387872815132143,0,0.05998795554041857,0,0.023656064271926912,0,0.03617426902055741,0,0.14593532085418578,0,0.6813563704490662,0
578,2017-07-07 16:48:00,0.007194716017693281,0,0,0.9387872815132143,0,0.05972414240241069,0,0.023656064271926912,0,0.03617426902055741,0,0.14504276141524275,0,0.6813563704490662,0
579,2017-07-07 16:48:30,0.0051888357847929,0,0,0.9387872815132143,0,0.059460329264402506,0,0.023656064271926912,0,0.03617426902055741,0,0.14415020197629969,0,0.6813563704490662,0
580,2017-07-07 16:49:00,0.004891661927103996,0,0,0.9387872815132143,0,0.05919651612639433,0,0.023656064271926912,0,0.03617426902055741,0,0.14325764253735462,0,0.6813563704490662,0
581,2017-07-07 16:49:30,0.0052096107974648476,0,0,0.9387872815132143,0,0.058932702988386154,0,0.023656064271926912,0,0.03617426902055741,0,0.14236508309841156,0,0.6813563704490662,0
582,2017-07-07 16:50:00,0.004642584826797247,0,0,0.9387872815132143,0,0.05867550522088999,0,0.023656064271926912,0,0.03617426902055741,0,0.1421834789216516,0,0.6813563704490662,0
583,2017-07-07 16:50:30,0.004832789767533541,0,0,0.9387872815132143,0,0.05841830745339411,0,0.023656064271926912,0,0.03617426902055741,0,0.14200187474489204,0,0.6813563704490662,0
584,2017-07-07 16:51:00,0.004693527705967426,0,0,0.9387872815132143,0,0.058161109685897945,0,0.023656064271926912,0,0.03617426902055741,0,0.14182027056813248,0,0.6813563704490662,0
585,2017-07-07 16:51:30,0.0051717557944357395,0,0,0.9387872815132143,0,0.057903911918401774,0,0.023656064271926912,0,0.03617426902055741,0,0.14163866639137251,0,0.6813563704490662,0
586,2017-07-07 16:52:00,0.0110027389600873,0,0,0.9387872815132143,0,0.05764671415090561,0,0.023656064271926912,0,0.03617426902055741,0,0.14145706221461296,0,0.6813563704490662,0
587,2017-07-07 16:52:30,0.01846214570105076,0,0,0.9387872815132143,0,0.057389516383409445,0,0.023656064271926912,0,0.03617426902055741,0,0.141275458037853,0,0.6813563704490662,0
588,2017-07-07 16:53:00,0.00993166770786047,0,0,0.9387872815132143,0,0.057132318615913565,0,0.023656064271926912,0,0.03617426902055741,0,0.14109385386109344,0,0.6813563704490662,0
589,2017-07-07 16:53:30,0.008543895557522774,0,0,0.9387872815132143,0,0.0568751208484174,0,0.023656064271926912,0,0.03617426902055741,0,0.14091224968433388,0,0.6813563704490662,0
590,2017-07-07 16:54:00,0.029442597180604935,0,0,0.9387872815132143,0,0.05661792308092123,0,0.023656064271926912,1,0.03617426902055741,0,0.14073064550757391,0,0.6813563704490662,0
591,2017-07-07 16:54:30,0.056307870894670486,0,0,0.9387872815132143,0,0.056360725313425064,0,0.027290959283709545,1,0.03617426902055741,1,0.14054904133081436,0,0.6813563704490662,0
592,2017-07-07 16:55:00,0.10717220604419708,0,1,0.9387872815132143,0,0.056355439871549604,1,0.02946273647248745,1,0.039934612810611725,1,0.1403674371540544,0,0.6813563704490662,0
593,2017-07-07 16:55:30,0.21488749980926514,0,1,0.9387872815132143,0,0.05841830745339411,1,0.029798103868961347,1,0.04271749481558801,1,0.14018583297729484,1,0.6813563704490662,0
594,2017-07-07 16:56:00,0.15517079830169678,0,1,0.9387872815132143,0,0.060779394954443094,1,0.03137806579470636,1,0.05153746344149113,1,0.148612999171019,1,0.6813563704490662,0
595,2017-07-07 16:56:30,0.15100495517253876,0,1,0.9387872815132143,0,0.06286075115203862,1,0.03328462950885297,1,0.0522658757865429,1,0.15668444037437415,0,0.6813563704490662,0
596,2017-07-07 16:57:00,0.1745411902666092,0,1,0.9387872815132143,0,0.06387537345290184,1,0.03491202779114247,1,0.05631315633654595,1,0.1564321666955948,1,0.6813563704490662,0
597,2017-07-07 16:57:30,0.3229517936706543,0,1,0.9387872815132143,0,0.06409585773944855,1,0.03617426902055744,1,0.05776142142713072,1,0.16104153692722292,1,0.6813563704490662,0
598,2017-07-07 16:58:00,0.31658661365509033,0,1,0.9387872815132143,0,0.06439756602048878,1,0.03993461281061174,1,0.07404813840985304,1,0.16542390733957274,1,0.6813563704490662,0
599,2017-07-07 16:58:30,0.3796117603778839,0,1,0.9387872815132143,0,0.06490171551704407,1,0.04271749481558808,1,0.11155548095703131,1,0.1718503177165986,1,0.6813563704490662,0
600,2017-07-07 16:59:00,0.35012272000312805,0,1,0.9387872815132143,0,0.06503510922193527,1,0.05153746344149113,1,0.15142153948545456,1,0.1758990034461009,1,0.6813563704490662,0
601,2017-07-07 16:59:30,0.26969778537750244,0,1,0.9387872815132143,0,0.06513814628124237,1,0.05226587578654293,1,0.15710783749818805,1,0.2016974538564682,1,0.6813563704490662,0
602,2017-07-07 17:00:00,0.21054574847221375,0,1,0.9387872815132143,0,0.06869569420814506,1,0.05631315633654595,1,0.17857582122087484,1,0.2062423415482041,1,0.6813563704490662,0
603,2017-07-07 17:00:30,0.23487186431884766,0,1,0.9387872815132143,0,0.07011234462261208,1,0.05776142142713082,1,0.21097992360591888,1,0.20986808985471717,1,0.6813563704490662,0
604,2017-07-07 17:01:00,0.2238585501909256,0,0,0.9387872815132143,0,0.07073445990681651,1,0.07404813840985329,1,0.21688593626022343,1,0.2105005420744419,1,0.6813563704490662,0
605,2017-07-07 17:01:30,0.19314102828502655,0,0,0.9387872815132143,0,0.07124658972024919,1,0.11155548095703162,1,0.22495988160371783,0,0.21317769885063156,0,0.6813563704490662,0
606,2017-07-07 17:02:00,0.07318954914808273,0,0,0.9387872815132143,0,0.07290967181324959,1,0.1514215394854546,0,0.22495988160371783,0,0.2130132019519806,0,0.6813563704490662,0
607,2017-07-07 17:02:30,0.039766035974025726,0,0,0.9387872815132143,0,0.07364818006753919,0,0.1514215394854546,0,0.22495988160371783,0,0.21284870505332926,0,0.6813563704490662,0
608,2017-07-07 17:03:00,0.06190097704529762,0,0,0.9387872815132143,0,0.07353352233767517,0,0.1514215394854546,0,0.22495988160371783,0,0.21268420815467828,0,0.6813563704490662,0
609,2017-07-07 17:03:30,0.03413666412234306,0,0,0.9387872815132143,0,0.07341886460781102,0,0.1514215394854546,0,0.22495988160371783,0,0.21251971125602728,0,0.6813563704490662,0
610,2017-07-07 17:04:00,0.012529652565717697,0,0,0.9387872815132143,0,0.07330420687794688,0,0.1514215394854546,0,0.22495988160371783,0,0.21235521435737595,0,0.6813563704490662,0
611,2017-07-07 17:04:30,0.011140557006001472,0,0,0.9387872815132143,0,0.07318954914808273,0,0.1514215394854546,0,0.22495988160371783,0,0.21219071745872498,0,0.6813563704490662,0
612,2017-07-07 17:05:00,0.009877623990178108,0,0,0.9387872815132143,0,0.07301891595125194,0,0.1514215394854546,0,0.22495988160371783,0,0.21202622056007364,0,0.6813563704490662,0
613,2017-07-07 17:05:30,0.00765104778110981,0,0,0.9387872815132143,0,0.07284828275442135,0,0.1514215394854546,0,0.22495988160371783,0,0.21186172366142267,0,0.6813563704490662,0
614,2017-07-07 17:06:00,0.008048108778893948,0,0,0.9387872815132143,0,0.07267764955759057,0,0.1514215394854546,0,0.22495988160371783,0,0.21169722676277167,0,0.6813563704490662,0
615,2017-07-07 17:06:30,0.007445997092872858,0,0,0.9387872815132143,0,0.07250701636075978,0,0.1514215394854546,0,0.22495988160371783,0,0.21153272986412033,0,0.6813563704490662,0
616,2017-07-07 17:07:00,0.006587277166545391,0,0,0.9387872815132143,0,0.07233638316392899,0,0.1514215394854546,0,0.22495988160371783,0,0.21136823296546936,0,0.6813563704490662,0
617,2017-07-07 17:07:30,0.007242466323077679,0,0,0.9387872815132143,0,0.0721657499670982,0,0.1514215394854546,0,0.22495988160371783,0,0.21120373606681803,0,0.6813563704490662,0
618,2017-07-07 17:08:00,0.007532849907875061,0,0,0.9387872815132143,0,0.0719951167702676,0,0.1514215394854546,0,0.22495988160371783,0,0.21103923916816705,0,0.6813563704490662,0
619,2017-07-07 17:08:30,0.006202041171491146,0,0,0.9387872815132143,0,0.07182448357343682,0,0.1514215394854546,0,0.22495988160371783,0,0.21087474226951605,0,0.6813563704490662,0
620,2017-07-07 17:09:00,0.005216960329562426,0,0,0.9387872815132143,0,0.07165385037660603,0,0.1514215394854546,0,0.22495988160371783,0,0.21071024537086472,0,0.6813563704490662,0
621,2017-07-07 17:09:30,0.005775097757577896,0,0,0.9387872815132143,0,0.07148321717977524,0,0.1514215394854546,0,0.22495988160371783,0,0.21054574847221375,0,0.6813563704490662,0
622,2017-07-07 17:10:00,0.006386911496520042,0,0,0.9387872815132143,0,0.0714240603148937,0,0.1514215394854546,0,0.22495988160371783,0,0.21053067967295644,0,0.6813563704490662,0
623,2017-07-07 17:10:30,0.008085047826170921,0,0,0.9387872815132143,0,0.07136490345001224,0,0.1514215394854546,0,0.22495988160371783,0,0.2105156108736992,0,0.6813563704490662,0
624,2017-07-07 17:11:00,0.00997062586247921,0,0,0.9387872815132143,0,0.07130574658513072,0,0.1514215394854546,0,0.22495988160371783,0,0.2105005420744419,0,0.6813563704490662,0
625,2017-07-07 17:11:30,0.010323088616132736,0,0,0.9387872815132143,0,0.07124658972024919,0,0.1514215394854546,0,0.22495988160371783,0,0.21048547327518463,0,0.6813563704490662,0
626,2017-07-07 17:12:00,0.012272395193576813,0,0,0.9387872815132143,0,0.07118743285536766,0,0.1514215394854546,0,0.22495988160371783,0,0.21047040447592735,0,0.6813563704490662,0
627,2017-07-07 17:12:30,0.01752772182226181,0,0,0.9387872815132143,0,0.07112827599048613,0,0.1514215394854546,0,0.22495988160371783,0,0.21045533567667005,0,0.6813563704490662,0
628,2017-07-07 17:13:00,0.03607103228569031,0,0,0.9387872815132143,0,0.07106911912560467,0,0.1514215394854546,0,0.22495988160371783,0,0.2104402668774128,0,0.6813563704490662,0
629,2017-07-07 17:13:30,0.027552608400583267,0,1,0.9387872815132143,0,0.07100996226072315,0,0.1514215394854546,0,0.22495988160371783,0,0.21042519807815552,0,0.6813563704490662,0
630,2017-07-07 17:14:00,0.026669174432754517,0,1,0.9387872815132143,0,0.07095080539584162,0,0.1514215394854546,0,0.22495988160371783,0,0.21041012927889824,0,0.6813563704490662,0
631,2017-07-07 17:14:30,0.0495574027299881,0,1,0.9387872815132143,0,0.07089164853096008,0,0.1514215394854546,0,0.22495988160371783,0,0.21039506047964096,0,0.6813563704490662,0
632,2017-07-07 17:15:00,0.06545022130012512,0,1,0.9387872815132143,0,0.0708392523229122,0,0.1514215394854546,0,0.22495988160371783,0,0.21037999168038365,0,0.6813563704490662,0
633,2017-07-07 17:15:30,0.041287824511528015,0,1,0.9387872815132143,0,0.07078685611486439,0,0.1514215394854546,0,0.22495988160371783,0,0.2103649228811264,0,0.6813563704490662,0
634,2017-07-07 17:16:00,0.04051612690091133,0,1,0.9387872815132143,0,0.07073445990681651,0,0.1514215394854546,0,0.22495988160371783,0,0.21034985408186913,0,0.6813563704490662,0
635,2017-07-07 17:16:30,0.0789971798658371,0,0,0.9387872815132143,0,0.07068206369876863,1,0.1514215394854546,0,0.22495988160371783,0,0.21033478528261185,0,0.6813563704490662,0
636,2017-07-07 17:17:00,0.17641966044902802,0,0,0.9387872815132143,0,0.07118743285536766,1,0.1514215394854546,1,0.22495988160371783,0,0.21031971648335457,0,0.6813563704490662,0
637,2017-07-07 17:17:30,0.11510444432497025,0,0,0.9387872815132143,0,0.0721657499670982,1,0.15710783749818819,0,0.22495988160371783,0,0.21030464768409726,0,0.6813563704490662,0
638,2017-07-07 17:18:00,0.15872636437416077,0,0,0.9387872815132143,0,0.07353352233767517,1,0.15710783749818819,1,0.22495988160371783,0,0.21028957888484,0,0.6813563704490662,0
639,2017-07-07 17:18:30,0.28916001319885254,0,0,0.9387872815132143,0,0.07439608573913575,1,0.16030784696340575,1,0.22495988160371783,1,0.21027451008558273,1,0.6813563704490662,0
640,2017-07-07 17:19:00,0.45338523387908936,0,0,0.9387872815132143,0,0.07487978264689452,1,0.1747290372848511,1,0.23835445642471317,1,0.21071024537086472,1,0.6813563704490662,0
641,2017-07-07 17:19:30,0.4314713478088379,0,0,0.9387872815132143,0,0.07707452028989792,1,0.17809179723262802,1,0.27164400815963746,1,0.2138356864452362,1,0.6813563704490662,0
642,2017-07-07 17:20:00,0.30674466490745544,0,0,0.9387872815132143,0,0.07880491390824314,1,0.19488150030374543,1,0.2919026732444764,1,0.21483490914106362,1,0.6813563704490662,0
643,2017-07-07 17:20:30,0.2150009125471115,0,0,0.9387872815132143,0,0.08176067173481011,1,0.2109799236059189,1,0.3077288597822189,0,0.2166890993714332,0,0.6813563704490662,0
644,2017-07-07 17:21:00,0.02566172555088997,0,0,0.9387872815132143,0,0.08391299024224291,0,0.21489884108304977,0,0.3077288597822189,0,0.21660602241754537,0,0.6813563704490662,0
645,2017-07-07 17:21:30,0.05400899052619934,0,0,0.9387872815132143,0,0.08370421230793004,0,0.21489884108304977,0,0.3077288597822189,0,0.21651160418987267,0,0.6813563704490662,0
646,2017-07-07 17:22:00,0.03207666799426079,0,0,0.9387872815132143,0,0.08349543437361717,0,0.21489884108304977,0,0.3077288597822189,0,0.21641718596220016,0,0.6813563704490662,0
647,2017-07-07 17:22:30,0.018379848450422287,0,0,0.9387872815132143,0,0.0832866564393043,0,0.21489884108304977,0,0.3077288597822189,0,0.21632276773452747,0,0.6813563704490662,0
648,2017-07-07 17:23:00,0.012621703557670116,0,0,0.9387872815132143,0,0.08307787850499167,0,0.21489884108304977,0,0.3077288597822189,0,0.21622834950685496,0,0.6813563704490662,0
649,2017-07-07 17:23:30,0.017645925283432007,0,0,0.9387872815132143,0,0.08286910057067881,0,0.21489884108304977,0,0.3077288597822189,0,0.21613393127918248,0,0.6813563704490662,0
650,2017-07-07 17:24:00,0.015188322402536869,0,0,0.9387872815132143,0,0.08266032263636594,0,0.21489884108304977,0,0.3077288597822189,0,0.21603951305150979,0,0.6813563704490662,0
651,2017-07-07 17:24:30,0.013841151259839535,0,0,0.9387872815132143,0,0.08245154470205307,0,0.21489884108304977,0,0.3077288597822189,0,0.21594509482383728,0,0.6813563704490662,0
652,2017-07-07 17:25:00,0.01689465343952179,0,0,0.9387872815132143,0,0.0821061082184314,0,0.21489884108304977,0,0.3077288597822189,0,0.21585067659616458,0,0.6813563704490662,0
653,2017-07-07 17:25:30,0.019788431003689766,0,0,0.9387872815132143,0,0.08176067173481011,0,0.21489884108304977,0,0.3077288597822189,0,0.21575625836849208,0,0.6813563704490662,0
654,2017-07-07 17:26:00,0.005895186215639114,0,0,0.9387872815132143,0,0.08141523525118843,0,0.21489884108304977,0,0.3077288597822189,0,0.2156618401408196,0,0.6813563704490662,0
655,2017-07-07 17:26:30,0.005741500295698643,0,0,0.9387872815132143,0,0.08106979876756676,0,0.21489884108304977,0,0.3077288597822189,0,0.2155674219131469,0,0.6813563704490662,0
656,2017-07-07 17:27:00,0.00494912825524807,0,0,0.9387872815132143,0,0.08072436228394508,0,0.21489884108304977,0,0.3077288597822189,0,0.2154730036854744,0,0.6813563704490662,0
657,2017-07-07 17:27:30,0.006156283896416426,0,0,0.9387872815132143,0,0.08037892580032341,0,0.21489884108304977,0,0.3077288597822189,0,0.2153785854578017,0,0.6813563704490662,0
658,2017-07-07 17:28:00,0.0079955467954278,0,0,0.9387872815132143,0,0.08003348931670212,0,0.21489884108304977,0,0.29091847836971285,0,0.2152841672301292,0,0.6813563704490662,0
659,2017-07-07 17:28:30,0.006131648551672697,0,0,0.9387872815132143,0,0.07968805283308045,0,0.21489884108304977,0,0.27164400815963746,0,0.21518974900245671,0,0.6813563704490662,0
660,2017-07-07 17:29:00,0.011326069012284279,0,0,0.9387872815132143,0,0.07934261634945877,0,0.21489884108304977,0,0.23835445642471317,0,0.21509533077478402,0,0.6813563704490662,0
661,2017-07-07 17:29:30,0.025410490110516548,0,0,0.9387872815132143,0,0.0789971798658371,0,0.21489884108304977,0,0.22495988160371783,0,0.2150009125471115,0,0.6813563704490662,0
662,2017-07-07 17:30:00,0.01928725838661194,0,0,0.9387872815132143,0,0.07880491390824314,0,0.21489884108304977,0,0.21588667631149294,0,0.21499524191021918,0,0.6813563704490662,0
663,2017-07-07 17:30:30,0.019442055374383926,0,0,0.9387872815132143,0,0.07861264795064939,0,0.21489884108304977,0,0.21588667631149294,0,0.21498957127332688,0,0.6813563704490662,0
664,2017-07-07 17:31:00,0.008546948432922363,0,0,0.9387872815132143,0,0.07842038199305543,0,0.21489884108304977,0,0.1953270167112351,0,0.21498390063643455,0,0.6813563704490662,0
665,2017-07-07 17:31:30,0.01469973474740982,0,0,0.9387872815132143,0,0.07822811603546147,0,0.21489884108304977,0,0.17809179723262789,0,0.21497822999954222,0,0.6813563704490662,0
666,2017-07-07 17:32:00,0.013298849575221539,0,0,0.9387872815132143,0,0.07803585007786751,0,0.21489884108304977,0,0.1604956939816475,0,0.21497255936264992,0,0.6813563704490662,0
667,2017-07-07 17:32:30,0.009865574538707733,0,0,0.9387872815132143,0,0.07784358412027355,0,0.21489884108304977,0,0.1604956939816475,0,0.2149668887257576,0,0.6813563704490662,0
668,2017-07-07 17:33:00,0.009916390292346478,0,0,0.9387872815132143,0,0.0776513181626798,0,0.21489884108304977,0,0.1604956939816475,0,0.21496121808886529,0,0.6813563704490662,0
669,2017-07-07 17:33:30,0.011079978197813034,0,0,0.9387872815132143,0,0.07745905220508584,0,0.21489884108304977,0,0.1604956939816475,0,0.21495554745197296,0,0.6813563704490662,0
670,2017-07-07 17:34:00,0.01057347934693098,0,0,0.9387872815132143,0,0.07726678624749188,0,0.21489884108304977,0,0.1604956939816475,0,0.21494987681508063,0,0.6813563704490662,0
671,2017-07-07 17:34:30,0.008882317692041397,0,0,0.9387872815132143,0,0.07707452028989792,0,0.21489884108304977,0,0.1604956939816475,0,0.21494420617818832,0,0.6813563704490662,0
672,2017-07-07 17:35:00,0.013877366669476032,0,0,0.9387872815132143,0,0.07683066055178636,0,0.21489884108304977,0,0.1604956939816475,0,0.214938535541296,0,0.6813563704490662,0
673,2017-07-07 17:35:30,0.010128075256943703,0,0,0.9387872815132143,0,0.0765868008136751,0,0.21489884108304977,0,0.1604956939816475,0,0.2149328649044037,0,0.6813563704490662,0
674,2017-07-07 17:36:00,0.006846102885901928,0,0,0.9387872815132143,0,0.07634294107556354,0,0.21489884108304977,0,0.1604956939816475,0,0.21492719426751136,0,0.6813563704490662,0
675,2017-07-07 17:36:30,0.020486123859882355,0,0,0.9387872815132143,0,0.076099081337452,0,0.21489884108304977,0,0.1604956939816475,0,0.21492152363061903,0,0.6813563704490662,0
676,2017-07-07 17:37:00,0.006950618699193001,0,0,0.9387872815132143,0,0.07585522159934044,0,0.21489884108304977,0,0.1604956939816475,0,0.21491585299372673,0,0.6813563704490662,0
677,2017-07-07 17:37:30,0.005803713575005531,0,0,0.9387872815132143,0,0.07561136186122888,0,0.21489884108304977,0,0.1604956939816475,0,0.2149101823568344,0,0.6813563704490662,0
678,2017-07-07 17:38:00,0.005639276467263699,0,0,0.9387872815132143,0,0.07536750212311762,0,0.21489884108304977,0,0.1604956939816475,0,0.2149045117199421,0,0.6813563704490662,0
679,2017-07-07 17:38:30,0.006273831240832806,0,0,0.9387872815132143,0,0.07512364238500606,0,0.21489884108304977,0,0.1604956939816475,0,0.21489884108304977,0,0.6813563704490662,0
680,2017-07-07 17:39:00,0.0047581312246620655,0,0,0.9387872815132143,0,0.07487978264689452,0,0.21489884108304977,0,0.1604956939816475,0,0.21489317044615744,0,0.6813563704490662,0
681,2017-07-07 17:39:30,0.007263764273375273,0,0,0.9387872815132143,0,0.07463592290878296,0,0.21489884108304977,0,0.1604956939816475,0,0.21488749980926514,0,0.6813563704490662,0
682,2017-07-07 17:40:00,0.00820738822221756,0,0,0.9387872815132143,0,0.07460594326257705,0,0.21489884108304977,0,0.1604956939816475,0,0.21483490914106362,0,0.6813563704490662,0
683,2017-07-07 17:40:30,0.0081404447555542,0,0,0.9387872815132143,0,0.07457596361637117,0,0.21489884108304977,0,0.1604956939816475,0,0.21478231847286222,0,0.6813563704490662,0
684,2017-07-07 17:41:00,0.006593902595341206,0,0,0.9387872815132143,0,0.07454598397016526,0,0.21489884108304977,0,0.1604956939816475,0,0.21472972780466082,0,0.6813563704490662,0
685,2017-07-07 17:41:30,0.009919928386807442,0,0,0.9387872815132143,0,0.07451600432395936,0,0.21489884108304977,0,0.1604956939816475,0,0.2146771371364593,0,0.6813563704490662,0
686,2017-07-07 17:42:00,0.011528133414685726,0,0,0.9387872815132143,0,0.07448602467775345,0,0.21489884108304977,0,0.1604956939816475,0,0.2146245464682579,0,0.6813563704490662,0
687,2017-07-07 17:42:30,0.00488417549058795,0,0,0.9387872815132143,0,0.07445604503154754,0,0.21489884108304977,0,0.1604956939816475,0,0.2145719558000564,0,0.6813563704490662,0
688,2017-07-07 17:43:00,0.004627374932169914,0,0,0.9387872815132143,0,0.07442606538534166,0,0.21489884108304977,0,0.1604956939816475,0,0.214519365131855,0,0.6813563704490662,0
689,2017-07-07 17:43:30,0.012940621934831142,0,0,0.9387872815132143,0,0.07439608573913575,0,0.21489884108304977,0,0.1604956939816475,0,0.2144667744636536,0,0.6813563704490662,0
690,2017-07-07 17:44:00,0.009005924686789513,0,0,0.9387872815132143,0,0.07436610609292985,0,0.21489884108304977,0,0.1604956939816475,0,0.21441418379545207,0,0.6813563704490662,0
691,2017-07-07 17:44:30,0.006714596878737211,0,0,0.9387872815132143,0,0.07433612644672394,0,0.21489884108304977,0,0.1604956939816475,0,0.21436159312725067,0,0.6813563704490662,0
692,2017-07-07 17:45:00,0.009423582814633846,0,0,0.9387872815132143,0,0.07422146871685979,0,0.21489884108304977,0,0.1604956939816475,0,0.21430900245904916,0,0.6813563704490662,0
693,2017-07-07 17:45:30,0.01130086462944746,0,0,0.9387872815132143,0,0.07410681098699577,0,0.21489884108304977,0,0.1604956939816475,0,0.21425641179084776,0,0.6813563704490662,0
694,2017-07-07 17:46:00,0.013977366499602795,0,0,0.9387872815132143,0,0.07399215325713163,0,0.21489884108304977,0,0.1604956939816475,0,0.21420382112264635,0,0.6813563704490662,0
695,2017-07-07 17:46:30,0.008646690286695957,0,0,0.9387872815132143,0,0.07387749552726748,0,0.21489884108304977,0,0.1604956939816475,0,0.21415123045444484,0,0.6813563704490662,0
696,2017-07-07 17:47:00,0.01554919220507145,0,0,0.9387872815132143,0,0.07376283779740334,0,0.21489884108304977,0,0.1604956939816475,0,0.21409863978624344,0,0.6813563704490662,0
697,2017-07-07 17:47:30,0.009357985109090805,0,0,0.9387872815132143,0,0.07364818006753919,0,0.21489884108304977,0,0.11946663632988935,0,0.21404604911804193,0,0.6813563704490662,0
698,2017-07-07 17:48:00,0.007329113315790892,0,0,0.9387872815132143,0,0.07353352233767517,0,0.21489884108304977,0,0.06448072791099563,0,0.21399345844984052,0,0.6813563704490662,0
699,2017-07-07 17:48:30,0.007439705077558756,0,0,0.9387872815132143,0,0.07341886460781102,0,0.21489884108304977,0,0.034269900247454674,0,0.21394086778163912,0,0.6813563704490662,0
700,2017-07-07 17:49:00,0.00729204248636961,0,0,0.9387872815132143,0,0.07330420687794688,0,0.21489884108304977,0,0.02630321979522706,0,0.2138882771134376,0,0.6813563704490662,0
701,2017-07-07 17:49:30,0.00804859958589077,0,0,0.9387872815132143,0,0.07318954914808273,0,0.21489884108304977,0,0.02543561365455389,0,0.2138356864452362,0,0.6813563704490662,0
702,2017-07-07 17:50:00,0.031170859932899475,0,0,0.9387872815132143,0,0.07301891595125194,0,0.21489884108304977,0,0.02097856048494578,1,0.21367118954658487,0,0.6813563704490662,0
703,2017-07-07 17:50:30,0.22556394338607788,0,0,0.9387872815132143,0,0.07284828275442135,1,0.21489884108304977,1,0.02097856048494578,1,0.2135066926479339,1,0.6813563704490662,0
704,2017-07-07 17:51:00,0.8393980860710144,0,1,0.9387872815132143,0,0.07399215325713163,1,0.215886676311493,1,0.02097856048494578,1,0.21472972780466082,1,0.6813563704490662,1
705,2017-07-07 17:51:30,0.9837826490402222,0,1,0.9387872815132143,1,0.07451600432395936,1,0.22402908951044084,1,0.02097856048494578,1,0.21497822999954222,1,0.6813563704490662,1
706,2017-07-07 17:52:00,0.9864418506622314,0,1,0.9387872815132143,1,0.07585522159934044,1,0.22649473547935495,1,0.02097856048494578,1,0.21641718596220016,1,0.6813563704490662,1
707,2017-07-07 17:52:30,0.9870647192001343,0,1,0.9387872815132143,1,0.07784358412027355,1,0.23835445642471342,1,0.02097856048494578,1,0.22176776826381636,1,0.6813563704490662,1
708,2017-07-07 17:53:00,0.9871549606323242,0,1,0.9387872815132143,1,0.08003348931670212,1,0.27164400815963763,1,0.025986527092754848,1,0.22496705576777454,1,0.6813563704490662,1
709,2017-07-07 17:53:30,0.9857894778251648,0,1,0.9387872815132143,1,0.08286910057067881,1,0.29091847836971296,1,0.05061016827821759,1,0.22891677618026746,1,0.6813563704490662,1
710,2017-07-07 17:54:00,0.9858757257461548,0,1,0.9387872815132143,1,0.0847036145627499,1,0.30772885978221903,1,0.2869473576545724,1,0.2331979244947432,1,0.6813563704490662,1
711,2017-07-07 17:54:30,0.9857355952262878,0,1,0.9387872815132143,1,0.08618222922086716,1,0.3172231316566468,1,0.8538365423679354,1,0.2413715496659279,1,0.6813563704490662,1
712,2017-07-07 17:55:00,0.9849021434783936,0,1,0.9387872815132143,1,0.08703824952244757,1,0.3256688863039019,1,0.9839779436588287,1,0.2522696353495114,1,0.6813563704490662,1
713,2017-07-07 17:55:30,0.9838364720344543,0,1,0.9387872815132143,1,0.09150504767894782,1,0.3530716240406039,1,0.984985488653183,0,0.25944026112556445,1,0.6813563704490662,1
714,2017-07-07 17:56:00,0.9848184585571289,0,1,0.9387872815132143,1,0.09320579841732983,1,0.38479771912097976,1,0.984985488653183,0,0.2647803276777269,1,0.6813563704490662,1
715,2017-07-07 17:56:30,0.9836024045944214,0,0,0.9387872815132143,1,0.0950466230511666,1,0.4336627364158632,1,0.984985488653183,0,0.27463946938514633,1,0.6813563704490662,1
716,2017-07-07 17:57:00,0.9842893481254578,0,0,0.9387872815132143,1,0.10002806410193443,1,0.49198651909828517,1,0.984985488653183,0,0.2869175523519516,1,0.6813563704490662,1
717,2017-07-07 17:57:30,0.983052670955658,0,0,0.9387872815132143,1,0.10524245500564568,1,0.8538185179233563,1,0.984985488653183,0,0.29098095297813353,1,0.6813563704490662,1
718,2017-07-07 17:58:00,0.9859303832054138,0,0,0.9387872815132143,1,0.10955187752842957,1,0.9831076443195343,1,0.984985488653183,1,0.2995367050170897,1,0.6813563704490662,1
719,2017-07-07 17:58:30,0.9861559867858887,0,0,0.9387872815132143,1,0.11530798971652989,1,0.9836204290390015,1,0.9857409834861756,1,0.30772885978221914,1,0.6813563704490662,1
720,2017-07-07 17:59:00,0.9776467084884644,0,0,0.9387872815132143,1,0.11639629080891616,1,0.9837880313396454,0,0.9857981026172637,0,0.31690487265586825,1,0.6813563704490662,1
721,2017-07-07 17:59:30,0.8304257392883301,0,0,0.9387872815132143,0,0.11886336654424667,1,0.9837880313396454,0,0.9857981026172637,0,0.3229517936706543,1,0.6813563704490662,1
722,2017-07-07 18:00:00,0.7702670097351074,0,0,0.9387872815132143,0,0.11999487653374669,1,0.9837880313396454,0,0.9857981026172637,0,0.34876417368650253,1,0.6813563704490662,1
723,2017-07-07 18:00:30,0.8638138771057129,0,0,0.9387872815132143,0,0.1229553967714312,1,0.9837880313396454,0,0.9857981026172637,0,0.37666285634040764,1,0.6813563704490662,1
724,2017-07-07 18:01:00,0.24477699398994446,0,0,0.9387872815132143,0,0.12410980463027957,1,0.9837880313396454,0,0.9857981026172637,0,0.3916613191366199,0,0.6813563704490662,0
725,2017-07-07 18:01:30,0.9413061141967773,0,0,0.9387872815132143,1,0.13296012878418,1,0.9837880313396454,0,0.9857981026172637,0,0.39095252156257565,1,0.6813563704490662,1
726,2017-07-07 18:02:00,0.6022120118141174,0,0,0.9387872815132143,0,0.14054904133081436,1,0.9837880313396454,0,0.9857981026172637,0,0.4118581563234329,1,0.6813563704490662,0
727,2017-07-07 18:02:30,0.1587279587984085,0,1,0.9387872815132143,0,0.14582103192806226,1,0.9837880313396454,0,0.9857981026172637,0,0.41804531812667844,0,0.6813563704490662,0
728,2017-07-07 18:03:00,0.037085529416799545,0,1,0.9387872815132143,0,0.15225470811128644,0,0.9837880313396454,0,0.9857981026172637,0,0.4180336266756058,0,0.6813563704490662,0
729,2017-07-07 18:03:30,0.037549037486314774,0,0,0.9387872815132143,0,0.15183812379837056,0,0.9837880313396454,0,0.9857981026172637,0,0.41802193522453307,0,0.6813563704490662,0
730,2017-07-07 18:04:00,0.021350841969251633,0,0,0.9387872815132143,0,0.15142153948545464,0,0.9837880313396454,0,0.9857981026172637,0,0.41801024377346035,0,0.6813563704490662,0
731,2017-07-07 18:04:30,0.0264142919331789,0,0,0.9387872815132143,0,0.15100495517253876,0,0.9837880313396454,0,0.9857981026172637,0,0.4179985523223877,0,0.6813563704490662,0
732,2017-07-07 18:05:00,0.06822462379932404,0,0,0.9387872815132143,0,0.15014096796512585,0,0.9837880313396454,0,0.9857981026172637,0,0.417986860871315,0,0.6813563704490662,0
733,2017-07-07 18:05:30,0.13113217055797577,0,0,0.9387872815132143,0,0.1492769807577139,0,0.9837880313396454,0,0.9857981026172637,0,0.4179751694202423,0,0.6813563704490662,0
734,2017-07-07 18:06:00,0.021490881219506264,0,0,0.9387872815132143,0,0.148412993550301,0,0.9837880313396454,0,0.9857981026172637,0,0.4179634779691696,0,0.6813563704490662,0
735,2017-07-07 18:06:30,0.011351186782121658,0,0,0.9387872815132143,0,0.14754900634288806,0,0.9837880313396454,0,0.9857981026172637,0,0.4179517865180969,0,0.6813563704490662,0
736,2017-07-07 18:07:00,0.01335060689598322,0,0,0.9387872815132143,0,0.14668501913547516,0,0.9837880313396454,0,0.9857981026172637,0,0.41794009506702423,0,0.6813563704490662,0
737,2017-07-07 18:07:30,0.6781682968139648,0,1,0.9387872815132143,0,0.14582103192806226,1,0.9837880313396454,0,0.9857981026172637,0,0.4179284036159515,1,0.6813563704490662,0
738,2017-07-07 18:08:00,0.937707781791687,0,1,0.9387872815132143,0,0.15225470811128644,1,0.9837880313396454,0,0.9857981026172637,0,0.4201188489794728,1,0.6813563704490662,1
739,2017-07-07 18:08:30,0.9827414751052856,0,1,0.9387872815132143,1,0.15588191151618974,1,0.9837880313396454,0,0.9857981026172637,0,0.43366273641586356,1,0.6813563704490662,1
740,2017-07-07 18:09:00,0.9881260991096497,0,1,0.9387872815132143,1,0.15872652381658553,1,0.9837880313396454,1,0.9857981026172637,1,0.45402281731367056,1,0.6813563704490662,1
741,2017-07-07 18:09:30,0.9890034198760986,0,1,0.9387872815132143,1,0.1587279587984085,1,0.9838817596435547,1,0.9858811914920806,1,0.4661369025707245,1,0.6813563704490662,1
742,2017-07-07 18:10:00,0.9883549213409424,0,1,0.9387872815132143,1,0.16006744056940075,1,0.9843422591686248,1,0.9859529435634613,1,0.516190250217911,1,0.6813563704490662,1
743,2017-07-07 18:10:30,0.988274335861206,0,0,0.9387872815132143,1,0.16351733207702665,1,0.9848268270492554,1,0.9861845731735229,1,0.5938732743263225,1,0.6813563704490662,1
744,2017-07-07 18:11:00,0.985271155834198,0,0,0.9387872815132143,1,0.16938871145248446,1,0.984985488653183,1,0.9865041375160217,0,0.611761608719826,1,0.6813563704490662,1
745,2017-07-07 18:11:30,0.9790325164794922,0,1,0.9387872815132143,1,0.17334524691104897,1,0.9853175997734069,0,0.9865041375160217,0,0.6475443601608257,1,0.6813563704490662,1
746,2017-07-07 18:12:00,0.9787411093711853,0,1,0.9387872815132143,1,0.1754804253578186,1,0.9853175997734069,0,0.9865041375160217,0,0.6592652201652527,1,0.6813563704490662,1
747,2017-07-07 18:12:30,0.9869558215141296,0,1,0.9387872815132143,1,0.18310820758342705,1,0.9853175997734069,1,0.9865041375160217,1,0.6728170216083514,1,0.6813563704490662,1
748,2017-07-07 18:13:00,0.9890193939208984,0,1,0.9387872815132143,1,0.19570795595645962,1,0.9857409834861756,1,0.9869667112827301,1,0.7210551917552933,1,0.6813563704490662,1
749,2017-07-07 18:13:30,0.9897904992103577,0,1,0.9387872815132143,1,0.20265427231788657,1,0.9857981026172637,1,0.9870737433433533,1,0.7598194599151618,1,0.6813563704490662,1
750,2017-07-07 18:14:00,0.9898502826690674,0,1,0.9387872815132143,1,0.20685782879590997,1,0.9858811914920806,1,0.9872520744800568,1,0.8033543109893772,1,0.6813563704490662,1
751,2017-07-07 18:14:30,0.9901013374328613,0,1,0.9387872815132143,1,0.21024437248706818,1,0.9859529435634613,1,0.9881409227848053,1,0.8349119126796722,1,0.6813563704490662,1
752,2017-07-07 18:15:00,0.9905045032501221,0,1,0.9387872815132143,1,0.2105156108736992,1,0.9861845731735229,1,0.9882823944091796,1,0.8503851920366271,1,0.6813563704490662,1
753,2017-07-07 18:15:30,0.9891369342803955,0,0,0.9387872815132143,1,0.21317769885063192,1,0.9864932477474213,1,0.988419771194458,1,0.8899259805679306,1,0.6813563704490662,1
754,2017-07-07 18:16:00,0.9803441166877747,0,0,0.9387872815132143,1,0.2145719558000565,1,0.9869667112827301,0,0.9890050172805787,0,0.9321089118719103,1,0.6813563704490662,1
755,2017-07-07 18:16:30,0.9751873016357422,0,0,0.9387872815132143,1,0.21495554745197296,1,0.9869667112827301,0,0.9890050172805787,0,0.938787281513214,1,0.6813563704490662,1
756,2017-07-07 18:17:00,0.9614784121513367,0,0,0.9387872815132143,1,0.21594509482383728,1,0.9869667112827301,0,0.9890050172805787,0,0.9474146962165833,1,0.6813563704490662,1
757,2017-07-07 18:17:30,0.38034483790397644,0,0,0.9387872815132143,0,0.2196769863367079,1,0.9869667112827301,0,0.9890050172805787,0,0.9623308181762692,0,0.6813563704490662,0
758,2017-07-07 18:18:00,0.3079107403755188,0,0,0.9387872815132143,0,0.2243701681494714,1,0.9869667112827301,0,0.9890050172805787,0,0.9621177166700362,0,0.6813563704490662,0
759,2017-07-07 18:18:30,0.5955693125724792,0,0,0.9387872815132143,0,0.2266815543174746,1,0.9869667112827301,0,0.9890050172805787,0,0.9619046151638032,0,0.6813563704490662,0
760,2017-07-07 18:19:00,0.3583642542362213,0,0,0.9387872815132143,0,0.23152398467063912,1,0.9869667112827301,0,0.9890050172805787,0,0.9616915136575697,0,0.6813563704490662,0
761,2017-07-07 18:19:30,0.13838697969913483,0,0,0.9387872815132143,0,0.23487186431884766,0,0.9869667112827301,0,0.9890050172805787,0,0.9614784121513367,0,0.6813563704490662,0
762,2017-07-07 18:20:00,0.17834456264972687,0,0,0.9387872815132143,0,0.23449987769126884,0,0.9869667112827301,0,0.9890050172805787,0,0.9604697972536074,0,0.6813563704490662,0
763,2017-07-07 18:20:30,0.6513581275939941,0,1,0.9387872815132143,0,0.23412789106369045,1,0.9869667112827301,0,0.9890050172805787,0,0.9594611823558803,0,0.6813563704490662,0
764,2017-07-07 18:21:00,0.5747174024581909,0,1,0.9387872815132143,0,0.24180545508861587,1,0.9869667112827301,0,0.9890050172805787,0,0.9584525674581532,0,0.6813563704490662,0
765,2017-07-07 18:21:30,0.9087068438529968,0,1,0.9387872815132143,0,0.24663353860378273,1,0.9869667112827301,0,0.9890050172805787,0,0.9574439525604239,0,0.6813563704490662,1
766,2017-07-07 18:22:00,0.9455361366271973,0,1,0.9387872815132143,1,0.25275834649801254,1,0.9869667112827301,0,0.9890050172805787,0,0.9564353376626968,0,0.6813563704490662,1
767,2017-07-07 18:22:30,0.9763556122779846,0,1,0.9387872815132143,1,0.25944026112556445,1,0.9869667112827301,0,0.9890050172805787,0,0.9566957294940938,1,0.6813563704490662,1
768,2017-07-07 18:23:00,0.9895784258842468,0,1,0.9387872815132143,1,0.2644020617008214,1,0.9869667112827301,1,0.9890050172805787,1,0.9642487317323684,1,0.6813563704490662,1
769,2017-07-07 18:23:30,0.9896866679191589,0,1,0.9387872815132143,1,0.27299224138259964,1,0.9870737433433533,1,0.9890311479568481,1,0.9667145133018492,1,0.6813563704490662,1
770,2017-07-07 18:24:00,0.9885640144348145,0,0,0.9387872815132143,1,0.28646906018257146,1,0.9872520744800568,1,0.9891810834407806,0,0.9686875224113464,1,0.6813563704490662,1
771,2017-07-07 18:24:30,0.9886826276779175,0,0,0.9387872815132143,1,0.28916001319885254,1,0.9881409227848053,1,0.9891810834407806,0,0.9724788963794708,1,0.6813563704490662,1
772,2017-07-07 18:25:00,0.9893012046813965,0,0,0.9387872815132143,1,0.2973542422056196,1,0.9882823944091796,1,0.9891810834407806,1,0.9757130414247512,1,0.6813563704490662,1
773,2017-07-07 18:25:30,0.9899171590805054,0,0,0.9387872815132143,1,0.30504867434501703,1,0.9883758306503296,1,0.9893289268016815,1,0.9764640212059021,1,0.6813563704490662,1
774,2017-07-07 18:26:00,0.9894406199455261,0,0,0.9387872815132143,1,0.30756091773509986,1,0.9885758757591248,1,0.989589250087738,0,0.9769836604595183,1,0.6813563704490662,1
775,2017-07-07 18:26:30,0.9894096255302429,0,0,0.9387872815132143,1,0.3131162643432619,1,0.9887147068977356,1,0.989589250087738,0,0.9779750287532806,1,0.6813563704490662,1
776,2017-07-07 18:27:00,0.9894368648529053,0,0,0.9387872815132143,1,0.3197692036628723,1,0.9890050172805787,1,0.989589250087738,0,0.978813961148262,1,0.6813563704490662,1
777,2017-07-07 18:27:30,0.990005612373352,0,0,0.9387872815132143,1,0.3338201642036432,1,0.9890311479568481,1,0.989589250087738,1,0.9792948365211486,1,0.6813563704490662,1
778,2017-07-07 18:28:00,0.989837646484375,0,0,0.9387872815132143,1,0.3525951802730566,1,0.9891533613204956,1,0.9896970510482788,1,0.980485075712204,1,0.6813563704490662,1
779,2017-07-07 18:28:30,0.9897096157073975,0,0,0.9387872815132143,1,0.3626137554645548,1,0.9893120467662812,1,0.9897952139377594,0,0.9814296066761016,1,0.6813563704490662,1
780,2017-07-07 18:29:00,0.9897284507751465,0,0,0.9387872815132143,1,0.3796850681304932,1,0.9894123494625091,1,0.9897952139377594,0,0.9827570348978042,1,0.6813563704490662,1
781,2017-07-07 18:29:30,0.9836956858634949,0,0,0.9387872815132143,1,0.38034483790397644,1,0.9894372403621674,0,0.9897952139377594,0,0.983052670955658,1,0.6813563704490662,1
782,2017-07-07 18:30:00,0.9623266458511353,0,0,0.9387872815132143,1,0.3924434244632718,1,0.9894372403621674,0,0.9897952139377594,0,0.9835749179124832,0,0.6813563704490662,1
783,2017-07-07 18:30:30,0.9646310806274414,0,0,0.9387872815132143,1,0.4130628526210801,1,0.9894372403621674,0,0.9897952139377594,0,0.983547431230545,0,0.6813563704490662,1
784,2017-07-07 18:31:00,0.9523332118988037,0,0,0.9387872815132143,1,0.4180453181266785,1,0.9894372403621674,0,0.9897952139377594,0,0.9835199445486068,0,0.6813563704490662,1
785,2017-07-07 18:31:30,0.8132559061050415,0,0,0.9387872815132143,0,0.4261289954185489,1,0.9894372403621674,0,0.9897952139377594,0,0.9834924578666687,0,0.6813563704490662,1
786,2017-07-07 18:32:00,0.6666625738143921,0,0,0.9387872815132143,0,0.4424282908439636,1,0.9894372403621674,0,0.9897952139377594,0,0.9834649711847305,0,0.6813563704490662,0
787,2017-07-07 18:32:30,0.589834988117218,0,0,0.9387872815132143,0,0.45848590135574313,1,0.9894372403621674,0,0.9897952139377594,0,0.9834374845027923,0,0.6813563704490662,0
788,2017-07-07 18:33:00,0.2967885136604309,0,0,0.9387872815132143,0,0.48194322288036706,0,0.9894372403621674,0,0.9897952139377594,0,0.9834099978208541,0,0.6813563704490662,0
789,2017-07-07 18:33:30,0.09258810430765152,0,0,0.9387872815132143,0,0.47667444944381954,0,0.9894372403621674,0,0.9897952139377594,0,0.983382511138916,0,0.6813563704490662,0
790,2017-07-07 18:34:00,0.06081210449337959,0,0,0.9387872815132143,0,0.471405676007272,0,0.9894372403621674,0,0.9897952139377594,0,0.9833550244569779,0,0.6813563704490662,0
791,2017-07-07 18:34:30,0.03890641778707504,0,0,0.9387872815132143,0,0.4661369025707245,0,0.9894372403621674,0,0.9897952139377594,0,0.9833275377750397,0,0.6813563704490662,0
792,2017-07-07 18:35:00,0.023462869226932526,0,0,0.9387872815132143,0,0.4648617357015607,0,0.9894372403621674,0,0.9897952139377594,0,0.9833000510931015,0,0.6813563704490662,0
793,2017-07-07 18:35:30,0.01752338372170925,0,0,0.9387872815132143,0,0.46358656883239835,0,0.9894372403621674,0,0.9897952139377594,0,0.9832725644111633,0,0.6813563704490662,0
794,2017-07-07 18:36:00,0.01498101744800806,0,0,0.9387872815132143,0,0.4623114019632345,0,0.9894372403621674,0,0.9897952139377594,0,0.9832450777292251,0,0.6813563704490662,0
795,2017-07-07 18:36:30,0.011051594279706478,0,0,0.9387872815132143,0,0.4610362350940707,0,0.9894372403621674,0,0.9897952139377594,0,0.983217591047287,0,0.6813563704490662,0
796,2017-07-07 18:37:00,0.017539022490382195,0,0,0.9387872815132143,0,0.4597610682249069,0,0.9894372403621674,0,0.9897952139377594,0,0.9831901043653488,0,0.6813563704490662,0
797,2017-07-07 18:37:30,0.01914828270673752,0,0,0.9387872815132143,0,0.45848590135574313,0,0.9894372403621674,0,0.9897952139377594,0,0.9831626176834106,0,0.6813563704490662,0
798,2017-07-07 18:38:00,0.014600339345633984,0,0,0.9387872815132143,0,0.4572107344865808,0,0.9894372403621674,0,0.9897952139377594,0,0.9831351310014724,0,0.6813563704490662,0
799,2017-07-07 18:38:30,0.015467009507119656,0,0,0.9387872815132143,0,0.45593556761741694,0,0.9894372403621674,0,0.9897952139377594,0,0.9831076443195342,0,0.6813563704490662,0
800,2017-07-07 18:39:00,0.016946105286478996,0,0,0.9387872815132143,0,0.45466040074825315,0,0.9894372403621674,0,0.9897952139377594,0,0.9830801576375962,0,0.6813563704490662,0
801,2017-07-07 18:39:30,0.015579200349748135,0,0,0.9387872815132143,0,0.45338523387908936,0,0.9894372403621674,0,0.9897952139377594,0,0.983052670955658,0,0.6813563704490662,0
802,2017-07-07 18:40:00,0.014180054888129234,0,0,0.9387872815132143,0,0.4511938452720637,0,0.9894372403621674,0,0.9897952139377594,0,0.9830371111631393,0,0.6813563704490662,0
803,2017-07-07 18:40:30,0.015585116110742092,0,0,0.9387872815132143,0,0.4490024566650406,0,0.9894372403621674,0,0.9897952139377594,0,0.9830215513706207,0,0.6813563704490662,0
804,2017-07-07 18:41:00,0.029345598071813583,0,0,0.9387872815132143,0,0.4468110680580149,0,0.9894372403621674,0,0.9897952139377594,0,0.9830059915781021,0,0.6813563704490662,0
805,2017-07-07 18:41:30,0.047117024660110474,0,0,0.9387872815132143,0,0.4446196794509893,0,0.9894372403621674,0,0.9897952139377594,0,0.9829904317855834,0,0.6813563704490662,0
806,2017-07-07 18:42:00,0.05510824918746948,0,0,0.9387872815132143,0,0.4424282908439636,0,0.9894372403621674,0,0.9897952139377594,0,0.9829748719930649,0,0.6813563704490662,0
807,2017-07-07 18:42:30,0.07379227876663208,0,0,0.9387872815132143,0,0.44023690223693795,0,0.9894372403621674,0,0.9897952139377594,0,0.9829593122005462,0,0.6813563704490662,0
808,2017-07-07 18:43:00,0.07136718928813934,0,0,0.9387872815132143,0,0.43804551362991484,0,0.9894372403621674,0,0.9897952139377594,0,0.9829437524080277,0,0.6813563704490662,0
809,2017-07-07 18:43:30,0.08126352727413177,0,0,0.9387872815132143,0,0.43585412502288917,0,0.9894372403621674,0,0.9897952139377594,0,0.982928192615509,0,0.6813563704490662,0
810,2017-07-07 18:44:00,0.06440989673137665,0,0,0.9387872815132143,0,0.43366273641586356,0,0.9894372403621674,0,0.9897393703460693,0,0.9829126328229904,0,0.6813563704490662,0
811,2017-07-07 18:44:30,0.04798639938235283,0,0,0.9387872815132143,0,0.4314713478088379,0,0.9894372403621674,0,0.9897114992141723,0,0.9828970730304718,0,0.6813563704490662,0
812,2017-07-07 18:45:00,0.05743015557527542,0,0,0.9387872815132143,0,0.4301357597112653,0,0.9894372403621674,0,0.9896889626979828,0,0.9828815132379531,0,0.6813563704490662,0
813,2017-07-07 18:45:30,0.054738108068704605,0,0,0.9387872815132143,0,0.42880017161369416,0,0.9894372403621674,0,0.989589250087738,0,0.9828659534454346,0,0.6813563704490662,0
814,2017-07-07 18:46:00,0.099742591381073,0,0,0.9387872815132143,0,0.42746458351612154,0,0.9894372403621674,0,0.989589250087738,0,0.9828503936529159,0,0.6813563704490662,0
815,2017-07-07 18:46:30,0.08662828058004379,0,0,0.9387872815132143,0,0.4261289954185489,0,0.9894372403621674,0,0.989589250087738,0,0.9828348338603973,0,0.6813563704490662,0
816,2017-07-07 18:47:00,0.08223758637905121,0,0,0.9387872815132143,0,0.42479340732097626,0,0.9894372403621674,0,0.989589250087738,0,0.9828192740678787,0,0.6813563704490662,0
817,2017-07-07 18:47:30,0.06493119150400162,0,0,0.9387872815132143,0,0.42345781922340364,0,0.9894372403621674,0,0.989589250087738,0,0.9828037142753601,0,0.6813563704490662,0
818,2017-07-07 18:48:00,0.04765670746564865,0,0,0.9387872815132143,0,0.4221222311258325,0,0.9894372403621674,0,0.989589250087738,0,0.9827881544828415,0,0.6813563704490662,0
819,2017-07-07 18:48:30,0.0277026928961277,0,0,0.9387872815132143,0,0.4207866430282599,0,0.9894372403621674,0,0.989589250087738,0,0.9827725946903229,0,0.6813563704490662,0
820,2017-07-07 18:49:00,0.02302674949169159,0,0,0.9387872815132143,0,0.41945105493068724,0,0.9894372403621674,0,0.989589250087738,0,0.9827570348978042,0,0.6813563704490662,0
821,2017-07-07 18:49:30,0.030703289434313774,0,0,0.9387872815132143,0,0.4181154668331146,0,0.9894372403621674,0,0.989589250087738,0,0.9827414751052856,0,0.6813563704490662,0
822,2017-07-07 18:50:00,0.02838004380464554,0,0,0.9387872815132143,0,0.41809208393096925,0,0.9894372403621674,0,0.989589250087738,0,0.9826685935258864,0,0.6813563704490662,0
823,2017-07-07 18:50:30,0.026205485686659813,0,0,0.9387872815132143,0,0.4180687010288239,0,0.9894372403621674,0,0.989589250087738,0,0.9825957119464874,0,0.6813563704490662,0
824,2017-07-07 18:51:00,0.03602611646056175,0,0,0.9387872815132143,0,0.4180453181266785,0,0.9894372403621674,0,0.989589250087738,0,0.9825228303670882,0,0.6813563704490662,0
825,2017-07-07 18:51:30,0.032290033996105194,0,0,0.9387872815132143,0,0.41802193522453307,0,0.9894372403621674,0,0.989589250087738,0,0.9824499487876891,0,0.6813563704490662,0
826,2017-07-07 18:52:00,0.04009323939681053,0,0,0.9387872815132143,0,0.4179985523223877,0,0.9894372403621674,0,0.989589250087738,0,0.9823770672082901,0,0.6813563704490662,0
827,2017-07-07 18:52:30,0.03729958087205887,0,0,0.9387872815132143,0,0.4179751694202423,0,0.9894372403621674,0,0.989589250087738,0,0.9823041856288909,0,0.6813563704490662,0
828,2017-07-07 18:53:00,0.035748157650232315,0,0,0.9387872815132143,0,0.41795178651809695,0,0.9894372403621674,0,0.989589250087738,0,0.9822313040494919,0,0.6813563704490662,0
829,2017-07-07 18:53:30,0.0368431955575943,0,0,0.9387872815132143,0,0.41792840361595157,0,0.9894372403621674,0,0.9894652247428894,0,0.9821584224700927,0,0.6813563704490662,0
830,2017-07-07 18:54:00,0.02180842123925686,0,0,0.9387872815132143,0,0.41790502071380614,0,0.9894372403621674,0,0.9894372403621674,0,0.9820855408906936,0,0.6813563704490662,0
831,2017-07-07 18:54:30,0.0147367212921381,0,0,0.9387872815132143,0,0.41788163781166077,0,0.9894372403621674,0,0.9894372403621674,0,0.9820126593112946,0,0.6813563704490662,0
832,2017-07-07 18:55:00,0.011306552216410637,0,0,0.9387872815132143,0,0.4154722452163691,0,0.9894372403621674,0,0.9894372403621674,0,0.9819397777318953,0,0.6813563704490662,0
833,2017-07-07 18:55:30,0.009855106472969055,0,0,0.9387872815132143,0,0.4130628526210801,0,0.9894372403621674,0,0.9894372403621674,0,0.9818668961524963,0,0.6813563704490662,0
834,2017-07-07 18:56:00,0.050938718020915985,0,6,0.9387872815132143,0,0.41065346002578845,0,0.9894372403621674,0,0.9894123494625091,0,0.9817940145730971,0,0.6813563704490662,0
835,2017-07-07 18:56:30,0.0788915678858757,0,6,0.9387872815132143,0,0.40824406743049674,0,0.9894372403621674,0,0.9842670798301697,0,0.981721132993698,0,0.6813563704490662,0
836,2017-07-07 18:57:00,0.07966146618127823,0,6,0.9387872815132143,0,0.4058346748352051,0,0.9894372403621674,0,0.9665375411510467,0,0.981648251414299,0,0.6813563704490662,0
837,2017-07-07 18:57:30,0.08837118744850159,0,6,0.9387872815132143,0,0.4034252822399134,0,0.9894372403621674,0,0.9625570893287658,0,0.9815753698348998,0,0.6813563704490662,0
838,2017-07-07 18:58:00,0.09253831952810287,0,6,0.9387872815132143,0,0.4010158896446244,0,0.9894372403621674,0,0.9533325552940369,0,0.9815024882555008,0,0.6813563704490662,0
839,2017-07-07 18:58:30,0.09249590337276459,0,6,0.9387872815132143,0,0.39860649704933276,0,0.9894372403621674,0,0.827163636684418,0,0.9814296066761016,0,0.6813563704490662,0
840,2017-07-07 18:59:00,0.09807492047548294,0,6,0.9387872815132143,0,0.39619710445404105,0,0.9894372403621674,0,0.6813219070434572,0,0.9813567250967025,0,0.6813563704490662,0
841,2017-07-07 18:59:30,0.0950198769569397,0,6,0.9387872815132143,0,0.3937877118587494,0,0.9894372403621674,0,0.5975177466869356,0,0.9812838435173035,0,0.6813563704490662,0
842,2017-07-07 19:00:00,0.09675312042236328,0,6,0.9387872815132143,0,0.3924434244632718,0,0.9894372403621674,0,0.32609316110611003,0,0.981236857175827,0,0.6813563704490662,0
843,2017-07-07 19:00:30,0.09318436682224274,0,6,0.9387872815132143,0,0.3910991370677957,0,0.9894372403621674,0,0.11944718360900908,0,0.9811898708343506,0,0.6813563704490662,0
844,2017-07-07 19:01:00,0.08875951915979385,0,6,0.9387872815132143,0,0.3897548496723181,0,0.9894372403621674,0,0.09824168756604194,0,0.981142884492874,0,0.6813563704490662,0
845,2017-07-07 19:01:30,0.0858234167098999,0,6,0.9387872815132143,0,0.3884105622768405,0,0.9894372403621674,0,0.09688530042767525,0,0.9810958981513976,0,0.6813563704490662,0
846,2017-07-07 19:02:00,0.08152350038290024,0,6,0.9387872815132143,0,0.3870662748813629,0,0.9894372403621674,0,0.09519320130348206,0,0.9810489118099213,0,0.6813563704490662,0
847,2017-07-07 19:02:30,0.08174872398376465,0,6,0.9387872815132143,0,0.3857219874858853,0,0.9894372403621674,0,0.09336791783571244,0,0.9810019254684448,0,0.6813563704490662,0
848,2017-07-07 19:03:00,0.08523501455783844,0,6,0.9387872815132143,0,0.3843777000904092,0,0.9894372403621674,0,0.09264773055911064,0,0.9809549391269684,0,0.6813563704490662,0
849,2017-07-07 19:03:30,0.0838293731212616,0,6,0.9387872815132143,0,0.38303341269493163,0,0.9894372403621674,0,0.09254329800605773,0,0.9809079527854918,0,0.6813563704490662,0
850,2017-07-07 19:04:00,0.08579999953508377,0,6,0.9387872815132143,0,0.38168912529945404,0,0.9894372403621674,0,0.09250014498829842,0,0.9808609664440154,0,0.6813563704490662,0
851,2017-07-07 19:04:30,0.08442414551973343,0,6,0.9387872815132143,0,0.38034483790397644,0,0.9894372403621674,0,0.09250014498829842,0,0.9808139801025391,0,0.6813563704490662,0
852,2017-07-07 19:05:00,0.07291537523269653,0,6,0.9387872815132143,0,0.38027153015136717,0,0.9894372403621674,0,0.09250014498829842,0,0.9807669937610626,0,0.6813563704490662,0
853,2017-07-07 19:05:30,0.0748765766620636,0,6,0.9387872815132143,0,0.380198222398758,0,0.9894372403621674,0,0.09250014498829842,0,0.9807200074195862,0,0.6813563704490662,0
854,2017-07-07 19:06:00,0.07362788170576096,0,6,0.9387872815132143,0,0.3801249146461487,0,0.9894372403621674,0,0.09250014498829842,0,0.9806730210781096,0,0.6813563704490662,0
855,2017-07-07 19:06:30,0.0761270523071289,0,6,0.9387872815132143,0,0.38005160689353945,0,0.9894372403621674,0,0.09250014498829842,0,0.9806260347366332,0,0.6813563704490662,0
856,2017-07-07 19:07:00,0.0718919187784195,0,6,0.9387872815132143,0,0.3799782991409302,0,0.9894372403621674,0,0.09250014498829842,0,0.9805790483951569,0,0.6813563704490662,0
857,2017-07-07 19:07:30,0.06998362392187119,0,6,0.9387872815132143,0,0.3799049913883209,0,0.9894372403621674,0,0.09250014498829842,0,0.9805320620536804,0,0.6813563704490662,0
858,2017-07-07 19:08:00,0.0687924325466156,0,6,0.9387872815132143,0,0.37983168363571174,0,0.9894372403621674,0,0.09250014498829842,0,0.980485075712204,0,0.6813563704490662,0
859,2017-07-07 19:08:30,0.06796999275684357,0,6,0.9387872815132143,0,0.37975837588310246,0,0.9894372403621674,0,0.09250014498829842,0,0.9804380893707274,0,0.6813563704490662,0
860,2017-07-07 19:09:00,0.06777844578027725,0,6,0.9387872815132143,0,0.3796850681304932,0,0.9894372403621674,0,0.09250014498829842,0,0.980391103029251,0,0.6813563704490662,0
861,2017-07-07 19:09:30,0.07163035124540329,0,6,0.9387872815132143,0,0.3796117603778839,0,0.9894372403621674,0,0.09250014498829842,0,0.9803441166877747,0,0.6813563704490662,0
862,2017-07-07 19:10:00,0.06593391299247742,0,6,0.9387872815132143,0,0.3774870097637172,0,0.9894372403621674,0,0.09250014498829842,0,0.9802785366773604,0,0.6813563704490662,0
863,2017-07-07 19:10:30,0.06650920957326889,0,6,0.9387872815132143,0,0.37536225914955285,0,0.9894372403621674,0,0.09250014498829842,0,0.9802129566669464,0,0.6813563704490662,0
864,2017-07-07 19:11:00,0.0650349110364914,0,6,0.9387872815132143,0,0.3732375085353861,0,0.9894372403621674,0,0.09250014498829842,0,0.9801473766565322,0,0.6813563704490662,0
865,2017-07-07 19:11:30,0.06533393263816833,0,6,0.9387872815132143,0,0.37111275792121934,0,0.9894372403621674,0,0.09250014498829842,0,0.980081796646118,0,0.6813563704490662,0
866,2017-07-07 19:12:00,0.06350542604923248,0,6,0.9387872815132143,0,0.3689880073070526,0,0.9894372403621674,0,0.09250014498829842,0,0.980016216635704,0,0.6813563704490662,0
867,2017-07-07 19:12:30,0.05818508565425873,0,6,0.9387872815132143,0,0.3668632566928859,0,0.9894372403621674,0,0.09250014498829842,0,0.9799506366252898,0,0.6813563704490662,0
868,2017-07-07 19:13:00,0.05971311405301094,0,6,0.9387872815132143,0,0.36473850607872155,0,0.9894372403621674,0,0.09250014498829842,0,0.9798850566148758,0,0.6813563704490662,0
869,2017-07-07 19:13:30,0.06272965669631958,0,6,0.9387872815132143,0,0.3626137554645548,0,0.9894372403621674,0,0.09250014498829842,0,0.9798194766044616,0,0.6813563704490662,0
870,2017-07-07 19:14:00,0.06209801509976387,0,6,0.9387872815132143,0,0.36048900485038804,0,0.9894123494625091,0,0.09250014498829842,0,0.9797538965940474,0,0.6813563704490662,0
871,2017-07-07 19:14:30,0.06342877447605133,0,6,0.9387872815132143,0,0.3583642542362213,0,0.9893120467662812,0,0.09250014498829842,0,0.9796883165836334,0,0.6813563704490662,0
872,2017-07-07 19:15:00,0.06356760859489441,0,6,0.9387872815132143,0,0.3575401008129118,0,0.9891533613204956,0,0.09250014498829842,0,0.9796227365732192,0,0.6813563704490662,0
873,2017-07-07 19:15:30,0.06086006760597229,0,6,0.9387872815132143,0,0.3567159473896032,0,0.9887280583381652,0,0.09250014498829842,0,0.9795571565628052,0,0.6813563704490662,0
874,2017-07-07 19:16:00,0.0677960216999054,0,6,0.9387872815132143,0,0.3558917939662937,0,0.9885758757591248,0,0.09250014498829842,0,0.9794915765523909,0,0.6813563704490662,0
875,2017-07-07 19:16:30,0.070604607462883,0,0,0.9387872815132143,0,0.3550676405429842,0,0.9885758757591248,0,0.08913315758109093,0,0.9794259965419768,0,0.6813563704490662,0
876,2017-07-07 19:17:00,0.0488995686173439,0,0,0.9387872815132143,0,0.3542434871196747,0,0.9885758757591248,0,0.08913315758109093,0,0.9793604165315628,0,0.6813563704490662,0
877,2017-07-07 19:17:30,0.06113133952021599,0,0,0.9387872815132143,0,0.3534193336963652,0,0.9885758757591248,0,0.08913315758109093,0,0.9792948365211486,0,0.6813563704490662,0
878,2017-07-07 19:18:00,0.0822080746293068,0,0,0.9387872815132143,0,0.3525951802730566,0,0.9885758757591248,0,0.08913315758109093,0,0.9792292565107346,0,0.6813563704490662,0
879,2017-07-07 19:18:30,0.12208843231201172,0,0,0.9387872815132143,0,0.3517710268497471,0,0.9885758757591248,0,0.08913315758109093,1,0.9791636765003203,0,0.6813563704490662,0
880,2017-07-07 19:19:00,0.09873209148645401,0,0,0.9387872815132143,0,0.35094687342643754,0,0.9885758757591248,0,0.09250014498829842,1,0.9790980964899062,0,0.6813563704490662,0
881,2017-07-07 19:19:30,0.18207362294197083,0,0,0.9387872815132143,0,0.35012272000312805,0,0.9885758757591248,0,0.09260292425751686,1,0.9790325164794922,0,0.6813563704490662,0
882,2017-07-07 19:20:00,0.2359418123960495,0,0,0.9387872815132143,0,0.34740562736988007,0,0.9885758757591248,0,0.09336791783571244,1,0.9790179461240768,0,0.6813563704490662,0
883,2017-07-07 19:20:30,0.41949811577796936,0,0,0.9387872815132143,0,0.34468853473663513,1,0.9885758757591248,0,0.09519320130348206,1,0.9790033757686615,0,0.6813563704490662,0
884,2017-07-07 19:21:00,0.24303460121154785,0,0,0.9387872815132143,0,0.3558917939662937,0,0.9885758757591248,0,0.09688530042767525,1,0.9789888054132462,0,0.6813563704490662,0
885,2017-07-07 19:21:30,0.6539612412452698,0,0,0.9387872815132143,0,0.3550676405429842,1,0.9885758757591248,0,0.09814063757658005,1,0.9789742350578308,0,0.6813563704490662,0
886,2017-07-07 19:22:00,0.7139054536819458,0,0,0.9387872815132143,0,0.3689880073070526,1,0.9885758757591248,0,0.10106772556900981,1,0.9789596647024155,0,0.6813563704490662,1
887,2017-07-07 19:22:30,0.8510829210281372,0,0,0.9387872815132143,0,0.3799049913883209,1,0.9885758757591248,0,0.12808695137500772,1,0.978945094347,0,0.6813563704490662,1
888,2017-07-07 19:23:00,0.9860740303993225,0,0,0.9387872815132143,1,0.3843777000904092,1,0.9885758757591248,0,0.18746044188737876,1,0.9789305239915848,1,0.6813563704490662,1
889,2017-07-07 19:23:30,0.9888933897018433,0,0,0.9387872815132143,1,0.39860649704933276,1,0.9863230288028717,1,0.23665109127759934,1,0.9798194766044616,1,0.6813563704490662,1
890,2017-07-07 19:24:00,0.9896140694618225,0,0,0.9387872815132143,1,0.41790502071380614,1,0.9863230288028717,1,0.26068095266819025,1,0.9808609664440154,1,0.6813563704490662,1
891,2017-07-07 19:24:30,0.9904334545135498,0,0,0.9387872815132143,1,0.4181154668331146,1,0.986334890127182,1,0.4429444283246997,1,0.9820126593112946,1,0.6813563704490662,1
892,2017-07-07 19:25:00,0.989981472492218,0,0,0.9387872815132143,1,0.4193598508834839,1,0.9863559663295746,1,0.6599556624889374,1,0.9828815132379531,1,0.6813563704490662,1
893,2017-07-07 19:25:30,0.9909378290176392,0,0,0.9387872815132143,1,0.429076701402665,1,0.9863559663295746,1,0.7276232004165651,1,0.9832725644111633,1,0.6813563704490662,1
894,2017-07-07 19:26:00,0.9902909398078918,0,0,0.9387872815132143,1,0.4468110680580149,1,0.9863559663295746,1,0.864582031965256,1,0.9836350530385971,1,0.6813563704490662,1
895,2017-07-07 19:26:30,0.9907931089401245,0,0,0.9387872815132143,1,0.4610362350940707,1,0.9863559663295746,1,0.9863559663295746,1,0.983721774816513,1,0.6813563704490662,1
896,2017-07-07 19:27:00,0.9904800653457642,0,0,0.9387872815132143,1,0.4924807697534561,1,0.9863559663295746,1,0.9889654576778412,1,0.9837961047887802,1,0.6813563704490662,1
897,2017-07-07 19:27:30,0.9907535314559937,0,0,0.9387872815132143,1,0.5411817431449878,1,0.9863559663295746,1,0.9896508097648621,1,0.983927047252655,1,0.6813563704490662,1
898,2017-07-07 19:28:00,0.9909853339195251,0,0,0.9387872815132143,1,0.5792526781559001,1,0.9863559663295746,1,0.9900124192237854,1,0.9843687146902084,1,0.6813563704490662,1
899,2017-07-07 19:28:30,0.9905456304550171,0,0,0.9387872815132143,1,0.5909818530082706,1,0.9863559663295746,1,0.9903051912784576,1,0.9848268270492554,1,0.6813563704490662,1
900,2017-07-07 19:29:00,0.9899767637252808,0,0,0.9387872815132143,1,0.5962335824966433,1,0.9863559663295746,1,0.9904381155967712,0,0.9849205940961837,1,0.6813563704490662,1
901,2017-07-07 19:29:30,0.9819102883338928,0,0,0.9387872815132143,1,0.6022120118141174,1,0.9863559663295746,0,0.9904381155967712,0,0.985271155834198,0,0.6813563704490662,1
902,2017-07-07 19:30:00,0.9843106865882874,0,0,0.9387872815132143,1,0.6123233497142789,1,0.9863559663295746,0,0.9904381155967712,0,0.9852527052164077,0,0.6813563704490662,1
903,2017-07-07 19:30:30,0.9862141013145447,0,0,0.9387872815132143,1,0.6437758684158351,1,0.9863559663295746,0,0.9904381155967712,0,0.9852342545986176,1,0.6813563704490662,1
904,2017-07-07 19:31:00,0.9781670570373535,0,0,0.9387872815132143,1,0.6531803071498872,1,0.9864820301532745,0,0.9904381155967712,0,0.9856659293174743,0,0.6813563704490662,1
905,2017-07-07 19:31:30,0.9785832762718201,0,0,0.9387872815132143,1,0.6552257418632508,1,0.9864820301532745,0,0.9904381155967712,0,0.9856427073478699,0,0.6813563704490662,1
906,2017-07-07 19:32:00,0.943615198135376,0,0,0.9387872815132143,1,0.6581997275352478,1,0.9864820301532745,0,0.9904381155967712,0,0.9856194853782654,0,0.6813563704490662,1
907,2017-07-07 19:32:30,0.9273403882980347,0,0,0.9387872815132143,0,0.6628634572029113,1,0.9864820301532745,0,0.9904381155967712,0,0.9855962634086609,0,0.6813563704490662,1
908,2017-07-07 19:33:00,0.9842463135719299,0,0,0.9387872815132143,1,0.6701142907142646,1,0.9864820301532745,0,0.9904381155967712,0,0.9855730414390564,0,0.6813563704490662,1
909,2017-07-07 19:33:30,0.9304193258285522,0,0,0.9387872815132143,0,0.6853157281875627,1,0.9864820301532745,0,0.9904381155967712,0,0.9855498194694519,0,0.6813563704490662,1
910,2017-07-07 19:34:00,0.9429259300231934,0,0,0.9387872815132143,1,0.7169297218322761,1,0.9864820301532745,0,0.9904381155967712,0,0.9855265974998474,0,0.6813563704490662,1
911,2017-07-07 19:34:30,0.9872607588768005,0,0,0.9387872815132143,1,0.7441481351852417,1,0.9864820301532745,1,0.9904381155967712,0,0.9855033755302429,1,0.6813563704490662,1
912,2017-07-07 19:35:00,0.8478899002075195,0,0,0.9387872815132143,0,0.7676551222801202,1,0.9874240219593048,0,0.9904381155967712,0,0.9857598423957825,0,0.6813563704490662,1
913,2017-07-07 19:35:30,0.6511566042900085,0,0,0.9387872815132143,0,0.8046581268310576,0,0.9874240219593048,0,0.9904381155967712,0,0.9857571482658386,0,0.6813563704490662,0
914,2017-07-07 19:36:00,0.7505687475204468,0,0,0.9387872815132143,0,0.8003592371940632,0,0.9874240219593048,0,0.9904381155967712,0,0.9857544541358948,0,0.6813563704490662,1
915,2017-07-07 19:36:30,0.9819029569625854,0,0,0.9387872815132143,1,0.7960603475570689,1,0.9874240219593048,0,0.9904381155967712,0,0.9857517600059509,0,0.6813563704490662,1
916,2017-07-07 19:37:00,0.9844094514846802,0,0,0.9387872815132143,1,0.8218408226966858,1,0.9874240219593048,0,0.9904381155967712,0,0.9857490658760071,0,0.6813563704490662,1
917,2017-07-07 19:37:30,0.4593779146671295,0,0,0.9387872815132143,0,0.8340146780014036,0,0.9874240219593048,0,0.9904381155967712,0,0.9857463717460633,0,0.6813563704490662,0
918,2017-07-07 19:38:00,0.9344375729560852,0,0,0.9387872815132143,0,0.833117443323136,1,0.9874240219593048,0,0.9904381155967712,0,0.9857436776161194,0,0.6813563704490662,1
919,2017-07-07 19:38:30,0.896268367767334,0,0,0.9387872815132143,0,0.8410964488983158,1,0.9874240219593048,0,0.9904381155967712,0,0.9857409834861756,0,0.6813563704490662,1
920,2017-07-07 19:39:00,0.4926377832889557,0,0,0.9387872815132143,0,0.8482092022895814,0,0.9874240219593048,0,0.9904381155967712,0,0.9857382893562316,0,0.6813563704490662,0
921,2017-07-07 19:39:30,0.11443669348955154,0,0,0.9387872815132143,0,0.8478899002075195,0,0.9874240219593048,0,0.9904381155967712,0,0.9857355952262878,0,0.6813563704490662,0
922,2017-07-07 19:40:00,0.5924805998802185,0,0,0.9387872815132143,0,0.8470407187938688,0,0.9874240219593048,0,0.9904381155967712,0,0.9857123732566834,0,0.6813563704490662,0
923,2017-07-07 19:40:30,0.7180296778678894,0,0,0.9387872815132143,0,0.8461915373802191,0,0.9874240219593048,0,0.9904381155967712,0,0.9856891512870789,0,0.6813563704490662,1
924,2017-07-07 19:41:00,0.06974125653505325,0,0,0.9387872815132143,0,0.8453423559665684,0,0.9874240219593048,0,0.9904381155967712,0,0.9856659293174743,0,0.6813563704490662,0
925,2017-07-07 19:41:30,0.054114192724227905,0,0,0.9387872815132143,0,0.8444931745529177,0,0.9874240219593048,0,0.9904381155967712,0,0.9856427073478699,0,0.6813563704490662,0
926,2017-07-07 19:42:00,0.43473875522613525,0,0,0.9387872815132143,0,0.843643993139267,0,0.9874240219593048,0,0.9904381155967712,0,0.9856194853782654,0,0.6813563704490662,0
927,2017-07-07 19:42:30,0.9596968293190002,0,0,0.9387872815132143,1,0.8427948117256162,1,0.9874240219593048,0,0.9904381155967712,0,0.9855962634086609,0,0.6813563704490662,1
928,2017-07-07 19:43:00,0.7632556557655334,0,0,0.9387872815132143,0,0.8488478064537051,0,0.9874240219593048,0,0.9904381155967712,0,0.9855730414390564,0,0.6813563704490662,1
929,2017-07-07 19:43:30,0.08673715591430664,0,0,0.9387872815132143,0,0.8485285043716432,0,0.9874240219593048,0,0.9904381155967712,0,0.9855498194694519,0,0.6813563704490662,0
930,2017-07-07 19:44:00,0.9483227729797363,0,0,0.9387872815132143,1,0.8482092022895814,1,0.9874240219593048,0,0.9904381155967712,0,0.9855265974998474,0,0.6813563704490662,1
931,2017-07-07 19:44:30,0.9850641489028931,0,0,0.9387872815132143,1,0.8510829210281372,1,0.9874240219593048,0,0.9904381155967712,0,0.9855033755302429,0,0.6813563704490662,1
932,2017-07-07 19:45:00,0.22645772993564606,0,0,0.9387872815132143,0,0.862540781497955,0,0.9874240219593048,0,0.9904381155967712,0,0.9854801535606384,0,0.6813563704490662,0
933,2017-07-07 19:45:30,0.08003406226634979,0,0,0.9387872815132143,0,0.8612676858901986,0,0.9874240219593048,0,0.9904381155967712,0,0.985456931591034,0,0.6813563704490662,0
934,2017-07-07 19:46:00,0.9832190871238708,0,0,0.9387872815132143,1,0.8599945902824407,1,0.9874240219593048,0,0.9904381155967712,0,0.9854337096214294,0,0.6813563704490662,1
935,2017-07-07 19:46:30,0.9875075817108154,0,0,0.9387872815132143,1,0.8832865715026863,1,0.9874240219593048,1,0.9904381155967712,0,0.9854104876518249,1,0.6813563704490662,1
936,2017-07-07 19:47:00,0.9887447953224182,0,0,0.9387872815132143,1,0.9024876058101654,1,0.9876461625099182,1,0.9904381155967712,0,0.9857490658760071,1,0.6813563704490662,1
937,2017-07-07 19:47:30,0.9878862500190735,0,0,0.9387872815132143,1,0.9161602616310115,1,0.9887596547603608,0,0.9904381155967712,0,0.9858067274093628,1,0.6813563704490662,1
938,2017-07-07 19:48:00,0.9892697930335999,0,0,0.9387872815132143,1,0.9278665125370027,1,0.9887596547603608,1,0.9904381155967712,0,0.9858839243650437,1,0.6813563704490662,1
939,2017-07-07 19:48:30,0.9896448254585266,0,0,0.9387872815132143,1,0.9293591737747193,1,0.9889310300350189,1,0.9904381155967712,0,0.9859447479248047,1,0.6813563704490662,1
940,2017-07-07 19:49:00,0.9890098571777344,0,0,0.9387872815132143,1,0.9308211505413057,1,0.9893042206764221,0,0.9904381155967712,0,0.9860781282186508,1,0.6813563704490662,1
941,2017-07-07 19:49:30,0.9889596700668335,0,0,0.9387872815132143,1,0.9344375729560852,1,0.9893042206764221,0,0.9904381155967712,0,0.9861559867858887,1,0.6813563704490662,1
942,2017-07-07 19:50:00,0.9883143901824951,0,0,0.9387872815132143,1,0.9373807609081267,1,0.9893042206764221,0,0.9904381155967712,0,0.9862111955881119,1,0.6813563704490662,1
943,2017-07-07 19:50:30,0.9872791171073914,0,0,0.9387872815132143,1,0.9405864477157595,1,0.9893042206764221,0,0.9904381155967712,0,0.9864190757274628,1,0.6813563704490662,1
944,2017-07-07 19:51:00,0.986345648765564,0,0,0.9387872815132143,1,0.9424399852752686,1,0.9893042206764221,0,0.9904381155967712,0,0.9868787258863448,0,0.6813563704490662,1
945,2017-07-07 19:51:30,0.8383510112762451,0,0,0.9387872815132143,0,0.943339490890503,0,0.9893042206764221,0,0.9904381155967712,0,0.98685302734375,0,0.6813563704490662,1
946,2017-07-07 19:52:00,0.8761088252067566,0,0,0.9387872815132143,0,0.9432705640792847,0,0.9893042206764221,0,0.9904381155967712,0,0.9868273288011551,0,0.6813563704490662,1
947,2017-07-07 19:52:30,0.8816684484481812,0,0,0.9387872815132143,0,0.9432016372680664,0,0.9893042206764221,0,0.9904381155967712,0,0.9868016302585602,0,0.6813563704490662,1
948,2017-07-07 19:53:00,0.8716680407524109,0,0,0.9387872815132143,0,0.9431327104568482,0,0.9893042206764221,0,0.9904381155967712,0,0.9867759317159652,0,0.6813563704490662,1
949,2017-07-07 19:53:30,0.06788748502731323,0,0,0.9387872815132143,0,0.9430637836456299,0,0.9893042206764221,0,0.9904381155967712,0,0.9867502331733703,0,0.6813563704490662,0
950,2017-07-07 19:54:00,0.8021358847618103,0,0,0.9387872815132143,0,0.9429948568344116,0,0.9893042206764221,0,0.9904381155967712,0,0.9867245346307755,0,0.6813563704490662,1
951,2017-07-07 19:54:30,0.7964866161346436,0,0,0.9387872815132143,0,0.9429259300231934,0,0.9893042206764221,0,0.9904381155967712,0,0.9866988360881805,0,0.6813563704490662,1
952,2017-07-07 19:55:00,0.022439585998654366,0,0,0.9387872815132143,0,0.9427639484405517,0,0.9893042206764221,0,0.9903098523616791,0,0.9866731375455856,0,0.6813563704490662,0
953,2017-07-07 19:55:30,0.015103386715054512,0,0,0.9387872815132143,0,0.9426019668579103,0,0.9893042206764221,0,0.9903098523616791,0,0.9866474390029907,0,0.6813563704490662,0
954,2017-07-07 19:56:00,0.7076196670532227,0,0,0.9387872815132143,0,0.9424399852752686,0,0.9893042206764221,0,0.9900081813335418,0,0.9866217404603957,0,0.6813563704490662,1
955,2017-07-07 19:56:30,0.7656078338623047,0,0,0.9387872815132143,0,0.942278003692627,0,0.9893042206764221,0,0.989678019285202,0,0.9865960419178009,0,0.6813563704490662,1
956,2017-07-07 19:57:00,0.01409667357802391,0,0,0.9387872815132143,0,0.9421160221099854,0,0.9893042206764221,0,0.9893072962760925,0,0.986570343375206,0,0.6813563704490662,0
957,2017-07-07 19:57:30,0.38126298785209656,0,0,0.9387872815132143,0,0.9419540405273437,0,0.9893042206764221,0,0.9890358507633209,0,0.9865446448326111,0,0.6813563704490662,0
958,2017-07-07 19:58:00,0.7864044308662415,0,0,0.9387872815132143,0,0.9417920589447023,0,0.9893042206764221,0,0.9889646887779235,0,0.9865189462900161,0,0.6813563704490662,1
959,2017-07-07 19:58:30,0.8824366331100464,0,0,0.9387872815132143,0,0.9416300773620606,0,0.9893042206764221,0,0.9887662827968597,0,0.9864932477474212,0,0.6813563704490662,1
960,2017-07-07 19:59:00,0.04058770835399628,0,0,0.9387872815132143,0,0.941468095779419,0,0.9893042206764221,0,0.9883574306964874,0,0.9864675492048264,0,0.6813563704490662,0
961,2017-07-07 19:59:30,0.0365641750395298,0,0,0.9387872815132143,0,0.9413061141967773,0,0.9893042206764221,0,0.9879290640354157,0,0.9864418506622314,0,0.6813563704490662,0
962,2017-07-07 20:00:00,0.35307830572128296,0,0,0.9387872815132143,0,0.9409462809562682,0,0.9893042206764221,0,0.9879290640354157,0,0.9864370405673981,0,0.6813563704490662,0
963,2017-07-07 20:00:30,0.8065323233604431,0,0,0.9387872815132143,0,0.9405864477157595,0,0.9893042206764221,0,0.9879290640354157,0,0.9864322304725647,0,0.6813563704490662,1
964,2017-07-07 20:01:00,0.23422780632972717,0,0,0.9387872815132143,0,0.9402266144752504,0,0.9893042206764221,0,0.9879290640354157,0,0.9864274203777313,0,0.6813563704490662,0
965,2017-07-07 20:01:30,0.031214676797389984,0,0,0.9387872815132143,0,0.9398667812347413,0,0.9893042206764221,0,0.9879290640354157,0,0.9864226102828979,0,0.6813563704490662,0
966,2017-07-07 20:02:00,0.015647627413272858,0,0,0.9387872815132143,0,0.9395069479942322,0,0.9893042206764221,0,0.9879290640354157,0,0.9864178001880646,0,0.6813563704490662,0
967,2017-07-07 20:02:30,0.011386139318346977,0,0,0.9387872815132143,0,0.939147114753723,0,0.9893042206764221,0,0.9879290640354157,0,0.9864129900932312,0,0.6813563704490662,0
